"Index","LT","Age","Country","Locality","Site","Date","GPS Latitude N","GPS Longitude E","End-Start (Intercept)","TransectLength","Depth [m]","ReefZone","Kingdom","Phylum","Class","Order","Family","Genus","Species","ScientificName","Rank","AphiaID"
1,"A1A2","Modern","Egypt","El Quseir","Mangrove Bay","22/10/2023",25.87015,34.41968333,5,2092,1,"Reef edge","Animalia","Cnidaria","Hexacorallia","Scleractinia","Acroporidae","Acropora","digitifera","Acropora sp.","Genus",207045
2,"A1A2","Modern","Egypt","El Quseir","Mangrove Bay","22/10/2023",25.87015,34.41968333,3,2092,1,"Reef edge","Animalia","Cnidaria","Hexacorallia","Scleractinia","Pocilloporidae","Pocillopora","verrucosa","Pocillopora verrucosa","Species",206954
3,"A1A2","Modern","Egypt","El Quseir","Mangrove Bay","22/10/2023",25.87015,34.41968333,5,2092,1,"Reef edge","Animalia","Cnidaria","Hexacorallia","Scleractinia","Pocilloporidae","Pocillopora","verrucosa","Pocillopora verrucosa","Species",206954
4,"A1A2","Modern","Egypt","El Quseir","Mangrove Bay","22/10/2023",25.87015,34.41968333,16,2092,1,"Reef edge","Animalia","Cnidaria","Hexacorallia","Scleractinia","Pocilloporidae","Pocillopora","verrucosa","Pocillopora verrucosa","Species",206954
5,"A1A2","Modern","Egypt","El Quseir","Mangrove Bay","22/10/2023",25.87015,34.41968333,6,2092,1,"Reef edge","Animalia","Cnidaria","Hexacorallia","Scleractinia","Pocilloporidae","Pocillopora","verrucosa","Pocillopora verrucosa","Species",206954
6,"A1A2","Modern","Egypt","El Quseir","Mangrove Bay","22/10/2023",25.87015,34.41968333,17,2092,1,"Reef edge","Animalia","Cnidaria","Hexacorallia","Scleractinia","Pocilloporidae","Pocillopora","verrucosa","Pocillopora verrucosa","Species",206954
7,"A1A2","Modern","Egypt","El Quseir","Mangrove Bay","22/10/2023",25.87015,34.41968333,27,2092,1,"Reef edge","Animalia","Cnidaria","Hexacorallia","Scleractinia","Pocilloporidae","Pocillopora","verrucosa","Pocillopora verrucosa","Species",206954
8,"A1A2","Modern","Egypt","El Quseir","Mangrove Bay","22/10/2023",25.87015,34.41968333,13,2092,1,"Reef edge","Animalia","Cnidaria","Hexacorallia","Scleractinia","Pocilloporidae","Pocillopora","verrucosa","Pocillopora verrucosa","Species",206954
9,"A1A2","Modern","Egypt","El Quseir","Mangrove Bay","22/10/2023",25.87015,34.41968333,8,2092,1,"Reef edge","Animalia","Cnidaria","Hexacorallia","Scleractinia","Pocilloporidae","Pocillopora","verrucosa","Pocillopora verrucosa","Species",206954
10,"A1A2","Modern","Egypt","El Quseir","Mangrove Bay","22/10/2023",25.87015,34.41968333,10,2092,1,"Reef edge","Animalia","Cnidaria","Hexacorallia","Scleractinia","Pocilloporidae","Pocillopora","verrucosa","Pocillopora verrucosa","Species",206954
11,"A1A2","Modern","Egypt","El Quseir","Mangrove Bay","22/10/2023",25.87015,34.41968333,18,2092,1,"Reef edge","Animalia","Cnidaria","Hexacorallia","Scleractinia","Pocilloporidae","Pocillopora","verrucosa","Pocillopora verrucosa","Species",206954
12,"A1A2","Modern","Egypt","El Quseir","Mangrove Bay","22/10/2023",25.87015,34.41968333,13,2092,1,"Reef edge","Animalia","Cnidaria","Hexacorallia","Scleractinia","Pocilloporidae","Pocillopora","verrucosa","Pocillopora verrucosa","Species",206954
13,"A1A2","Modern","Egypt","El Quseir","Mangrove Bay","22/10/2023",25.87015,34.41968333,12,2092,1,"Reef edge","Animalia","Cnidaria","Hexacorallia","Scleractinia","Pocilloporidae","Pocillopora","verrucosa","Pocillopora verrucosa","Species",206954
14,"A1A2","Modern","Egypt","El Quseir","Mangrove Bay","22/10/2023",25.87015,34.41968333,5,2092,1,"Reef edge","Animalia","Cnidaria","Hexacorallia","Scleractinia","Pocilloporidae","Pocillopora","verrucosa","Pocillopora verrucosa","Species",206954
15,"A1A2","Modern","Egypt","El Quseir","Mangrove Bay","22/10/2023",25.87015,34.41968333,24,2092,1,"Reef edge","Animalia","Cnidaria","Hexacorallia","Scleractinia","Pocilloporidae","Pocillopora","verrucosa","Pocillopora verrucosa","Species",206954
16,"A1A2","Modern","Egypt","El Quseir","Mangrove Bay","22/10/2023",25.87015,34.41968333,11,2092,1,"Reef edge","Animalia","Cnidaria","Hexacorallia","Scleractinia","Acroporidae","Montipora","sp.","Montipora sp.","Genus",203834
17,"A1A2","Modern","Egypt","El Quseir","Mangrove Bay","22/10/2023",25.87015,34.41968333,2,2092,1,"Reef edge","Animalia","Cnidaria","Hexacorallia","Scleractinia","Merulinidae","Cyphastrea","sp.","Cyphastrea sp.","Genus",206488
18,"A1A2","Modern","Egypt","El Quseir","Mangrove Bay","22/10/2023",25.87015,34.41968333,8,2092,1,"Reef edge","Animalia","Cnidaria","Hexacorallia","Scleractinia","Poritidae","Porites","sp.","Porites sp.","Genus",206485
19,"A1A2","Modern","Egypt","El Quseir","Mangrove Bay","22/10/2023",25.87015,34.41968333,5,2092,1,"Reef edge","Animalia","Cnidaria","Hexacorallia","Scleractinia","Poritidae","Porites","sp.","Porites sp.","Genus",206485
20,"A1A2","Modern","Egypt","El Quseir","Mangrove Bay","22/10/2023",25.87015,34.41968333,29,2092,1,"Reef edge","Animalia","Cnidaria","Hexacorallia","Scleractinia","Poritidae","Porites","sp.","Porites sp.","Genus",206485
21,"A1A2","Modern","Egypt","El Quseir","Mangrove Bay","22/10/2023",25.87015,34.41968333,5,2092,1,"Reef edge","Animalia","Cnidaria","Hexacorallia","Scleractinia","Poritidae","Porites","sp.","Porites sp.","Genus",206485
22,"A1A2","Modern","Egypt","El Quseir","Mangrove Bay","22/10/2023",25.87015,34.41968333,8,2092,1,"Reef edge","Animalia","Cnidaria","Hexacorallia","Scleractinia","Poritidae","Porites","sp.","Porites sp.","Genus",206485
23,"A1A2","Modern","Egypt","El Quseir","Mangrove Bay","22/10/2023",25.87015,34.41968333,12,2092,1,"Reef edge","Animalia","Cnidaria","Hexacorallia","Scleractinia","Merulinidae","Goniastrea","edwardsi","Goniastrea edwardsi","Species",207466
24,"A1A2","Modern","Egypt","El Quseir","Mangrove Bay","22/10/2023",25.87015,34.41968333,7,2092,1,"Reef edge","Animalia","Cnidaria","Hexacorallia","Scleractinia","Poritidae","Porites","sp.","Porites sp.","Genus",206485
25,"A1A2","Modern","Egypt","El Quseir","Mangrove Bay","22/10/2023",25.87015,34.41968333,10,2092,1,"Reef edge","Animalia","Cnidaria","Hexacorallia","Scleractinia","Poritidae","Porites","sp.","Porites sp.","Genus",206485
26,"A1A2","Modern","Egypt","El Quseir","Mangrove Bay","22/10/2023",25.87015,34.41968333,6,2092,1,"Reef edge","Animalia","Cnidaria","Hexacorallia","Scleractinia","Merulinidae","Dipsastraea","matthaii","Dipsastraea matthaii","Species",758240
27,"A1A2","Modern","Egypt","El Quseir","Mangrove Bay","22/10/2023",25.87015,34.41968333,5,2092,1,"Reef edge","Animalia","Cnidaria","Hydrozoa","Anthoathecata","Milleporidae","Millepora","exaesa","Millepora sp.","Genus",210728
28,"A1A2","Modern","Egypt","El Quseir","Mangrove Bay","22/10/2023",25.87015,34.41968333,19,2092,1,"Reef edge","Animalia","Cnidaria","Hydrozoa","Anthoathecata","Milleporidae","Millepora","exaesa","Millepora sp.","Genus",210728
29,"A1A2","Modern","Egypt","El Quseir","Mangrove Bay","22/10/2023",25.87015,34.41968333,5,2092,1,"Reef edge","Animalia","Cnidaria","Hydrozoa","Anthoathecata","Milleporidae","Millepora","dichotoma","Millepora sp.","Genus",210733
30,"A1A2","Modern","Egypt","El Quseir","Mangrove Bay","22/10/2023",25.87015,34.41968333,28,2092,1,"Reef edge","Animalia","Cnidaria","Hydrozoa","Anthoathecata","Milleporidae","Millepora","dichotoma","Millepora sp.","Genus",210733
31,"A1A2","Modern","Egypt","El Quseir","Mangrove Bay","22/10/2023",25.87015,34.41968333,2,2092,1,"Reef edge","Animalia","Cnidaria","Hydrozoa","Anthoathecata","Milleporidae","Millepora","platyphylla","Millepora sp.","Genus",210730
32,"A1A2","Modern","Egypt","El Quseir","Mangrove Bay","22/10/2023",25.87015,34.41968333,12,2092,1,"Reef edge","Animalia","Cnidaria","Hydrozoa","Anthoathecata","Milleporidae","Millepora","dichotoma","Millepora sp.","Genus",210733
33,"A1A2","Modern","Egypt","El Quseir","Mangrove Bay","22/10/2023",25.87015,34.41968333,9,2092,1,"Reef edge","Animalia","Cnidaria","Hydrozoa","Anthoathecata","Milleporidae","Millepora","dichotoma","Millepora sp.","Genus",210733
34,"A1A2","Modern","Egypt","El Quseir","Mangrove Bay","22/10/2023",25.87015,34.41968333,2,2092,1,"Reef edge","Animalia","Cnidaria","Hydrozoa","Anthoathecata","Milleporidae","Millepora","platyphylla","Millepora sp.","Genus",210730
35,"A1A2","Modern","Egypt","El Quseir","Mangrove Bay","22/10/2023",25.87015,34.41968333,20,2092,1,"Reef edge","Animalia","Cnidaria","Hydrozoa","Anthoathecata","Milleporidae","Millepora","dichotoma","Millepora sp.","Genus",210733
36,"A1A2","Modern","Egypt","El Quseir","Mangrove Bay","22/10/2023",25.87015,34.41968333,8,2092,1,"Reef edge","Animalia","Cnidaria","Hydrozoa","Anthoathecata","Milleporidae","Millepora","dichotoma","Millepora sp.","Genus",210733
37,"A1A2","Modern","Egypt","El Quseir","Mangrove Bay","22/10/2023",25.87015,34.41968333,33,2092,1,"Reef edge","Animalia","Cnidaria","Hydrozoa","Anthoathecata","Milleporidae","Millepora","dichotoma","Millepora sp.","Genus",210733
38,"A1A2","Modern","Egypt","El Quseir","Mangrove Bay","22/10/2023",25.87015,34.41968333,31,2092,1,"Reef edge","Animalia","Cnidaria","Hydrozoa","Anthoathecata","Milleporidae","Millepora","dichotoma","Millepora sp.","Genus",210733
39,"A1A2","Modern","Egypt","El Quseir","Mangrove Bay","22/10/2023",25.87015,34.41968333,93,2092,1,"Reef edge","Animalia","Cnidaria","Hydrozoa","Anthoathecata","Milleporidae","Millepora","dichotoma","Millepora sp.","Genus",210733
40,"A1A2","Modern","Egypt","El Quseir","Mangrove Bay","22/10/2023",25.87015,34.41968333,10,2092,1,"Reef edge","Animalia","Cnidaria","Hydrozoa","Anthoathecata","Milleporidae","Millepora","dichotoma","Millepora sp.","Genus",210733
41,"A1A2","Modern","Egypt","El Quseir","Mangrove Bay","22/10/2023",25.87015,34.41968333,11,2092,1,"Reef edge","Animalia","Cnidaria","Hydrozoa","Anthoathecata","Milleporidae","Millepora","exaesa","Millepora sp.","Genus",210728
42,"A1A2","Modern","Egypt","El Quseir","Mangrove Bay","22/10/2023",25.87015,34.41968333,78,2092,1,"Reef edge","Animalia","Cnidaria","Hydrozoa","Anthoathecata","Milleporidae","Millepora","dichotoma","Millepora sp.","Genus",210733
43,"A1A2","Modern","Egypt","El Quseir","Mangrove Bay","22/10/2023",25.87015,34.41968333,9,2092,1,"Reef edge","Animalia","Cnidaria","Hydrozoa","Anthoathecata","Milleporidae","Millepora","exaesa","Millepora sp.","Genus",210728
44,"A1A2","Modern","Egypt","El Quseir","Mangrove Bay","22/10/2023",25.87015,34.41968333,37,2092,1,"Reef edge","Animalia","Cnidaria","Hydrozoa","Anthoathecata","Milleporidae","Millepora","dichotoma","Millepora sp.","Genus",210733
45,"A1A2","Modern","Egypt","El Quseir","Mangrove Bay","22/10/2023",25.87015,34.41968333,236,2092,1,"Reef edge","Animalia","Cnidaria","Hydrozoa","Anthoathecata","Milleporidae","Millepora","dichotoma","Millepora sp.","Genus",210733
46,"A1A2","Modern","Egypt","El Quseir","Mangrove Bay","22/10/2023",25.87015,34.41968333,21,2092,1,"Reef edge","Animalia","Cnidaria","Hydrozoa","Anthoathecata","Milleporidae","Millepora","platyphylla","Millepora sp.","Genus",210730
47,"A1A2","Modern","Egypt","El Quseir","Mangrove Bay","22/10/2023",25.87015,34.41968333,12,2092,1,"Reef edge","Animalia","Cnidaria","Hydrozoa","Anthoathecata","Milleporidae","Millepora","dichotoma","Millepora sp.","Genus",210733
48,"A1A2","Modern","Egypt","El Quseir","Mangrove Bay","22/10/2023",25.87015,34.41968333,50,2092,1,"Reef edge","Animalia","Cnidaria","Hydrozoa","Anthoathecata","Milleporidae","Millepora","dichotoma","Millepora sp.","Genus",210733
49,"A1A2","Modern","Egypt","El Quseir","Mangrove Bay","22/10/2023",25.87015,34.41968333,26,2092,1,"Reef edge","Animalia","Cnidaria","Hydrozoa","Anthoathecata","Milleporidae","Millepora","dichotoma","Millepora sp.","Genus",210733
50,"A1A2","Modern","Egypt","El Quseir","Mangrove Bay","22/10/2023",25.87015,34.41968333,11,2092,1,"Reef edge","Animalia","Cnidaria","Hydrozoa","Anthoathecata","Milleporidae","Millepora","dichotoma","Millepora sp.","Genus",210733
51,"A1A2","Modern","Egypt","El Quseir","Mangrove Bay","22/10/2023",25.87015,34.41968333,75,2092,1,"Reef edge","Animalia","Cnidaria","Hydrozoa","Anthoathecata","Milleporidae","Millepora","dichotoma","Millepora sp.","Genus",210733
52,"A1A2","Modern","Egypt","El Quseir","Mangrove Bay","22/10/2023",25.87015,34.41968333,15,2092,1,"Reef edge","Animalia","Cnidaria","Hydrozoa","Anthoathecata","Milleporidae","Millepora","dichotoma","Millepora sp.","Genus",210733
53,"A3A4","Modern","Egypt","El Quseir","Mangrove Bay","23/10/2023",25.87015,34.41968333,18,2100,1,"Reef edge","Animalia","Cnidaria","Hexacorallia","Scleractinia","Acroporidae","Acropora","sp.","Acropora sp.","Genus",205469
54,"A3A4","Modern","Egypt","El Quseir","Mangrove Bay","23/10/2023",25.87015,34.41968333,12,2100,1,"Reef edge","Animalia","Cnidaria","Hexacorallia","Scleractinia","Acroporidae","Acropora","sp.","Acropora sp.","Genus",205469
55,"A3A4","Modern","Egypt","El Quseir","Mangrove Bay","23/10/2023",25.87015,34.41968333,8,2100,1,"Reef edge","Animalia","Cnidaria","Hexacorallia","Scleractinia","Pocilloporidae","Pocillopora","verrucosa","Pocillopora verrucosa","Species",206954
56,"A3A4","Modern","Egypt","El Quseir","Mangrove Bay","23/10/2023",25.87015,34.41968333,3,2100,1,"Reef edge","Animalia","Cnidaria","Hexacorallia","Scleractinia","Pocilloporidae","Pocillopora","verrucosa","Pocillopora verrucosa","Species",206954
57,"A3A4","Modern","Egypt","El Quseir","Mangrove Bay","23/10/2023",25.87015,34.41968333,3,2100,1,"Reef edge","Animalia","Cnidaria","Hexacorallia","Scleractinia","Pocilloporidae","Pocillopora","verrucosa","Pocillopora verrucosa","Species",206954
58,"A3A4","Modern","Egypt","El Quseir","Mangrove Bay","23/10/2023",25.87015,34.41968333,19,2100,1,"Reef edge","Animalia","Cnidaria","Hexacorallia","Scleractinia","Pocilloporidae","Pocillopora","verrucosa","Pocillopora verrucosa","Species",206954
59,"A3A4","Modern","Egypt","El Quseir","Mangrove Bay","23/10/2023",25.87015,34.41968333,12,2100,1,"Reef edge","Animalia","Cnidaria","Hexacorallia","Scleractinia","Pocilloporidae","Pocillopora","verrucosa","Pocillopora verrucosa","Species",206954
60,"A3A4","Modern","Egypt","El Quseir","Mangrove Bay","23/10/2023",25.87015,34.41968333,26,2100,1,"Reef edge","Animalia","Cnidaria","Hexacorallia","Scleractinia","Pocilloporidae","Pocillopora","verrucosa","Pocillopora verrucosa","Species",206954
61,"A3A4","Modern","Egypt","El Quseir","Mangrove Bay","23/10/2023",25.87015,34.41968333,27,2100,1,"Reef edge","Animalia","Cnidaria","Hexacorallia","Scleractinia","Pocilloporidae","Pocillopora","verrucosa","Pocillopora verrucosa","Species",206954
62,"A3A4","Modern","Egypt","El Quseir","Mangrove Bay","23/10/2023",25.87015,34.41968333,30,2100,1,"Reef edge","Animalia","Cnidaria","Hexacorallia","Scleractinia","Pocilloporidae","Pocillopora","verrucosa","Pocillopora verrucosa","Species",206954
63,"A3A4","Modern","Egypt","El Quseir","Mangrove Bay","23/10/2023",25.87015,34.41968333,30,2100,1,"Reef edge","Animalia","Cnidaria","Hexacorallia","Scleractinia","Pocilloporidae","Pocillopora","verrucosa","Pocillopora verrucosa","Species",206954
64,"A3A4","Modern","Egypt","El Quseir","Mangrove Bay","23/10/2023",25.87015,34.41968333,15,2100,1,"Reef edge","Animalia","Cnidaria","Hexacorallia","Scleractinia","Pocilloporidae","Pocillopora","verrucosa","Pocillopora verrucosa","Species",206954
65,"A3A4","Modern","Egypt","El Quseir","Mangrove Bay","23/10/2023",25.87015,34.41968333,3,2100,1,"Reef edge","Animalia","Cnidaria","Hexacorallia","Scleractinia","Pocilloporidae","Pocillopora","verrucosa","Pocillopora verrucosa","Species",206954
66,"A3A4","Modern","Egypt","El Quseir","Mangrove Bay","23/10/2023",25.87015,34.41968333,50,2100,1,"Reef edge","Animalia","Cnidaria","Hexacorallia","Scleractinia","Pocilloporidae","Pocillopora","verrucosa","Pocillopora verrucosa","Species",206954
67,"A3A4","Modern","Egypt","El Quseir","Mangrove Bay","23/10/2023",25.87015,34.41968333,10,2100,1,"Reef edge","Animalia","Cnidaria","Hexacorallia","Scleractinia","Pocilloporidae","Pocillopora","verrucosa","Pocillopora verrucosa","Species",206954
68,"A3A4","Modern","Egypt","El Quseir","Mangrove Bay","23/10/2023",25.87015,34.41968333,11,2100,1,"Reef edge","Animalia","Cnidaria","Hexacorallia","Scleractinia","Pocilloporidae","Pocillopora","verrucosa","Pocillopora verrucosa","Species",206954
69,"A3A4","Modern","Egypt","El Quseir","Mangrove Bay","23/10/2023",25.87015,34.41968333,7,2100,1,"Reef edge","Animalia","Cnidaria","Hexacorallia","Scleractinia","Acroporidae","Montipora","tuberculosa","Montipora tuberculosa","Species",207156
70,"A3A4","Modern","Egypt","El Quseir","Mangrove Bay","23/10/2023",25.87015,34.41968333,3,2100,1,"Reef edge","Animalia","Cnidaria","Hexacorallia","Scleractinia","Merulinidae","Dipsastraea","pallida","Dipsastraea pallida","Species",758233
71,"A3A4","Modern","Egypt","El Quseir","Mangrove Bay","23/10/2023",25.87015,34.41968333,4,2100,1,"Reef edge","Animalia","Cnidaria","Hexacorallia","Scleractinia","Merulinidae","Dipsastraea","matthaii","Dipsastraea matthaii","Species",758240
72,"A3A4","Modern","Egypt","El Quseir","Mangrove Bay","23/10/2023",25.87015,34.41968333,43,2100,1,"Reef edge","Animalia","Cnidaria","Hydrozoa","Anthoathecata","Milleporidae","Millepora","dichotoma","Millepora sp.","Genus",210733
73,"A3A4","Modern","Egypt","El Quseir","Mangrove Bay","23/10/2023",25.87015,34.41968333,4,2100,1,"Reef edge","Animalia","Cnidaria","Hydrozoa","Anthoathecata","Milleporidae","Millepora","exaesa","Millepora sp.","Genus",210728
74,"A3A4","Modern","Egypt","El Quseir","Mangrove Bay","23/10/2023",25.87015,34.41968333,11,2100,1,"Reef edge","Animalia","Cnidaria","Hydrozoa","Anthoathecata","Milleporidae","Millepora","exaesa","Millepora sp.","Genus",210728
75,"A3A4","Modern","Egypt","El Quseir","Mangrove Bay","23/10/2023",25.87015,34.41968333,3,2100,1,"Reef edge","Animalia","Cnidaria","Hydrozoa","Anthoathecata","Milleporidae","Millepora","exaesa","Millepora sp.","Genus",210728
76,"A3A4","Modern","Egypt","El Quseir","Mangrove Bay","23/10/2023",25.87015,34.41968333,145,2100,1,"Reef edge","Animalia","Cnidaria","Hydrozoa","Anthoathecata","Milleporidae","Millepora","dichotoma","Millepora sp.","Genus",210733
77,"A3A4","Modern","Egypt","El Quseir","Mangrove Bay","23/10/2023",25.87015,34.41968333,26,2100,1,"Reef edge","Animalia","Cnidaria","Hydrozoa","Anthoathecata","Milleporidae","Millepora","dichotoma","Millepora sp.","Genus",210733
78,"A3A4","Modern","Egypt","El Quseir","Mangrove Bay","23/10/2023",25.87015,34.41968333,20,2100,1,"Reef edge","Animalia","Cnidaria","Hydrozoa","Anthoathecata","Milleporidae","Millepora","dichotoma","Millepora sp.","Genus",210733
79,"A3A4","Modern","Egypt","El Quseir","Mangrove Bay","23/10/2023",25.87015,34.41968333,4,2100,1,"Reef edge","Animalia","Cnidaria","Hydrozoa","Anthoathecata","Milleporidae","Millepora","platyphylla","Millepora sp.","Genus",210730
80,"A3A4","Modern","Egypt","El Quseir","Mangrove Bay","23/10/2023",25.87015,34.41968333,10,2100,1,"Reef edge","Animalia","Cnidaria","Hydrozoa","Anthoathecata","Milleporidae","Millepora","dichotoma","Millepora sp.","Genus",210733
81,"A3A4","Modern","Egypt","El Quseir","Mangrove Bay","23/10/2023",25.87015,34.41968333,15,2100,1,"Reef edge","Animalia","Cnidaria","Hydrozoa","Anthoathecata","Milleporidae","Millepora","dichotoma","Millepora sp.","Genus",210733
82,"A3A4","Modern","Egypt","El Quseir","Mangrove Bay","23/10/2023",25.87015,34.41968333,63,2100,1,"Reef edge","Animalia","Cnidaria","Hydrozoa","Anthoathecata","Milleporidae","Millepora","dichotoma","Millepora sp.","Genus",210733
83,"A3A4","Modern","Egypt","El Quseir","Mangrove Bay","23/10/2023",25.87015,34.41968333,46,2100,1,"Reef edge","Animalia","Cnidaria","Hydrozoa","Anthoathecata","Milleporidae","Millepora","dichotoma","Millepora sp.","Genus",210733
84,"A3A4","Modern","Egypt","El Quseir","Mangrove Bay","23/10/2023",25.87015,34.41968333,6,2100,1,"Reef edge","Animalia","Cnidaria","Hydrozoa","Anthoathecata","Milleporidae","Millepora","dichotoma","Millepora sp.","Genus",210733
85,"A3A4","Modern","Egypt","El Quseir","Mangrove Bay","23/10/2023",25.87015,34.41968333,5,2100,1,"Reef edge","Animalia","Cnidaria","Hydrozoa","Anthoathecata","Milleporidae","Millepora","platyphylla","Millepora sp.","Genus",210730
86,"A3A4","Modern","Egypt","El Quseir","Mangrove Bay","23/10/2023",25.87015,34.41968333,100,2100,1,"Reef edge","Animalia","Cnidaria","Hydrozoa","Anthoathecata","Milleporidae","Millepora","dichotoma","Millepora sp.","Genus",210733
87,"A3A4","Modern","Egypt","El Quseir","Mangrove Bay","23/10/2023",25.87015,34.41968333,9,2100,1,"Reef edge","Animalia","Cnidaria","Hydrozoa","Anthoathecata","Milleporidae","Millepora","exaesa","Millepora sp.","Genus",210728
88,"A3A4","Modern","Egypt","El Quseir","Mangrove Bay","23/10/2023",25.87015,34.41968333,113,2100,1,"Reef edge","Animalia","Cnidaria","Hydrozoa","Anthoathecata","Milleporidae","Millepora","dichotoma","Millepora sp.","Genus",210733
89,"A3A4","Modern","Egypt","El Quseir","Mangrove Bay","23/10/2023",25.87015,34.41968333,10,2100,1,"Reef edge","Animalia","Cnidaria","Hexacorallia","Scleractinia","Poritidae","Porites","sp.","Porites sp.","Genus",206485
90,"A3A4","Modern","Egypt","El Quseir","Mangrove Bay","23/10/2023",25.87015,34.41968333,5,2100,1,"Reef edge","Animalia","Cnidaria","Hexacorallia","Scleractinia","Poritidae","Porites","sp.","Porites sp.","Genus",206485
91,"A3A4","Modern","Egypt","El Quseir","Mangrove Bay","23/10/2023",25.87015,34.41968333,5,2100,1,"Reef edge","Animalia","Cnidaria","Hexacorallia","Scleractinia","Poritidae","Porites","sp.","Porites sp.","Genus",206485
92,"A3A4","Modern","Egypt","El Quseir","Mangrove Bay","23/10/2023",25.87015,34.41968333,4,2100,1,"Reef edge","Animalia","Cnidaria","Hexacorallia","Scleractinia","Merulinidae","Cyphastrea","sp.","Cyphastrea sp.","Genus",206488
93,"A3A4","Modern","Egypt","El Quseir","Mangrove Bay","23/10/2023",25.87015,34.41968333,2,2100,1,"Reef edge","Animalia","Cnidaria","Hexacorallia","Scleractinia","Merulinidae","Cyphastrea","sp.","Cyphastrea sp.","Genus",206488
94,"A5A6","Modern","Egypt","El Quseir","Mangrove Bay","24/10/2023",25.87015,34.41968333,11,2064,1,"Reef edge","Animalia","Cnidaria","Hexacorallia","Scleractinia","Acroporidae","Acropora","sp.","Acropora sp.","Genus",205469
95,"A5A6","Modern","Egypt","El Quseir","Mangrove Bay","24/10/2023",25.87015,34.41968333,6,2064,1,"Reef edge","Animalia","Cnidaria","Hexacorallia","Scleractinia","Acroporidae","Acropora","sp.","Acropora sp.","Genus",205469
96,"A5A6","Modern","Egypt","El Quseir","Mangrove Bay","24/10/2023",25.87015,34.41968333,16,2064,1,"Reef edge","Animalia","Cnidaria","Hexacorallia","Scleractinia","Pocilloporidae","Pocillopora","verrucosa","Pocillopora verrucosa","Species",206954
97,"A5A6","Modern","Egypt","El Quseir","Mangrove Bay","24/10/2023",25.87015,34.41968333,12,2064,1,"Reef edge","Animalia","Cnidaria","Hexacorallia","Scleractinia","Pocilloporidae","Pocillopora","verrucosa","Pocillopora verrucosa","Species",206954
98,"A5A6","Modern","Egypt","El Quseir","Mangrove Bay","24/10/2023",25.87015,34.41968333,9,2064,1,"Reef edge","Animalia","Cnidaria","Hexacorallia","Scleractinia","Pocilloporidae","Pocillopora","verrucosa","Pocillopora verrucosa","Species",206954
99,"A5A6","Modern","Egypt","El Quseir","Mangrove Bay","24/10/2023",25.87015,34.41968333,13,2064,1,"Reef edge","Animalia","Cnidaria","Hexacorallia","Scleractinia","Pocilloporidae","Pocillopora","verrucosa","Pocillopora verrucosa","Species",206954
100,"A5A6","Modern","Egypt","El Quseir","Mangrove Bay","24/10/2023",25.87015,34.41968333,3,2064,1,"Reef edge","Animalia","Cnidaria","Hexacorallia","Scleractinia","Pocilloporidae","Pocillopora","verrucosa","Pocillopora verrucosa","Species",206954
101,"A5A6","Modern","Egypt","El Quseir","Mangrove Bay","24/10/2023",25.87015,34.41968333,30,2064,1,"Reef edge","Animalia","Cnidaria","Hexacorallia","Scleractinia","Pocilloporidae","Pocillopora","verrucosa","Pocillopora verrucosa","Species",206954
102,"A5A6","Modern","Egypt","El Quseir","Mangrove Bay","24/10/2023",25.87015,34.41968333,15,2064,1,"Reef edge","Animalia","Cnidaria","Hexacorallia","Scleractinia","Pocilloporidae","Pocillopora","verrucosa","Pocillopora verrucosa","Species",206954
103,"A5A6","Modern","Egypt","El Quseir","Mangrove Bay","24/10/2023",25.87015,34.41968333,13,2064,1,"Reef edge","Animalia","Cnidaria","Hexacorallia","Scleractinia","Pocilloporidae","Pocillopora","verrucosa","Pocillopora verrucosa","Species",206954
104,"A5A6","Modern","Egypt","El Quseir","Mangrove Bay","24/10/2023",25.87015,34.41968333,8,2064,1,"Reef edge","Animalia","Cnidaria","Hexacorallia","Scleractinia","Pocilloporidae","Pocillopora","verrucosa","Pocillopora verrucosa","Species",206954
105,"A5A6","Modern","Egypt","El Quseir","Mangrove Bay","24/10/2023",25.87015,34.41968333,25,2064,1,"Reef edge","Animalia","Cnidaria","Hexacorallia","Scleractinia","Pocilloporidae","Pocillopora","verrucosa","Pocillopora verrucosa","Species",206954
106,"A5A6","Modern","Egypt","El Quseir","Mangrove Bay","24/10/2023",25.87015,34.41968333,7,2064,1,"Reef edge","Animalia","Cnidaria","Hexacorallia","Scleractinia","Pocilloporidae","Pocillopora","verrucosa","Pocillopora verrucosa","Species",206954
107,"A5A6","Modern","Egypt","El Quseir","Mangrove Bay","24/10/2023",25.87015,34.41968333,15,2064,1,"Reef edge","Animalia","Cnidaria","Hexacorallia","Scleractinia","Pocilloporidae","Pocillopora","verrucosa","Pocillopora verrucosa","Species",206954
108,"A5A6","Modern","Egypt","El Quseir","Mangrove Bay","24/10/2023",25.87015,34.41968333,8,2064,1,"Reef edge","Animalia","Cnidaria","Hexacorallia","Scleractinia","Pocilloporidae","Pocillopora","verrucosa","Pocillopora verrucosa","Species",206954
109,"A5A6","Modern","Egypt","El Quseir","Mangrove Bay","24/10/2023",25.87015,34.41968333,11,2064,1,"Reef edge","Animalia","Cnidaria","Hexacorallia","Scleractinia","Pocilloporidae","Pocillopora","verrucosa","Pocillopora verrucosa","Species",206954
110,"A5A6","Modern","Egypt","El Quseir","Mangrove Bay","24/10/2023",25.87015,34.41968333,15,2064,1,"Reef edge","Animalia","Cnidaria","Hexacorallia","Scleractinia","Pocilloporidae","Pocillopora","verrucosa","Pocillopora verrucosa","Species",206954
111,"A5A6","Modern","Egypt","El Quseir","Mangrove Bay","24/10/2023",25.87015,34.41968333,8,2064,1,"Reef edge","Animalia","Cnidaria","Hexacorallia","Scleractinia","Pocilloporidae","Pocillopora","verrucosa","Pocillopora verrucosa","Species",206954
112,"A5A6","Modern","Egypt","El Quseir","Mangrove Bay","24/10/2023",25.87015,34.41968333,20,2064,1,"Reef edge","Animalia","Cnidaria","Hexacorallia","Scleractinia","Pocilloporidae","Pocillopora","verrucosa","Pocillopora verrucosa","Species",206954
113,"A5A6","Modern","Egypt","El Quseir","Mangrove Bay","24/10/2023",25.87015,34.41968333,12,2064,1,"Reef edge","Animalia","Cnidaria","Hexacorallia","Scleractinia","Pocilloporidae","Pocillopora","verrucosa","Pocillopora verrucosa","Species",206954
114,"A5A6","Modern","Egypt","El Quseir","Mangrove Bay","24/10/2023",25.87015,34.41968333,15,2064,1,"Reef edge","Animalia","Cnidaria","Hexacorallia","Scleractinia","Pocilloporidae","Pocillopora","verrucosa","Pocillopora verrucosa","Species",206954
115,"A5A6","Modern","Egypt","El Quseir","Mangrove Bay","24/10/2023",25.87015,34.41968333,19,2064,1,"Reef edge","Animalia","Cnidaria","Hexacorallia","Scleractinia","Pocilloporidae","Stylophora","subseriata","Stylophora subseriata","Species",206980
116,"A5A6","Modern","Egypt","El Quseir","Mangrove Bay","24/10/2023",25.87015,34.41968333,14,2064,1,"Reef edge","Animalia","Cnidaria","Hexacorallia","Scleractinia","Pocilloporidae","Stylophora","subseriata","Stylophora subseriata","Species",206980
117,"A5A6","Modern","Egypt","El Quseir","Mangrove Bay","24/10/2023",25.87015,34.41968333,12,2064,1,"Reef edge","Animalia","Cnidaria","Hexacorallia","Scleractinia","Pocilloporidae","Pocillopora","verrucosa","Pocillopora verrucosa","Species",206954
118,"A5A6","Modern","Egypt","El Quseir","Mangrove Bay","24/10/2023",25.87015,34.41968333,3,2064,1,"Reef edge","Animalia","Cnidaria","Hexacorallia","Scleractinia","Acroporidae","Montipora","tuberculosa","Montipora tuberculosa","Species",207156
119,"A5A6","Modern","Egypt","El Quseir","Mangrove Bay","24/10/2023",25.87015,34.41968333,7,2064,1,"Reef edge","Animalia","Cnidaria","Hexacorallia","Scleractinia","Acroporidae","Montipora","tuberculosa","Montipora tuberculosa","Species",207156
120,"A5A6","Modern","Egypt","El Quseir","Mangrove Bay","24/10/2023",25.87015,34.41968333,4,2064,1,"Reef edge","Animalia","Cnidaria","Hexacorallia","Scleractinia","Acroporidae","Montipora","tuberculosa","Montipora tuberculosa","Species",207156
121,"A5A6","Modern","Egypt","El Quseir","Mangrove Bay","24/10/2023",25.87015,34.41968333,3,2064,1,"Reef edge","Animalia","Cnidaria","Hexacorallia","Scleractinia","Poritidae","Porites","sp.","Porites sp.","Genus",206485
122,"A5A6","Modern","Egypt","El Quseir","Mangrove Bay","24/10/2023",25.87015,34.41968333,7,2064,1,"Reef edge","Animalia","Cnidaria","Hexacorallia","Scleractinia","Poritidae","Porites","sp.","Porites sp.","Genus",206485
123,"A5A6","Modern","Egypt","El Quseir","Mangrove Bay","24/10/2023",25.87015,34.41968333,15,2064,1,"Reef edge","Animalia","Cnidaria","Hydrozoa","Anthoathecata","Milleporidae","Millepora","dichotoma","Millepora sp.","Genus",210733
124,"A5A6","Modern","Egypt","El Quseir","Mangrove Bay","24/10/2023",25.87015,34.41968333,82,2064,1,"Reef edge","Animalia","Cnidaria","Hydrozoa","Anthoathecata","Milleporidae","Millepora","dichotoma","Millepora sp.","Genus",210733
125,"A5A6","Modern","Egypt","El Quseir","Mangrove Bay","24/10/2023",25.87015,34.41968333,80,2064,1,"Reef edge","Animalia","Cnidaria","Hydrozoa","Anthoathecata","Milleporidae","Millepora","dichotoma","Millepora sp.","Genus",210733
126,"A5A6","Modern","Egypt","El Quseir","Mangrove Bay","24/10/2023",25.87015,34.41968333,42,2064,1,"Reef edge","Animalia","Cnidaria","Hydrozoa","Anthoathecata","Milleporidae","Millepora","dichotoma","Millepora sp.","Genus",210733
127,"A5A6","Modern","Egypt","El Quseir","Mangrove Bay","24/10/2023",25.87015,34.41968333,2,2064,1,"Reef edge","Animalia","Cnidaria","Hydrozoa","Anthoathecata","Milleporidae","Millepora","exaesa","Millepora sp.","Genus",210728
128,"A5A6","Modern","Egypt","El Quseir","Mangrove Bay","24/10/2023",25.87015,34.41968333,49,2064,1,"Reef edge","Animalia","Cnidaria","Hydrozoa","Anthoathecata","Milleporidae","Millepora","dichotoma","Millepora sp.","Genus",210733
129,"A5A6","Modern","Egypt","El Quseir","Mangrove Bay","24/10/2023",25.87015,34.41968333,8,2064,1,"Reef edge","Animalia","Cnidaria","Hexacorallia","Scleractinia","Poritidae","Porites","sp.","Porites sp.","Genus",206485
130,"A5A6","Modern","Egypt","El Quseir","Mangrove Bay","24/10/2023",25.87015,34.41968333,7,2064,1,"Reef edge","Animalia","Cnidaria","Hexacorallia","Scleractinia","Poritidae","Porites","sp.","Porites sp.","Genus",206485
131,"A5A6","Modern","Egypt","El Quseir","Mangrove Bay","24/10/2023",25.87015,34.41968333,3,2064,1,"Reef edge","Animalia","Cnidaria","Hexacorallia","Scleractinia","Poritidae","Porites","sp.","Porites sp.","Genus",206485
132,"A5A6","Modern","Egypt","El Quseir","Mangrove Bay","24/10/2023",25.87015,34.41968333,33,2064,1,"Reef edge","Animalia","Cnidaria","Hexacorallia","Scleractinia","Poritidae","Porites","sp.","Porites sp.","Genus",206485
133,"A5A6","Modern","Egypt","El Quseir","Mangrove Bay","24/10/2023",25.87015,34.41968333,7,2064,1,"Reef edge","Animalia","Cnidaria","Hexacorallia","Scleractinia","Poritidae","Porites","sp.","Porites sp.","Genus",206485
134,"A5A6","Modern","Egypt","El Quseir","Mangrove Bay","24/10/2023",25.87015,34.41968333,5,2064,1,"Reef edge","Animalia","Cnidaria","Hexacorallia","Scleractinia","Poritidae","Porites","sp.","Porites sp.","Genus",206485
135,"A5A6","Modern","Egypt","El Quseir","Mangrove Bay","24/10/2023",25.87015,34.41968333,4,2064,1,"Reef edge","Animalia","Cnidaria","Hexacorallia","Scleractinia","Poritidae","Porites","sp.","Porites sp.","Genus",206485
136,"A5A6","Modern","Egypt","El Quseir","Mangrove Bay","24/10/2023",25.87015,34.41968333,6,2064,1,"Reef edge","Animalia","Cnidaria","Hexacorallia","Scleractinia","Poritidae","Porites","sp.","Porites sp.","Genus",206485
137,"A5A6","Modern","Egypt","El Quseir","Mangrove Bay","24/10/2023",25.87015,34.41968333,3,2064,1,"Reef edge","Animalia","Cnidaria","Hexacorallia","Scleractinia","Merulinidae","Dipsastraea","pallida","Dipsastraea pallida","Species",758233
138,"A5A6","Modern","Egypt","El Quseir","Mangrove Bay","24/10/2023",25.87015,34.41968333,4,2064,1,"Reef edge","Animalia","Cnidaria","Hexacorallia","Scleractinia","Merulinidae","Favites","abdita","Favites abdita","Species",207449
139,"A5A6","Modern","Egypt","El Quseir","Mangrove Bay","24/10/2023",25.87015,34.41968333,9,2064,1,"Reef edge","Animalia","Cnidaria","Hexacorallia","Scleractinia","Poritidae","Porites","rus","Porites sp.","Genus",207231
140,"A5A6","Modern","Egypt","El Quseir","Mangrove Bay","24/10/2023",25.87015,34.41968333,3,2064,1,"Reef edge","Animalia","Cnidaria","Hexacorallia","Scleractinia","Poritidae","Porites","sp.","Porites sp.","Genus",206485
141,"A5A6","Modern","Egypt","El Quseir","Mangrove Bay","24/10/2023",25.87015,34.41968333,8,2064,1,"Reef edge","Animalia","Cnidaria","Hexacorallia","Scleractinia","Poritidae","Porites","sp.","Porites sp.","Genus",206485
142,"A5A6","Modern","Egypt","El Quseir","Mangrove Bay","24/10/2023",25.87015,34.41968333,4,2064,1,"Reef edge","Animalia","Cnidaria","Hexacorallia","Scleractinia","Merulinidae","Goniastrea","edwardsi","Goniastrea edwardsi","Species",207466
143,"A5A6","Modern","Egypt","El Quseir","Mangrove Bay","24/10/2023",25.87015,34.41968333,8,2064,1,"Reef edge","Animalia","Cnidaria","Hexacorallia","Scleractinia","Poritidae","Porites","sp.","Porites sp.","Genus",206485
144,"A5A6","Modern","Egypt","El Quseir","Mangrove Bay","24/10/2023",25.87015,34.41968333,13,2064,1,"Reef edge","Animalia","Cnidaria","Hexacorallia","Scleractinia","Merulinidae","Goniastrea","stelligera","Goniastrea stelligera","Species",763067
145,"A5A6","Modern","Egypt","El Quseir","Mangrove Bay","24/10/2023",25.87015,34.41968333,11,2064,1,"Reef edge","Animalia","Cnidaria","Hexacorallia","Scleractinia","Merulinidae","Goniastrea","stelligera","Goniastrea stelligera","Species",763067
146,"A5A6","Modern","Egypt","El Quseir","Mangrove Bay","24/10/2023",25.87015,34.41968333,8,2064,1,"Reef edge","Animalia","Cnidaria","Hexacorallia","Scleractinia","Merulinidae","Goniastrea","edwardsi","Goniastrea edwardsi","Species",207466
147,"A5A6","Modern","Egypt","El Quseir","Mangrove Bay","24/10/2023",25.87015,34.41968333,1,2064,1,"Reef edge","Animalia","Cnidaria","Hexacorallia","Scleractinia","Merulinidae","Dipsastraea","matthaii","Dipsastraea matthaii","Species",758240
148,"A5A6","Modern","Egypt","El Quseir","Mangrove Bay","24/10/2023",25.87015,34.41968333,15,2064,1,"Reef edge","Animalia","Cnidaria","Hexacorallia","Scleractinia","Merulinidae","Dipsastraea","matthaii","Dipsastraea matthaii","Species",758240
149,"B1B2","Modern","Egypt","El Quseir","Mangrove Bay","22/10/2023",25.87015,34.41968333,6,2302,4.3,"Shallow reef slope","Animalia","Cnidaria","Hexacorallia","Scleractinia","Acroporidae","Acropora","sp.","Acropora sp.","Genus",205469
150,"B1B2","Modern","Egypt","El Quseir","Mangrove Bay","22/10/2023",25.87015,34.41968333,7,2302,4.3,"Shallow reef slope","Animalia","Cnidaria","Hexacorallia","Scleractinia","Acroporidae","Acropora","sp.","Acropora sp.","Genus",205469
151,"B1B2","Modern","Egypt","El Quseir","Mangrove Bay","22/10/2023",25.87015,34.41968333,23,2302,4.3,"Shallow reef slope","Animalia","Cnidaria","Hexacorallia","Scleractinia","Acroporidae","Acropora","sp.","Acropora sp.","Genus",205469
152,"B1B2","Modern","Egypt","El Quseir","Mangrove Bay","22/10/2023",25.87015,34.41968333,24,2302,4.3,"Shallow reef slope","Animalia","Cnidaria","Hexacorallia","Scleractinia","Acroporidae","Acropora","sp.","Acropora sp.","Genus",205469
153,"B1B2","Modern","Egypt","El Quseir","Mangrove Bay","22/10/2023",25.87015,34.41968333,20,2302,4.3,"Shallow reef slope","Animalia","Cnidaria","Hexacorallia","Scleractinia","Pocilloporidae","Pocillopora","verrucosa","Pocillopora verrucosa","Species",206954
154,"B1B2","Modern","Egypt","El Quseir","Mangrove Bay","22/10/2023",25.87015,34.41968333,2,2302,4.3,"Shallow reef slope","Animalia","Cnidaria","Hexacorallia","Scleractinia","Pocilloporidae","Pocillopora","damicornis","Pocillopora damicornis","Species",206953
155,"B1B2","Modern","Egypt","El Quseir","Mangrove Bay","22/10/2023",25.87015,34.41968333,1,2302,4.3,"Shallow reef slope","Animalia","Cnidaria","Hexacorallia","Scleractinia","Pocilloporidae","Pocillopora","verrucosa","Pocillopora verrucosa","Species",206954
156,"B1B2","Modern","Egypt","El Quseir","Mangrove Bay","22/10/2023",25.87015,34.41968333,27,2302,4.3,"Shallow reef slope","Animalia","Cnidaria","Hexacorallia","Scleractinia","Pocilloporidae","Pocillopora","verrucosa","Pocillopora verrucosa","Species",206954
157,"B1B2","Modern","Egypt","El Quseir","Mangrove Bay","22/10/2023",25.87015,34.41968333,12,2302,4.3,"Shallow reef slope","Animalia","Cnidaria","Hexacorallia","Scleractinia","Pocilloporidae","Pocillopora","damicornis","Pocillopora damicornis","Species",206953
158,"B1B2","Modern","Egypt","El Quseir","Mangrove Bay","22/10/2023",25.87015,34.41968333,7,2302,4.3,"Shallow reef slope","Animalia","Cnidaria","Hexacorallia","Scleractinia","Pocilloporidae","Pocillopora","damicornis","Pocillopora damicornis","Species",206953
159,"B1B2","Modern","Egypt","El Quseir","Mangrove Bay","22/10/2023",25.87015,34.41968333,25,2302,4.3,"Shallow reef slope","Animalia","Cnidaria","Hexacorallia","Scleractinia","Pocilloporidae","Pocillopora","verrucosa","Pocillopora verrucosa","Species",206954
160,"B1B2","Modern","Egypt","El Quseir","Mangrove Bay","22/10/2023",25.87015,34.41968333,2,2302,4.3,"Shallow reef slope","Animalia","Cnidaria","Hexacorallia","Scleractinia","Pocilloporidae","Pocillopora","verrucosa","Pocillopora verrucosa","Species",206954
161,"B1B2","Modern","Egypt","El Quseir","Mangrove Bay","22/10/2023",25.87015,34.41968333,24,2302,4.3,"Shallow reef slope","Animalia","Cnidaria","Hexacorallia","Scleractinia","Pocilloporidae","Pocillopora","verrucosa","Pocillopora verrucosa","Species",206954
162,"B1B2","Modern","Egypt","El Quseir","Mangrove Bay","22/10/2023",25.87015,34.41968333,26,2302,4.3,"Shallow reef slope","Animalia","Cnidaria","Hexacorallia","Scleractinia","Pocilloporidae","Pocillopora","verrucosa","Pocillopora verrucosa","Species",206954
163,"B1B2","Modern","Egypt","El Quseir","Mangrove Bay","22/10/2023",25.87015,34.41968333,15,2302,4.3,"Shallow reef slope","Animalia","Cnidaria","Hexacorallia","Scleractinia","Pocilloporidae","Pocillopora","verrucosa","Pocillopora verrucosa","Species",206954
164,"B1B2","Modern","Egypt","El Quseir","Mangrove Bay","22/10/2023",25.87015,34.41968333,19,2302,4.3,"Shallow reef slope","Animalia","Cnidaria","Hexacorallia","Scleractinia","Pocilloporidae","Pocillopora","verrucosa","Pocillopora verrucosa","Species",206954
165,"B1B2","Modern","Egypt","El Quseir","Mangrove Bay","22/10/2023",25.87015,34.41968333,18,2302,4.3,"Shallow reef slope","Animalia","Cnidaria","Hexacorallia","Scleractinia","Pocilloporidae","Pocillopora","verrucosa","Pocillopora verrucosa","Species",206954
166,"B1B2","Modern","Egypt","El Quseir","Mangrove Bay","22/10/2023",25.87015,34.41968333,15,2302,4.3,"Shallow reef slope","Animalia","Cnidaria","Hexacorallia","Scleractinia","Pocilloporidae","Pocillopora","verrucosa","Pocillopora verrucosa","Species",206954
167,"B1B2","Modern","Egypt","El Quseir","Mangrove Bay","22/10/2023",25.87015,34.41968333,32,2302,4.3,"Shallow reef slope","Animalia","Cnidaria","Hexacorallia","Scleractinia","Pocilloporidae","Pocillopora","verrucosa","Pocillopora verrucosa","Species",206954
168,"B1B2","Modern","Egypt","El Quseir","Mangrove Bay","22/10/2023",25.87015,34.41968333,2,2302,4.3,"Shallow reef slope","Animalia","Cnidaria","Hexacorallia","Scleractinia","fam.","gen.","sp.","Scleractinia","Order",1363
169,"B1B2","Modern","Egypt","El Quseir","Mangrove Bay","22/10/2023",25.87015,34.41968333,16,2302,4.3,"Shallow reef slope","Animalia","Cnidaria","Hexacorallia","Scleractinia","Poritidae","Porites","sp.","Porites sp.","Genus",206485
170,"B1B2","Modern","Egypt","El Quseir","Mangrove Bay","22/10/2023",25.87015,34.41968333,33,2302,4.3,"Shallow reef slope","Animalia","Cnidaria","Hexacorallia","Scleractinia","Acroporidae","Montipora","efflorescens","Montipora efflorescens","Species",207163
171,"B1B2","Modern","Egypt","El Quseir","Mangrove Bay","22/10/2023",25.87015,34.41968333,2,2302,4.3,"Shallow reef slope","Animalia","Cnidaria","Hexacorallia","Scleractinia","Poritidae","Porites","sp.","Porites sp.","Genus",206485
172,"B1B2","Modern","Egypt","El Quseir","Mangrove Bay","22/10/2023",25.87015,34.41968333,4,2302,4.3,"Shallow reef slope","Animalia","Cnidaria","Hexacorallia","Scleractinia","Poritidae","Porites","sp.","Porites sp.","Genus",206485
173,"B1B2","Modern","Egypt","El Quseir","Mangrove Bay","22/10/2023",25.87015,34.41968333,5,2302,4.3,"Shallow reef slope","Animalia","Cnidaria","Hexacorallia","Scleractinia","Merulinidae","Dipsastraea","sp.","Dipsastraea sp.","Genus",718746
174,"B1B2","Modern","Egypt","El Quseir","Mangrove Bay","22/10/2023",25.87015,34.41968333,5,2302,4.3,"Shallow reef slope","Animalia","Cnidaria","Hexacorallia","Scleractinia","Poritidae","Porites","sp.","Porites sp.","Genus",206485
175,"B1B2","Modern","Egypt","El Quseir","Mangrove Bay","22/10/2023",25.87015,34.41968333,5,2302,4.3,"Shallow reef slope","Animalia","Cnidaria","Hexacorallia","Scleractinia","Agariciidae","Pavona","sp.","Pavona sp.","Genus",206614
176,"B1B2","Modern","Egypt","El Quseir","Mangrove Bay","22/10/2023",25.87015,34.41968333,2,2302,4.3,"Shallow reef slope","Animalia","Cnidaria","Hexacorallia","Scleractinia","Merulinidae","Cyphastrea","chalcidicum","Cyphastrea chalcidicum","Species",207415
177,"B1B2","Modern","Egypt","El Quseir","Mangrove Bay","22/10/2023",25.87015,34.41968333,4,2302,4.3,"Shallow reef slope","Animalia","Cnidaria","Hexacorallia","Scleractinia","Merulinidae","Cyphastrea","chalcidicum","Cyphastrea chalcidicum","Species",207415
178,"B1B2","Modern","Egypt","El Quseir","Mangrove Bay","22/10/2023",25.87015,34.41968333,2,2302,4.3,"Shallow reef slope","Animalia","Cnidaria","Hexacorallia","Scleractinia","Acroporidae","Montipora","sp.","Montipora sp.","Genus",203834
179,"B1B2","Modern","Egypt","El Quseir","Mangrove Bay","22/10/2023",25.87015,34.41968333,5,2302,4.3,"Shallow reef slope","Animalia","Cnidaria","Hexacorallia","Scleractinia","Agariciidae","Pavona","explanulata","Pavona explanulata","Species",207306
180,"B1B2","Modern","Egypt","El Quseir","Mangrove Bay","22/10/2023",25.87015,34.41968333,1,2302,4.3,"Shallow reef slope","Animalia","Cnidaria","Hexacorallia","Scleractinia","Poritidae","Porites","sp.","Porites sp.","Genus",206485
181,"B1B2","Modern","Egypt","El Quseir","Mangrove Bay","22/10/2023",25.87015,34.41968333,6,2302,4.3,"Shallow reef slope","Animalia","Cnidaria","Hexacorallia","Scleractinia","Poritidae","Porites","sp.","Porites sp.","Genus",206485
182,"B1B2","Modern","Egypt","El Quseir","Mangrove Bay","22/10/2023",25.87015,34.41968333,4,2302,4.3,"Shallow reef slope","Animalia","Cnidaria","Hexacorallia","Scleractinia","Lobophylliidae","Oxypora","sp.","Oxypora sp.","Genus",205536
183,"B1B2","Modern","Egypt","El Quseir","Mangrove Bay","22/10/2023",25.87015,34.41968333,8,2302,4.3,"Shallow reef slope","Animalia","Cnidaria","Hexacorallia","Scleractinia","Poritidae","Porites","sp.","Porites sp.","Genus",206485
184,"B1B2","Modern","Egypt","El Quseir","Mangrove Bay","22/10/2023",25.87015,34.41968333,5,2302,4.3,"Shallow reef slope","Animalia","Cnidaria","Hexacorallia","Scleractinia","Poritidae","Porites","sp.","Porites sp.","Genus",206485
185,"B1B2","Modern","Egypt","El Quseir","Mangrove Bay","22/10/2023",25.87015,34.41968333,14,2302,4.3,"Shallow reef slope","Animalia","Cnidaria","Hexacorallia","Scleractinia","Acroporidae","Montipora","sp.","Montipora sp.","Genus",203834
186,"B1B2","Modern","Egypt","El Quseir","Mangrove Bay","22/10/2023",25.87015,34.41968333,6,2302,4.3,"Shallow reef slope","Animalia","Cnidaria","Hexacorallia","Scleractinia","Lobophylliidae","Oxypora","sp.","Oxypora sp.","Genus",205536
187,"B1B2","Modern","Egypt","El Quseir","Mangrove Bay","22/10/2023",25.87015,34.41968333,2,2302,4.3,"Shallow reef slope","Animalia","Cnidaria","Hexacorallia","Scleractinia","Leptastreidae","Leptastrea","sp.","Leptastrea sp.","Genus",204278
188,"B1B2","Modern","Egypt","El Quseir","Mangrove Bay","22/10/2023",25.87015,34.41968333,8,2302,4.3,"Shallow reef slope","Animalia","Cnidaria","Hexacorallia","Scleractinia","Pachyseridae","Pachyseris","speciosa","Pachyseris speciosa","Species",207293
189,"B1B2","Modern","Egypt","El Quseir","Mangrove Bay","22/10/2023",25.87015,34.41968333,55,2302,4.3,"Shallow reef slope","Animalia","Cnidaria","Hexacorallia","Scleractinia","Merulinidae","Goniastrea","retiformis","Goniastrea retiformis","Species",207461
190,"B1B2","Modern","Egypt","El Quseir","Mangrove Bay","22/10/2023",25.87015,34.41968333,18,2302,4.3,"Shallow reef slope","Animalia","Cnidaria","Hexacorallia","Scleractinia","Merulinidae","Dipsastraea","speciosa","Dipsastraea speciosa","Species",758219
191,"B1B2","Modern","Egypt","El Quseir","Mangrove Bay","22/10/2023",25.87015,34.41968333,26,2302,4.3,"Shallow reef slope","Animalia","Cnidaria","Hexacorallia","Scleractinia","Merulinidae","Dipsastraea","sp.","Dipsastraea sp.","Genus",718746
192,"B1B2","Modern","Egypt","El Quseir","Mangrove Bay","22/10/2023",25.87015,34.41968333,4,2302,4.3,"Shallow reef slope","Animalia","Cnidaria","Hexacorallia","Scleractinia","Merulinidae","Dipsastraea","sp.","Dipsastraea sp.","Genus",718746
193,"B1B2","Modern","Egypt","El Quseir","Mangrove Bay","22/10/2023",25.87015,34.41968333,12,2302,4.3,"Shallow reef slope","Animalia","Cnidaria","Hexacorallia","Scleractinia","Poritidae","Porites","sp.","Porites sp.","Genus",206485
194,"B1B2","Modern","Egypt","El Quseir","Mangrove Bay","22/10/2023",25.87015,34.41968333,13,2302,4.3,"Shallow reef slope","Animalia","Cnidaria","Hexacorallia","Scleractinia","Merulinidae","Goniastrea","edwardsi","Goniastrea edwardsi","Species",207466
195,"B1B2","Modern","Egypt","El Quseir","Mangrove Bay","22/10/2023",25.87015,34.41968333,16,2302,4.3,"Shallow reef slope","Animalia","Cnidaria","Hexacorallia","Scleractinia","Merulinidae","Favites","paraflexuosus","Favites paraflexuosus","Species",763552
196,"B1B2","Modern","Egypt","El Quseir","Mangrove Bay","22/10/2023",25.87015,34.41968333,29,2302,4.3,"Shallow reef slope","Animalia","Cnidaria","Hydrozoa","Anthoathecata","Milleporidae","Millepora","exaesa","Millepora sp.","Genus",210728
197,"B1B2","Modern","Egypt","El Quseir","Mangrove Bay","22/10/2023",25.87015,34.41968333,3,2302,4.3,"Shallow reef slope","Animalia","Cnidaria","Hydrozoa","Anthoathecata","Milleporidae","Millepora","dichotoma","Millepora sp.","Genus",210733
198,"B1B2","Modern","Egypt","El Quseir","Mangrove Bay","22/10/2023",25.87015,34.41968333,17,2302,4.3,"Shallow reef slope","Animalia","Cnidaria","Hydrozoa","Anthoathecata","Milleporidae","Millepora","exaesa","Millepora sp.","Genus",210728
199,"B1B2","Modern","Egypt","El Quseir","Mangrove Bay","22/10/2023",25.87015,34.41968333,21,2302,4.3,"Shallow reef slope","Animalia","Cnidaria","Hydrozoa","Anthoathecata","Milleporidae","Millepora","exaesa","Millepora sp.","Genus",210728
200,"B1B2","Modern","Egypt","El Quseir","Mangrove Bay","22/10/2023",25.87015,34.41968333,11,2302,4.3,"Shallow reef slope","Animalia","Cnidaria","Hydrozoa","Anthoathecata","Milleporidae","Millepora","exaesa","Millepora sp.","Genus",210728
201,"B1B2","Modern","Egypt","El Quseir","Mangrove Bay","22/10/2023",25.87015,34.41968333,37,2302,4.3,"Shallow reef slope","Animalia","Cnidaria","Hexacorallia","Scleractinia","Acroporidae","Montipora","tuberculosa","Montipora tuberculosa","Species",207156
202,"B1B2","Modern","Egypt","El Quseir","Mangrove Bay","22/10/2023",25.87015,34.41968333,8,2302,4.3,"Shallow reef slope","Animalia","Cnidaria","Hexacorallia","Scleractinia","Coscinaraeidae","Coscinaraea","monile","Coscinaraea monile","Species",207255
203,"B1B2","Modern","Egypt","El Quseir","Mangrove Bay","22/10/2023",25.87015,34.41968333,3,2302,4.3,"Shallow reef slope","Animalia","Cnidaria","Hexacorallia","Scleractinia","Merulinidae","Dipsastraea","speciosa","Dipsastraea speciosa","Species",758219
204,"B1B2","Modern","Egypt","El Quseir","Mangrove Bay","22/10/2023",25.87015,34.41968333,5,2302,4.3,"Shallow reef slope","Animalia","Cnidaria","Hexacorallia","Scleractinia","Merulinidae","Goniastrea","edwardsi","Goniastrea edwardsi","Species",207466
205,"B1B2","Modern","Egypt","El Quseir","Mangrove Bay","22/10/2023",25.87015,34.41968333,6,2302,4.3,"Shallow reef slope","Animalia","Cnidaria","Hexacorallia","Scleractinia","Poritidae","Porites","sp.","Porites sp.","Genus",206485
206,"B1B2","Modern","Egypt","El Quseir","Mangrove Bay","22/10/2023",25.87015,34.41968333,2,2302,4.3,"Shallow reef slope","Animalia","Cnidaria","Hexacorallia","Scleractinia","Poritidae","Porites","sp.","Porites sp.","Genus",206485
207,"B1B2","Modern","Egypt","El Quseir","Mangrove Bay","22/10/2023",25.87015,34.41968333,7,2302,4.3,"Shallow reef slope","Animalia","Cnidaria","Hexacorallia","Scleractinia","Merulinidae","Goniastrea","edwardsi","Goniastrea edwardsi","Species",207466
208,"B1B2","Modern","Egypt","El Quseir","Mangrove Bay","22/10/2023",25.87015,34.41968333,11,2302,4.3,"Shallow reef slope","Animalia","Cnidaria","Hexacorallia","Scleractinia","Poritidae","Porites","sp.","Porites sp.","Genus",206485
209,"B1B2","Modern","Egypt","El Quseir","Mangrove Bay","22/10/2023",25.87015,34.41968333,15,2302,4.3,"Shallow reef slope","Animalia","Cnidaria","Hexacorallia","Scleractinia","Merulinidae","Goniastrea","retiformis","Goniastrea retiformis","Species",207461
210,"B3B4","Modern","Egypt","El Quseir","Mangrove Bay","24/10/2023",25.87015,34.41968333,13,2922,4.3,"Shallow reef slope","Animalia","Cnidaria","Hexacorallia","Scleractinia","Pocilloporidae","Pocillopora","verrucosa","Pocillopora verrucosa","Species",206954
211,"B3B4","Modern","Egypt","El Quseir","Mangrove Bay","24/10/2023",25.87015,34.41968333,4,2922,4.3,"Shallow reef slope","Animalia","Cnidaria","Hexacorallia","Scleractinia","Pocilloporidae","Pocillopora","damicornis","Pocillopora damicornis","Species",206953
212,"B3B4","Modern","Egypt","El Quseir","Mangrove Bay","24/10/2023",25.87015,34.41968333,28,2922,4.3,"Shallow reef slope","Animalia","Cnidaria","Hexacorallia","Scleractinia","Acroporidae","Acropora","sp.","Acropora sp.","Genus",205469
213,"B3B4","Modern","Egypt","El Quseir","Mangrove Bay","24/10/2023",25.87015,34.41968333,23,2922,4.3,"Shallow reef slope","Animalia","Cnidaria","Hexacorallia","Scleractinia","Pocilloporidae","Pocillopora","verrucosa","Pocillopora verrucosa","Species",206954
214,"B3B4","Modern","Egypt","El Quseir","Mangrove Bay","24/10/2023",25.87015,34.41968333,30,2922,4.3,"Shallow reef slope","Animalia","Cnidaria","Hexacorallia","Scleractinia","Acroporidae","Acropora","sp.","Acropora sp.","Genus",205469
215,"B3B4","Modern","Egypt","El Quseir","Mangrove Bay","24/10/2023",25.87015,34.41968333,9,2922,4.3,"Shallow reef slope","Animalia","Cnidaria","Hexacorallia","Scleractinia","Pocilloporidae","Pocillopora","sp.","Pocillopora sp.","Genus",206938
216,"B3B4","Modern","Egypt","El Quseir","Mangrove Bay","24/10/2023",25.87015,34.41968333,8,2922,4.3,"Shallow reef slope","Animalia","Cnidaria","Hexacorallia","Scleractinia","Pocilloporidae","Seriatopora","caliendrum","Seriatopora caliendrum","Species",206969
217,"B3B4","Modern","Egypt","El Quseir","Mangrove Bay","24/10/2023",25.87015,34.41968333,7,2922,4.3,"Shallow reef slope","Animalia","Cnidaria","Hexacorallia","Scleractinia","Pocilloporidae","Stylophora","subseriata","Stylophora subseriata","Species",206980
218,"B3B4","Modern","Egypt","El Quseir","Mangrove Bay","24/10/2023",25.87015,34.41968333,24,2922,4.3,"Shallow reef slope","Animalia","Cnidaria","Hexacorallia","Scleractinia","Acroporidae","Acropora","hemprichii","Acropora sp.","Genus",288207
219,"B3B4","Modern","Egypt","El Quseir","Mangrove Bay","24/10/2023",25.87015,34.41968333,5,2922,4.3,"Shallow reef slope","Animalia","Cnidaria","Hexacorallia","Scleractinia","Acroporidae","Acropora","squarrosa","Acropora sp.","Genus",207053
220,"B3B4","Modern","Egypt","El Quseir","Mangrove Bay","24/10/2023",25.87015,34.41968333,7,2922,4.3,"Shallow reef slope","Animalia","Cnidaria","Hexacorallia","Scleractinia","Acroporidae","Acropora","sp.","Acropora sp.","Genus",205469
221,"B3B4","Modern","Egypt","El Quseir","Mangrove Bay","24/10/2023",25.87015,34.41968333,12,2922,4.3,"Shallow reef slope","Animalia","Cnidaria","Hexacorallia","Scleractinia","Pocilloporidae","Pocillopora","verrucosa","Pocillopora verrucosa","Species",206954
222,"B3B4","Modern","Egypt","El Quseir","Mangrove Bay","24/10/2023",25.87015,34.41968333,5,2922,4.3,"Shallow reef slope","Animalia","Cnidaria","Hexacorallia","Scleractinia","Pocilloporidae","Seriatopora","caliendrum","Seriatopora caliendrum","Species",206969
223,"B3B4","Modern","Egypt","El Quseir","Mangrove Bay","24/10/2023",25.87015,34.41968333,16,2922,4.3,"Shallow reef slope","Animalia","Cnidaria","Hexacorallia","Scleractinia","Pocilloporidae","Pocillopora","verrucosa","Pocillopora verrucosa","Species",206954
224,"B3B4","Modern","Egypt","El Quseir","Mangrove Bay","24/10/2023",25.87015,34.41968333,17,2922,4.3,"Shallow reef slope","Animalia","Cnidaria","Hexacorallia","Scleractinia","Pocilloporidae","Pocillopora","verrucosa","Pocillopora verrucosa","Species",206954
225,"B3B4","Modern","Egypt","El Quseir","Mangrove Bay","24/10/2023",25.87015,34.41968333,14,2922,4.3,"Shallow reef slope","Animalia","Cnidaria","Hexacorallia","Scleractinia","Pocilloporidae","Pocillopora","verrucosa","Pocillopora verrucosa","Species",206954
226,"B3B4","Modern","Egypt","El Quseir","Mangrove Bay","24/10/2023",25.87015,34.41968333,14,2922,4.3,"Shallow reef slope","Animalia","Cnidaria","Hexacorallia","Scleractinia","Acroporidae","Acropora","sp.","Acropora sp.","Genus",205469
227,"B3B4","Modern","Egypt","El Quseir","Mangrove Bay","24/10/2023",25.87015,34.41968333,3,2922,4.3,"Shallow reef slope","Animalia","Cnidaria","Hexacorallia","Scleractinia","Merulinidae","Dipsastraea","pallida","Dipsastraea pallida","Species",758233
228,"B3B4","Modern","Egypt","El Quseir","Mangrove Bay","24/10/2023",25.87015,34.41968333,7,2922,4.3,"Shallow reef slope","Animalia","Cnidaria","Hexacorallia","Scleractinia","fam.","gen.","sp.","Scleractinia","Order",1363
229,"B3B4","Modern","Egypt","El Quseir","Mangrove Bay","24/10/2023",25.87015,34.41968333,3,2922,4.3,"Shallow reef slope","Animalia","Cnidaria","Hexacorallia","Scleractinia","Merulinidae","Cyphastrea","microphthalma","Cyphastrea microphthalma","Species",207416
230,"B3B4","Modern","Egypt","El Quseir","Mangrove Bay","24/10/2023",25.87015,34.41968333,19,2922,4.3,"Shallow reef slope","Animalia","Cnidaria","Hexacorallia","Scleractinia","Acroporidae","Montipora","sp.","Montipora sp.","Genus",203834
231,"B3B4","Modern","Egypt","El Quseir","Mangrove Bay","24/10/2023",25.87015,34.41968333,5,2922,4.3,"Shallow reef slope","Animalia","Cnidaria","Hexacorallia","Scleractinia","Acroporidae","Montipora","efflorescens","Montipora efflorescens","Species",207163
232,"B3B4","Modern","Egypt","El Quseir","Mangrove Bay","24/10/2023",25.87015,34.41968333,29,2922,4.3,"Shallow reef slope","Animalia","Cnidaria","Hexacorallia","Scleractinia","Acroporidae","Montipora","efflorescens","Montipora efflorescens","Species",207163
233,"B3B4","Modern","Egypt","El Quseir","Mangrove Bay","24/10/2023",25.87015,34.41968333,1,2922,4.3,"Shallow reef slope","Animalia","Cnidaria","Hexacorallia","Scleractinia","Agariciidae","Pavona","varians","Pavona varians","Species",207303
234,"B3B4","Modern","Egypt","El Quseir","Mangrove Bay","24/10/2023",25.87015,34.41968333,11,2922,4.3,"Shallow reef slope","Animalia","Cnidaria","Hexacorallia","Scleractinia","Agariciidae","Pavona","varians","Pavona varians","Species",207303
235,"B3B4","Modern","Egypt","El Quseir","Mangrove Bay","24/10/2023",25.87015,34.41968333,4,2922,4.3,"Shallow reef slope","Animalia","Cnidaria","Hexacorallia","Scleractinia","Acroporidae","Montipora","efflorescens","Montipora efflorescens","Species",207163
236,"B3B4","Modern","Egypt","El Quseir","Mangrove Bay","24/10/2023",25.87015,34.41968333,8,2922,4.3,"Shallow reef slope","Animalia","Cnidaria","Hexacorallia","Scleractinia","Acroporidae","Montipora","maeandrina","Montipora maeandrina","Species",207188
237,"B3B4","Modern","Egypt","El Quseir","Mangrove Bay","24/10/2023",25.87015,34.41968333,10,2922,4.3,"Shallow reef slope","Animalia","Cnidaria","Hexacorallia","Scleractinia","Merulinidae","Cyphastrea","sp.","Cyphastrea sp.","Genus",206488
238,"B3B4","Modern","Egypt","El Quseir","Mangrove Bay","24/10/2023",25.87015,34.41968333,3,2922,4.3,"Shallow reef slope","Animalia","Cnidaria","Hexacorallia","Scleractinia","Astrocoeniidae","Stylocoeniella","guentheri","Stylocoeniella guentheri","Species",206948
239,"B3B4","Modern","Egypt","El Quseir","Mangrove Bay","24/10/2023",25.87015,34.41968333,3,2922,4.3,"Shallow reef slope","Animalia","Cnidaria","Hexacorallia","Scleractinia","Acroporidae","Montipora","sp.","Montipora sp.","Genus",203834
240,"B3B4","Modern","Egypt","El Quseir","Mangrove Bay","24/10/2023",25.87015,34.41968333,4,2922,4.3,"Shallow reef slope","Animalia","Cnidaria","Hexacorallia","Scleractinia","Poritidae","Porites","rus","Porites sp.","Genus",207231
241,"B3B4","Modern","Egypt","El Quseir","Mangrove Bay","24/10/2023",25.87015,34.41968333,5,2922,4.3,"Shallow reef slope","Animalia","Cnidaria","Hexacorallia","Scleractinia","Merulinidae","Echinopora","forskaliana","Echinopora forskaliana","Species",288341
242,"B3B4","Modern","Egypt","El Quseir","Mangrove Bay","24/10/2023",25.87015,34.41968333,3,2922,4.3,"Shallow reef slope","Animalia","Cnidaria","Hexacorallia","Scleractinia","Euphylliidae","Galaxea","fascicularis","Galaxea fascicularis","Species",207366
243,"B3B4","Modern","Egypt","El Quseir","Mangrove Bay","24/10/2023",25.87015,34.41968333,13,2922,4.3,"Shallow reef slope","Animalia","Cnidaria","Hexacorallia","Scleractinia","Merulinidae","Cyphastrea","sp.","Cyphastrea sp.","Genus",206488
244,"B3B4","Modern","Egypt","El Quseir","Mangrove Bay","24/10/2023",25.87015,34.41968333,15,2922,4.3,"Shallow reef slope","Animalia","Cnidaria","Hexacorallia","Scleractinia","Acroporidae","Montipora","sp.","Montipora sp.","Genus",203834
245,"B3B4","Modern","Egypt","El Quseir","Mangrove Bay","24/10/2023",25.87015,34.41968333,5,2922,4.3,"Shallow reef slope","Animalia","Cnidaria","Hexacorallia","Scleractinia","Acroporidae","Montipora","sp.","Montipora sp.","Genus",203834
246,"B3B4","Modern","Egypt","El Quseir","Mangrove Bay","24/10/2023",25.87015,34.41968333,4,2922,4.3,"Shallow reef slope","Animalia","Cnidaria","Hexacorallia","Scleractinia","Poritidae","Porites","sp.","Porites sp.","Genus",206485
247,"B3B4","Modern","Egypt","El Quseir","Mangrove Bay","24/10/2023",25.87015,34.41968333,3,2922,4.3,"Shallow reef slope","Animalia","Cnidaria","Hexacorallia","Scleractinia","Acroporidae","Montipora","sp.","Montipora sp.","Genus",203834
248,"B3B4","Modern","Egypt","El Quseir","Mangrove Bay","24/10/2023",25.87015,34.41968333,9,2922,4.3,"Shallow reef slope","Animalia","Cnidaria","Hexacorallia","Scleractinia","Acroporidae","Montipora","maeandrina","Montipora maeandrina","Species",207188
249,"B3B4","Modern","Egypt","El Quseir","Mangrove Bay","24/10/2023",25.87015,34.41968333,8,2922,4.3,"Shallow reef slope","Animalia","Cnidaria","Hexacorallia","Scleractinia","Merulinidae","Goniastrea","retiformis","Goniastrea retiformis","Species",207461
250,"B3B4","Modern","Egypt","El Quseir","Mangrove Bay","24/10/2023",25.87015,34.41968333,6,2922,4.3,"Shallow reef slope","Animalia","Cnidaria","Hexacorallia","Scleractinia","Merulinidae","Goniastrea","edwardsi","Goniastrea edwardsi","Species",207466
251,"B3B4","Modern","Egypt","El Quseir","Mangrove Bay","24/10/2023",25.87015,34.41968333,24,2922,4.3,"Shallow reef slope","Animalia","Cnidaria","Hexacorallia","Scleractinia","Poritidae","Porites","sp.","Porites sp.","Genus",206485
252,"B3B4","Modern","Egypt","El Quseir","Mangrove Bay","24/10/2023",25.87015,34.41968333,13,2922,4.3,"Shallow reef slope","Animalia","Cnidaria","Hexacorallia","Scleractinia","Merulinidae","Goniastrea","edwardsi","Goniastrea edwardsi","Species",207466
253,"B3B4","Modern","Egypt","El Quseir","Mangrove Bay","24/10/2023",25.87015,34.41968333,5,2922,4.3,"Shallow reef slope","Animalia","Cnidaria","Hexacorallia","Scleractinia","Merulinidae","Goniastrea","edwardsi","Goniastrea edwardsi","Species",207466
254,"B3B4","Modern","Egypt","El Quseir","Mangrove Bay","24/10/2023",25.87015,34.41968333,24,2922,4.3,"Shallow reef slope","Animalia","Cnidaria","Hexacorallia","Scleractinia","Merulinidae","Goniastrea","edwardsi","Goniastrea edwardsi","Species",207466
255,"B3B4","Modern","Egypt","El Quseir","Mangrove Bay","24/10/2023",25.87015,34.41968333,2,2922,4.3,"Shallow reef slope","Animalia","Cnidaria","Hexacorallia","Scleractinia","Poritidae","Porites","sp.","Porites sp.","Genus",206485
256,"B3B4","Modern","Egypt","El Quseir","Mangrove Bay","24/10/2023",25.87015,34.41968333,15,2922,4.3,"Shallow reef slope","Animalia","Cnidaria","Hexacorallia","Scleractinia","Merulinidae","Goniastrea","edwardsi","Goniastrea edwardsi","Species",207466
257,"B3B4","Modern","Egypt","El Quseir","Mangrove Bay","24/10/2023",25.87015,34.41968333,2,2922,4.3,"Shallow reef slope","Animalia","Cnidaria","Hexacorallia","Scleractinia","fam.","gen.","sp.","Scleractinia","Order",1363
258,"B3B4","Modern","Egypt","El Quseir","Mangrove Bay","24/10/2023",25.87015,34.41968333,12,2922,4.3,"Shallow reef slope","Animalia","Cnidaria","Hexacorallia","Scleractinia","Poritidae","Porites","rus","Porites sp.","Genus",207231
259,"B3B4","Modern","Egypt","El Quseir","Mangrove Bay","24/10/2023",25.87015,34.41968333,2,2922,4.3,"Shallow reef slope","Animalia","Cnidaria","Hexacorallia","Scleractinia","Poritidae","Porites","sp.","Porites sp.","Genus",206485
260,"B3B4","Modern","Egypt","El Quseir","Mangrove Bay","24/10/2023",25.87015,34.41968333,13,2922,4.3,"Shallow reef slope","Animalia","Cnidaria","Hexacorallia","Scleractinia","Poritidae","Porites","sp.","Porites sp.","Genus",206485
261,"B3B4","Modern","Egypt","El Quseir","Mangrove Bay","24/10/2023",25.87015,34.41968333,23,2922,4.3,"Shallow reef slope","Animalia","Cnidaria","Hexacorallia","Scleractinia","Poritidae","Porites","sp.","Porites sp.","Genus",206485
262,"B3B4","Modern","Egypt","El Quseir","Mangrove Bay","24/10/2023",25.87015,34.41968333,4,2922,4.3,"Shallow reef slope","Animalia","Cnidaria","Hexacorallia","Scleractinia","Poritidae","Porites","sp.","Porites sp.","Genus",206485
263,"B3B4","Modern","Egypt","El Quseir","Mangrove Bay","24/10/2023",25.87015,34.41968333,4,2922,4.3,"Shallow reef slope","Animalia","Cnidaria","Hexacorallia","Scleractinia","Poritidae","Porites","sp.","Porites sp.","Genus",206485
264,"B3B4","Modern","Egypt","El Quseir","Mangrove Bay","24/10/2023",25.87015,34.41968333,2,2922,4.3,"Shallow reef slope","Animalia","Cnidaria","Hexacorallia","Scleractinia","Poritidae","Porites","sp.","Porites sp.","Genus",206485
265,"B3B4","Modern","Egypt","El Quseir","Mangrove Bay","24/10/2023",25.87015,34.41968333,5,2922,4.3,"Shallow reef slope","Animalia","Cnidaria","Hexacorallia","Scleractinia","Poritidae","Porites","sp.","Porites sp.","Genus",206485
266,"B3B4","Modern","Egypt","El Quseir","Mangrove Bay","24/10/2023",25.87015,34.41968333,7,2922,4.3,"Shallow reef slope","Animalia","Cnidaria","Hexacorallia","Scleractinia","Merulinidae","Goniastrea","pectinata","Goniastrea pectinata","Species",207464
267,"B3B4","Modern","Egypt","El Quseir","Mangrove Bay","24/10/2023",25.87015,34.41968333,9,2922,4.3,"Shallow reef slope","Animalia","Cnidaria","Hexacorallia","Scleractinia","Merulinidae","Goniastrea","sp.","Goniastrea sp.","Genus",205082
268,"B3B4","Modern","Egypt","El Quseir","Mangrove Bay","24/10/2023",25.87015,34.41968333,2,2922,4.3,"Shallow reef slope","Animalia","Cnidaria","Hexacorallia","Scleractinia","Poritidae","Porites","sp.","Porites sp.","Genus",206485
269,"B3B4","Modern","Egypt","El Quseir","Mangrove Bay","24/10/2023",25.87015,34.41968333,10,2922,4.3,"Shallow reef slope","Animalia","Cnidaria","Hexacorallia","Scleractinia","Merulinidae","Goniastrea","pectinata","Goniastrea pectinata","Species",207464
270,"B3B4","Modern","Egypt","El Quseir","Mangrove Bay","24/10/2023",25.87015,34.41968333,15,2922,4.3,"Shallow reef slope","Animalia","Cnidaria","Hexacorallia","Scleractinia","Acroporidae","Astreopora","myriophthalma","Astreopora myriophthalma","Species",207128
271,"B3B4","Modern","Egypt","El Quseir","Mangrove Bay","24/10/2023",25.87015,34.41968333,14,2922,4.3,"Shallow reef slope","Animalia","Cnidaria","Hexacorallia","Scleractinia","Merulinidae","Goniastrea","edwardsi","Goniastrea edwardsi","Species",207466
272,"B3B4","Modern","Egypt","El Quseir","Mangrove Bay","24/10/2023",25.87015,34.41968333,13,2922,4.3,"Shallow reef slope","Animalia","Cnidaria","Hexacorallia","Scleractinia","Merulinidae","Goniastrea","edwardsi","Goniastrea edwardsi","Species",207466
273,"B3B4","Modern","Egypt","El Quseir","Mangrove Bay","24/10/2023",25.87015,34.41968333,63,2922,4.3,"Shallow reef slope","Animalia","Cnidaria","Hexacorallia","Scleractinia","Merulinidae","Goniastrea","edwardsi","Goniastrea edwardsi","Species",207466
274,"B5B6","Modern","Egypt","El Quseir","Mangrove Bay","24/10/2023",25.87015,34.41968333,17,2161,4.3,"Shallow reef slope","Animalia","Cnidaria","Hexacorallia","Scleractinia","Acroporidae","Acropora","sp.","Acropora sp.","Genus",205469
275,"B5B6","Modern","Egypt","El Quseir","Mangrove Bay","24/10/2023",25.87015,34.41968333,23,2161,4.3,"Shallow reef slope","Animalia","Cnidaria","Hexacorallia","Scleractinia","Acroporidae","Acropora","sp.","Acropora sp.","Genus",205469
276,"B5B6","Modern","Egypt","El Quseir","Mangrove Bay","24/10/2023",25.87015,34.41968333,15,2161,4.3,"Shallow reef slope","Animalia","Cnidaria","Hexacorallia","Scleractinia","Acroporidae","Acropora","sp.","Acropora sp.","Genus",205469
277,"B5B6","Modern","Egypt","El Quseir","Mangrove Bay","24/10/2023",25.87015,34.41968333,18,2161,4.3,"Shallow reef slope","Animalia","Cnidaria","Hexacorallia","Scleractinia","Acroporidae","Acropora","sp.","Acropora sp.","Genus",205469
278,"B5B6","Modern","Egypt","El Quseir","Mangrove Bay","24/10/2023",25.87015,34.41968333,22,2161,4.3,"Shallow reef slope","Animalia","Cnidaria","Hexacorallia","Scleractinia","Acroporidae","Acropora","sp.","Acropora sp.","Genus",205469
279,"B5B6","Modern","Egypt","El Quseir","Mangrove Bay","24/10/2023",25.87015,34.41968333,6,2161,4.3,"Shallow reef slope","Animalia","Cnidaria","Hexacorallia","Scleractinia","Acroporidae","Acropora","sp.","Acropora sp.","Genus",205469
280,"B5B6","Modern","Egypt","El Quseir","Mangrove Bay","24/10/2023",25.87015,34.41968333,3,2161,4.3,"Shallow reef slope","Animalia","Cnidaria","Hexacorallia","Scleractinia","Pocilloporidae","Pocillopora","verrucosa","Pocillopora verrucosa","Species",206954
281,"B5B6","Modern","Egypt","El Quseir","Mangrove Bay","24/10/2023",25.87015,34.41968333,13,2161,4.3,"Shallow reef slope","Animalia","Cnidaria","Hexacorallia","Scleractinia","Pocilloporidae","Pocillopora","verrucosa","Pocillopora verrucosa","Species",206954
282,"B5B6","Modern","Egypt","El Quseir","Mangrove Bay","24/10/2023",25.87015,34.41968333,10,2161,4.3,"Shallow reef slope","Animalia","Cnidaria","Hexacorallia","Scleractinia","Pocilloporidae","Pocillopora","verrucosa","Pocillopora verrucosa","Species",206954
283,"B5B6","Modern","Egypt","El Quseir","Mangrove Bay","24/10/2023",25.87015,34.41968333,24,2161,4.3,"Shallow reef slope","Animalia","Cnidaria","Hexacorallia","Scleractinia","Pocilloporidae","Pocillopora","verrucosa","Pocillopora verrucosa","Species",206954
284,"B5B6","Modern","Egypt","El Quseir","Mangrove Bay","24/10/2023",25.87015,34.41968333,7,2161,4.3,"Shallow reef slope","Animalia","Cnidaria","Hexacorallia","Scleractinia","Pocilloporidae","Seriatopora","hystrix","Seriatopora hystrix","Species",206973
285,"B5B6","Modern","Egypt","El Quseir","Mangrove Bay","24/10/2023",25.87015,34.41968333,14,2161,4.3,"Shallow reef slope","Animalia","Cnidaria","Hexacorallia","Scleractinia","Pocilloporidae","Pocillopora","verrucosa","Pocillopora verrucosa","Species",206954
286,"B5B6","Modern","Egypt","El Quseir","Mangrove Bay","24/10/2023",25.87015,34.41968333,9,2161,4.3,"Shallow reef slope","Animalia","Cnidaria","Hexacorallia","Scleractinia","Pocilloporidae","Pocillopora","damicornis","Pocillopora damicornis","Species",206953
287,"B5B6","Modern","Egypt","El Quseir","Mangrove Bay","24/10/2023",25.87015,34.41968333,15,2161,4.3,"Shallow reef slope","Animalia","Cnidaria","Hexacorallia","Scleractinia","Pocilloporidae","Pocillopora","verrucosa","Pocillopora verrucosa","Species",206954
288,"B5B6","Modern","Egypt","El Quseir","Mangrove Bay","24/10/2023",25.87015,34.41968333,5,2161,4.3,"Shallow reef slope","Animalia","Cnidaria","Hexacorallia","Scleractinia","Pocilloporidae","Pocillopora","verrucosa","Pocillopora verrucosa","Species",206954
289,"B5B6","Modern","Egypt","El Quseir","Mangrove Bay","24/10/2023",25.87015,34.41968333,31,2161,4.3,"Shallow reef slope","Animalia","Cnidaria","Hexacorallia","Scleractinia","Pocilloporidae","Pocillopora","verrucosa","Pocillopora verrucosa","Species",206954
290,"B5B6","Modern","Egypt","El Quseir","Mangrove Bay","24/10/2023",25.87015,34.41968333,3,2161,4.3,"Shallow reef slope","Animalia","Cnidaria","Hexacorallia","Scleractinia","Poritidae","Porites","sp.","Porites sp.","Genus",206485
291,"B5B6","Modern","Egypt","El Quseir","Mangrove Bay","24/10/2023",25.87015,34.41968333,2,2161,4.3,"Shallow reef slope","Animalia","Cnidaria","Hexacorallia","Scleractinia","Leptastreidae","Leptastrea","sp.","Leptastrea sp.","Genus",204278
292,"B5B6","Modern","Egypt","El Quseir","Mangrove Bay","24/10/2023",25.87015,34.41968333,2,2161,4.3,"Shallow reef slope","Animalia","Cnidaria","Hexacorallia","Scleractinia","Leptastreidae","Leptastrea","purpurea","Leptastrea purpurea","Species",207470
293,"B5B6","Modern","Egypt","El Quseir","Mangrove Bay","24/10/2023",25.87015,34.41968333,4,2161,4.3,"Shallow reef slope","Animalia","Cnidaria","Hexacorallia","Scleractinia","Acroporidae","Montipora","grisea","Montipora grisea","Species",287709
294,"B5B6","Modern","Egypt","El Quseir","Mangrove Bay","24/10/2023",25.87015,34.41968333,5,2161,4.3,"Shallow reef slope","Animalia","Cnidaria","Hexacorallia","Scleractinia","Acroporidae","Montipora","sp.","Montipora sp.","Genus",203834
295,"B5B6","Modern","Egypt","El Quseir","Mangrove Bay","24/10/2023",25.87015,34.41968333,13,2161,4.3,"Shallow reef slope","Animalia","Cnidaria","Hexacorallia","Scleractinia","Acroporidae","Montipora","maeandrina","Montipora maeandrina","Species",207188
296,"B5B6","Modern","Egypt","El Quseir","Mangrove Bay","24/10/2023",25.87015,34.41968333,10,2161,4.3,"Shallow reef slope","Animalia","Cnidaria","Hexacorallia","Scleractinia","Acroporidae","Montipora","sp.","Montipora sp.","Genus",203834
297,"B5B6","Modern","Egypt","El Quseir","Mangrove Bay","24/10/2023",25.87015,34.41968333,2,2161,4.3,"Shallow reef slope","Animalia","Cnidaria","Hexacorallia","Scleractinia","Merulinidae","Cyphastrea","microphthalma","Cyphastrea microphthalma","Species",207416
298,"B5B6","Modern","Egypt","El Quseir","Mangrove Bay","24/10/2023",25.87015,34.41968333,7,2161,4.3,"Shallow reef slope","Animalia","Cnidaria","Hexacorallia","Scleractinia","Merulinidae","Cyphastrea","kausti","Cyphastrea kausti","Species",843628
299,"B5B6","Modern","Egypt","El Quseir","Mangrove Bay","24/10/2023",25.87015,34.41968333,6,2161,4.3,"Shallow reef slope","Animalia","Cnidaria","Hexacorallia","Scleractinia","Merulinidae","Cyphastrea","sp.","Cyphastrea sp.","Genus",206488
300,"B5B6","Modern","Egypt","El Quseir","Mangrove Bay","24/10/2023",25.87015,34.41968333,9,2161,4.3,"Shallow reef slope","Animalia","Cnidaria","Hexacorallia","Scleractinia","Acroporidae","Montipora","sp.","Montipora sp.","Genus",203834
301,"B5B6","Modern","Egypt","El Quseir","Mangrove Bay","24/10/2023",25.87015,34.41968333,2,2161,4.3,"Shallow reef slope","Animalia","Cnidaria","Hexacorallia","Scleractinia","Acroporidae","Montipora","efflorescens","Montipora efflorescens","Species",207163
302,"B5B6","Modern","Egypt","El Quseir","Mangrove Bay","24/10/2023",25.87015,34.41968333,10,2161,4.3,"Shallow reef slope","Animalia","Cnidaria","Hexacorallia","Scleractinia","Acroporidae","Montipora","efflorescens","Montipora efflorescens","Species",207163
303,"B5B6","Modern","Egypt","El Quseir","Mangrove Bay","24/10/2023",25.87015,34.41968333,2,2161,4.3,"Shallow reef slope","Animalia","Cnidaria","Hexacorallia","Scleractinia","Merulinidae","Echinopora","forskaliana","Echinopora forskaliana","Species",288341
304,"B5B6","Modern","Egypt","El Quseir","Mangrove Bay","24/10/2023",25.87015,34.41968333,5,2161,4.3,"Shallow reef slope","Animalia","Cnidaria","Hexacorallia","Scleractinia","Acroporidae","Montipora","efflorescens","Montipora efflorescens","Species",207163
305,"B5B6","Modern","Egypt","El Quseir","Mangrove Bay","24/10/2023",25.87015,34.41968333,9,2161,4.3,"Shallow reef slope","Animalia","Cnidaria","Hexacorallia","Scleractinia","Acroporidae","Acropora","sp.","Acropora sp.","Genus",205469
306,"B5B6","Modern","Egypt","El Quseir","Mangrove Bay","24/10/2023",25.87015,34.41968333,6,2161,4.3,"Shallow reef slope","Animalia","Cnidaria","Hexacorallia","Scleractinia","Acroporidae","Montipora","efflorescens","Montipora efflorescens","Species",207163
307,"B5B6","Modern","Egypt","El Quseir","Mangrove Bay","24/10/2023",25.87015,34.41968333,3,2161,4.3,"Shallow reef slope","Animalia","Cnidaria","Hexacorallia","Scleractinia","Acroporidae","Acropora","sp.","Acropora sp.","Genus",205469
308,"B5B6","Modern","Egypt","El Quseir","Mangrove Bay","24/10/2023",25.87015,34.41968333,8,2161,4.3,"Shallow reef slope","Animalia","Cnidaria","Hexacorallia","Scleractinia","Merulinidae","Goniastrea","edwardsi","Goniastrea edwardsi","Species",207466
309,"B5B6","Modern","Egypt","El Quseir","Mangrove Bay","24/10/2023",25.87015,34.41968333,15,2161,4.3,"Shallow reef slope","Animalia","Cnidaria","Hexacorallia","Scleractinia","Merulinidae","Dipsastraea","danai","Dipsastraea danai","Species",758238
310,"B5B6","Modern","Egypt","El Quseir","Mangrove Bay","24/10/2023",25.87015,34.41968333,1,2161,4.3,"Shallow reef slope","Animalia","Cnidaria","Hydrozoa","Anthoathecata","Milleporidae","Millepora","exaesa","Millepora sp.","Genus",210728
311,"B5B6","Modern","Egypt","El Quseir","Mangrove Bay","24/10/2023",25.87015,34.41968333,6,2161,4.3,"Shallow reef slope","Animalia","Cnidaria","Hexacorallia","Scleractinia","Fungiidae","Ctenactis","crassa","Ctenactis crassa","Species",288875
312,"B5B6","Modern","Egypt","El Quseir","Mangrove Bay","24/10/2023",25.87015,34.41968333,20,2161,4.3,"Shallow reef slope","Animalia","Cnidaria","Hexacorallia","Scleractinia","Merulinidae","Goniastrea","edwardsi","Goniastrea edwardsi","Species",207466
313,"B5B6","Modern","Egypt","El Quseir","Mangrove Bay","24/10/2023",25.87015,34.41968333,27,2161,4.3,"Shallow reef slope","Animalia","Cnidaria","Hexacorallia","Scleractinia","Merulinidae","Goniastrea","edwardsi","Goniastrea edwardsi","Species",207466
314,"B5B6","Modern","Egypt","El Quseir","Mangrove Bay","24/10/2023",25.87015,34.41968333,10,2161,4.3,"Shallow reef slope","Animalia","Cnidaria","Hexacorallia","Scleractinia","Merulinidae","Goniastrea","edwardsi","Goniastrea edwardsi","Species",207466
315,"B5B6","Modern","Egypt","El Quseir","Mangrove Bay","24/10/2023",25.87015,34.41968333,15,2161,4.3,"Shallow reef slope","Animalia","Cnidaria","Hexacorallia","Scleractinia","Merulinidae","Goniastrea","edwardsi","Goniastrea edwardsi","Species",207466
316,"B5B6","Modern","Egypt","El Quseir","Mangrove Bay","24/10/2023",25.87015,34.41968333,13,2161,4.3,"Shallow reef slope","Animalia","Cnidaria","Hexacorallia","Scleractinia","Merulinidae","Goniastrea","edwardsi","Goniastrea edwardsi","Species",207466
317,"B5B6","Modern","Egypt","El Quseir","Mangrove Bay","24/10/2023",25.87015,34.41968333,11,2161,4.3,"Shallow reef slope","Animalia","Cnidaria","Hexacorallia","Scleractinia","Poritidae","Porites","sp.","Porites sp.","Genus",206485
318,"B5B6","Modern","Egypt","El Quseir","Mangrove Bay","24/10/2023",25.87015,34.41968333,7,2161,4.3,"Shallow reef slope","Animalia","Cnidaria","Hexacorallia","Scleractinia","Coscinaraeidae","Coscinaraea","monile","Coscinaraea monile","Species",207255
319,"B5B6","Modern","Egypt","El Quseir","Mangrove Bay","24/10/2023",25.87015,34.41968333,8,2161,4.3,"Shallow reef slope","Animalia","Cnidaria","Hexacorallia","Scleractinia","Acroporidae","Montipora","maeandrina","Montipora maeandrina","Species",207188
320,"B5B6","Modern","Egypt","El Quseir","Mangrove Bay","24/10/2023",25.87015,34.41968333,1,2161,4.3,"Shallow reef slope","Animalia","Cnidaria","Hexacorallia","Scleractinia","Merulinidae","Goniastrea","edwardsi","Goniastrea edwardsi","Species",207466
321,"C1C2","Modern","Egypt","El Quseir","Mangrove Bay","22/10/2023",25.87015,34.41968333,6,2569,8.5,"Deeper reef slope","Animalia","Cnidaria","Hexacorallia","Scleractinia","Pocilloporidae","Pocillopora","sp.","Pocillopora sp.","Genus",206938
322,"C1C2","Modern","Egypt","El Quseir","Mangrove Bay","22/10/2023",25.87015,34.41968333,4,2569,8.5,"Deeper reef slope","Animalia","Cnidaria","Hexacorallia","Scleractinia","Pocilloporidae","Pocillopora","damicornis","Pocillopora damicornis","Species",206953
323,"C1C2","Modern","Egypt","El Quseir","Mangrove Bay","22/10/2023",25.87015,34.41968333,15,2569,8.5,"Deeper reef slope","Animalia","Cnidaria","Hexacorallia","Scleractinia","Pocilloporidae","Pocillopora","damicornis","Pocillopora damicornis","Species",206953
324,"C1C2","Modern","Egypt","El Quseir","Mangrove Bay","22/10/2023",25.87015,34.41968333,5,2569,8.5,"Deeper reef slope","Animalia","Cnidaria","Hexacorallia","Scleractinia","Acroporidae","Acropora","squarrosa","Acropora sp.","Genus",207053
325,"C1C2","Modern","Egypt","El Quseir","Mangrove Bay","22/10/2023",25.87015,34.41968333,10,2569,8.5,"Deeper reef slope","Animalia","Cnidaria","Hexacorallia","Scleractinia","Acroporidae","Acropora","squarrosa","Acropora sp.","Genus",207053
326,"C1C2","Modern","Egypt","El Quseir","Mangrove Bay","22/10/2023",25.87015,34.41968333,14,2569,8.5,"Deeper reef slope","Animalia","Cnidaria","Hexacorallia","Scleractinia","Acroporidae","Acropora","hemprichii","Acropora sp.","Genus",288207
327,"C1C2","Modern","Egypt","El Quseir","Mangrove Bay","22/10/2023",25.87015,34.41968333,45,2569,8.5,"Deeper reef slope","Animalia","Cnidaria","Hexacorallia","Scleractinia","Acroporidae","Acropora","squarrosa","Acropora sp.","Genus",207053
328,"C1C2","Modern","Egypt","El Quseir","Mangrove Bay","22/10/2023",25.87015,34.41968333,24,2569,8.5,"Deeper reef slope","Animalia","Cnidaria","Hexacorallia","Scleractinia","Acroporidae","Acropora","squarrosa","Acropora sp.","Genus",207053
329,"C1C2","Modern","Egypt","El Quseir","Mangrove Bay","22/10/2023",25.87015,34.41968333,27,2569,8.5,"Deeper reef slope","Animalia","Cnidaria","Hexacorallia","Scleractinia","Pocilloporidae","Pocillopora","damicornis","Pocillopora damicornis","Species",206953
330,"C1C2","Modern","Egypt","El Quseir","Mangrove Bay","22/10/2023",25.87015,34.41968333,40,2569,8.5,"Deeper reef slope","Animalia","Cnidaria","Hexacorallia","Scleractinia","Merulinidae","Paramontastraea","peresi","Paramontastraea peresi","Species",762398
331,"C1C2","Modern","Egypt","El Quseir","Mangrove Bay","22/10/2023",25.87015,34.41968333,3,2569,8.5,"Deeper reef slope","Animalia","Cnidaria","Hexacorallia","Scleractinia","Merulinidae","Cyphastrea","sp.","Cyphastrea sp.","Genus",206488
332,"C1C2","Modern","Egypt","El Quseir","Mangrove Bay","22/10/2023",25.87015,34.41968333,2,2569,8.5,"Deeper reef slope","Animalia","Cnidaria","Hexacorallia","Scleractinia","Leptastreidae","Leptastrea","purpurea","Leptastrea purpurea","Species",207470
333,"C1C2","Modern","Egypt","El Quseir","Mangrove Bay","22/10/2023",25.87015,34.41968333,7,2569,8.5,"Deeper reef slope","Animalia","Cnidaria","Hexacorallia","Scleractinia","Psammocoridae","Psammocora","profundacella","Psammocora profundacella","Species",207271
334,"C1C2","Modern","Egypt","El Quseir","Mangrove Bay","22/10/2023",25.87015,34.41968333,7,2569,8.5,"Deeper reef slope","Animalia","Cnidaria","Hexacorallia","Scleractinia","Poritidae","Porites","sp.","Porites sp.","Genus",206485
335,"C1C2","Modern","Egypt","El Quseir","Mangrove Bay","22/10/2023",25.87015,34.41968333,7,2569,8.5,"Deeper reef slope","Animalia","Cnidaria","Hexacorallia","Scleractinia","Agariciidae","Pavona","varians","Pavona varians","Species",207303
336,"C1C2","Modern","Egypt","El Quseir","Mangrove Bay","22/10/2023",25.87015,34.41968333,4,2569,8.5,"Deeper reef slope","Animalia","Cnidaria","Hexacorallia","Scleractinia","Merulinidae","Cyphastrea","microphthalma","Cyphastrea microphthalma","Species",207416
337,"C1C2","Modern","Egypt","El Quseir","Mangrove Bay","22/10/2023",25.87015,34.41968333,6,2569,8.5,"Deeper reef slope","Animalia","Cnidaria","Hexacorallia","Scleractinia","Merulinidae","Merulina","scheeri","Merulina scheeri","Species",207408
338,"C1C2","Modern","Egypt","El Quseir","Mangrove Bay","22/10/2023",25.87015,34.41968333,3,2569,8.5,"Deeper reef slope","Animalia","Cnidaria","Hexacorallia","Scleractinia","Lobophylliidae","Acanthastrea","echinata","Acanthastrea echinata","Species",207384
339,"C1C2","Modern","Egypt","El Quseir","Mangrove Bay","22/10/2023",25.87015,34.41968333,6,2569,8.5,"Deeper reef slope","Animalia","Cnidaria","Hexacorallia","Scleractinia","Lobophylliidae","Acanthastrea","echinata","Acanthastrea echinata","Species",207384
340,"C1C2","Modern","Egypt","El Quseir","Mangrove Bay","22/10/2023",25.87015,34.41968333,2,2569,8.5,"Deeper reef slope","Animalia","Cnidaria","Hexacorallia","Scleractinia","Leptastreidae","Leptastrea","purpurea","Leptastrea purpurea","Species",207470
341,"C1C2","Modern","Egypt","El Quseir","Mangrove Bay","22/10/2023",25.87015,34.41968333,5,2569,8.5,"Deeper reef slope","Animalia","Cnidaria","Hexacorallia","Scleractinia","Merulinidae","Cyphastrea","chalcidicum","Cyphastrea chalcidicum","Species",207415
342,"C1C2","Modern","Egypt","El Quseir","Mangrove Bay","22/10/2023",25.87015,34.41968333,6,2569,8.5,"Deeper reef slope","Animalia","Cnidaria","Hexacorallia","Scleractinia","Acroporidae","Montipora","crypta","Montipora crypta","Species",1617333
343,"C1C2","Modern","Egypt","El Quseir","Mangrove Bay","22/10/2023",25.87015,34.41968333,2,2569,8.5,"Deeper reef slope","Animalia","Cnidaria","Hexacorallia","Scleractinia","Psammocoridae","Psammocora","profundacella","Psammocora profundacella","Species",207271
344,"C1C2","Modern","Egypt","El Quseir","Mangrove Bay","22/10/2023",25.87015,34.41968333,10,2569,8.5,"Deeper reef slope","Animalia","Cnidaria","Hexacorallia","Scleractinia","Poritidae","Porites","rus","Porites sp.","Genus",207231
345,"C1C2","Modern","Egypt","El Quseir","Mangrove Bay","22/10/2023",25.87015,34.41968333,7,2569,8.5,"Deeper reef slope","Animalia","Cnidaria","Hexacorallia","Scleractinia","Coscinaraeidae","Coscinaraea","monile","Coscinaraea monile","Species",207255
346,"C1C2","Modern","Egypt","El Quseir","Mangrove Bay","22/10/2023",25.87015,34.41968333,25,2569,8.5,"Deeper reef slope","Animalia","Cnidaria","Hexacorallia","Scleractinia","Astrocoeniidae","Stylocoeniella","guentheri","Stylocoeniella guentheri","Species",206948
347,"C1C2","Modern","Egypt","El Quseir","Mangrove Bay","22/10/2023",25.87015,34.41968333,10,2569,8.5,"Deeper reef slope","Animalia","Cnidaria","Hexacorallia","Scleractinia","Merulinidae","Echinopora","forskaliana","Echinopora forskaliana","Species",288341
348,"C1C2","Modern","Egypt","El Quseir","Mangrove Bay","22/10/2023",25.87015,34.41968333,3,2569,8.5,"Deeper reef slope","Animalia","Cnidaria","Hexacorallia","Scleractinia","Merulinidae","Cyphastrea","chalcidicum","Cyphastrea chalcidicum","Species",207415
349,"C1C2","Modern","Egypt","El Quseir","Mangrove Bay","22/10/2023",25.87015,34.41968333,4,2569,8.5,"Deeper reef slope","Animalia","Cnidaria","Hexacorallia","Scleractinia","Merulinidae","Favites","complanata","Favites complanata","Species",207455
350,"C1C2","Modern","Egypt","El Quseir","Mangrove Bay","22/10/2023",25.87015,34.41968333,3,2569,8.5,"Deeper reef slope","Animalia","Cnidaria","Hexacorallia","Scleractinia","Lobophylliidae","Oxypora","sp.","Oxypora sp.","Genus",205536
351,"C1C2","Modern","Egypt","El Quseir","Mangrove Bay","22/10/2023",25.87015,34.41968333,10,2569,8.5,"Deeper reef slope","Animalia","Cnidaria","Hexacorallia","Scleractinia","Acroporidae","Montipora","maeandrina","Montipora maeandrina","Species",207188
352,"C1C2","Modern","Egypt","El Quseir","Mangrove Bay","22/10/2023",25.87015,34.41968333,13,2569,8.5,"Deeper reef slope","Animalia","Cnidaria","Hexacorallia","Scleractinia","Merulinidae","Echinopora","forskaliana","Echinopora forskaliana","Species",288341
353,"C1C2","Modern","Egypt","El Quseir","Mangrove Bay","22/10/2023",25.87015,34.41968333,9,2569,8.5,"Deeper reef slope","Animalia","Cnidaria","Hexacorallia","Scleractinia","Poritidae","Porites","sp.","Porites sp.","Genus",206485
354,"C1C2","Modern","Egypt","El Quseir","Mangrove Bay","22/10/2023",25.87015,34.41968333,10,2569,8.5,"Deeper reef slope","Animalia","Cnidaria","Hexacorallia","Scleractinia","Acroporidae","Montipora","crypta","Montipora crypta","Species",1617333
355,"C1C2","Modern","Egypt","El Quseir","Mangrove Bay","22/10/2023",25.87015,34.41968333,3,2569,8.5,"Deeper reef slope","Animalia","Cnidaria","Hexacorallia","Scleractinia","Poritidae","Porites","sp.","Porites sp.","Genus",206485
356,"C1C2","Modern","Egypt","El Quseir","Mangrove Bay","22/10/2023",25.87015,34.41968333,1,2569,8.5,"Deeper reef slope","Animalia","Cnidaria","Hexacorallia","Scleractinia","Merulinidae","Cyphastrea","microphthalma","Cyphastrea microphthalma","Species",207416
357,"C1C2","Modern","Egypt","El Quseir","Mangrove Bay","22/10/2023",25.87015,34.41968333,3,2569,8.5,"Deeper reef slope","Animalia","Cnidaria","Hexacorallia","Scleractinia","Merulinidae","Dipsastraea","pallida","Dipsastraea pallida","Species",758233
358,"C1C2","Modern","Egypt","El Quseir","Mangrove Bay","22/10/2023",25.87015,34.41968333,9,2569,8.5,"Deeper reef slope","Animalia","Cnidaria","Hexacorallia","Scleractinia","Acroporidae","Montipora","maeandrina","Montipora maeandrina","Species",207188
359,"C1C2","Modern","Egypt","El Quseir","Mangrove Bay","22/10/2023",25.87015,34.41968333,7,2569,8.5,"Deeper reef slope","Animalia","Cnidaria","Hexacorallia","Scleractinia","Merulinidae","Paramontastraea","peresi","Paramontastraea peresi","Species",762398
360,"C1C2","Modern","Egypt","El Quseir","Mangrove Bay","22/10/2023",25.87015,34.41968333,3,2569,8.5,"Deeper reef slope","Animalia","Cnidaria","Hexacorallia","Scleractinia","Poritidae","Porites","sp.","Porites sp.","Genus",206485
361,"C1C2","Modern","Egypt","El Quseir","Mangrove Bay","22/10/2023",25.87015,34.41968333,6,2569,8.5,"Deeper reef slope","Animalia","Cnidaria","Hexacorallia","Scleractinia","Poritidae","Porites","sp.","Porites sp.","Genus",206485
362,"C1C2","Modern","Egypt","El Quseir","Mangrove Bay","22/10/2023",25.87015,34.41968333,3,2569,8.5,"Deeper reef slope","Animalia","Cnidaria","Hexacorallia","Scleractinia","Merulinidae","Goniastrea","edwardsi","Goniastrea edwardsi","Species",207466
363,"C1C2","Modern","Egypt","El Quseir","Mangrove Bay","22/10/2023",25.87015,34.41968333,9,2569,8.5,"Deeper reef slope","Animalia","Cnidaria","Hexacorallia","Scleractinia","Merulinidae","Goniastrea","edwardsi","Goniastrea edwardsi","Species",207466
364,"C1C2","Modern","Egypt","El Quseir","Mangrove Bay","22/10/2023",25.87015,34.41968333,3,2569,8.5,"Deeper reef slope","Animalia","Cnidaria","Hexacorallia","Scleractinia","Merulinidae","Dipsastraea","laxa","Dipsastraea laxa","Species",758235
365,"C1C2","Modern","Egypt","El Quseir","Mangrove Bay","22/10/2023",25.87015,34.41968333,13,2569,8.5,"Deeper reef slope","Animalia","Cnidaria","Hexacorallia","Scleractinia","Merulinidae","Dipsastraea","laxa","Dipsastraea laxa","Species",758235
366,"C1C2","Modern","Egypt","El Quseir","Mangrove Bay","22/10/2023",25.87015,34.41968333,4,2569,8.5,"Deeper reef slope","Animalia","Cnidaria","Hexacorallia","Scleractinia","Merulinidae","Echinopora","forskaliana","Echinopora forskaliana","Species",288341
367,"C1C2","Modern","Egypt","El Quseir","Mangrove Bay","22/10/2023",25.87015,34.41968333,10,2569,8.5,"Deeper reef slope","Animalia","Cnidaria","Hexacorallia","Scleractinia","Poritidae","Porites","sp.","Porites sp.","Genus",206485
368,"C1C2","Modern","Egypt","El Quseir","Mangrove Bay","22/10/2023",25.87015,34.41968333,31,2569,8.5,"Deeper reef slope","Animalia","Cnidaria","Hexacorallia","Scleractinia","Psammocoridae","Psammocora","profundacella","Psammocora profundacella","Species",207271
369,"C1C2","Modern","Egypt","El Quseir","Mangrove Bay","22/10/2023",25.87015,34.41968333,10,2569,8.5,"Deeper reef slope","Animalia","Cnidaria","Hexacorallia","Scleractinia","Poritidae","Porites","sp.","Porites sp.","Genus",206485
370,"C1C2","Modern","Egypt","El Quseir","Mangrove Bay","22/10/2023",25.87015,34.41968333,14,2569,8.5,"Deeper reef slope","Animalia","Cnidaria","Hexacorallia","Scleractinia","Merulinidae","Goniastrea","edwardsi","Goniastrea edwardsi","Species",207466
371,"C1C2","Modern","Egypt","El Quseir","Mangrove Bay","22/10/2023",25.87015,34.41968333,4,2569,8.5,"Deeper reef slope","Animalia","Cnidaria","Hexacorallia","Scleractinia","Merulinidae","Cyphastrea","chalcidicum","Cyphastrea chalcidicum","Species",207415
372,"C1C2","Modern","Egypt","El Quseir","Mangrove Bay","22/10/2023",25.87015,34.41968333,5,2569,8.5,"Deeper reef slope","Animalia","Cnidaria","Hexacorallia","Scleractinia","Merulinidae","Cyphastrea","chalcidicum","Cyphastrea chalcidicum","Species",207415
373,"C1C2","Modern","Egypt","El Quseir","Mangrove Bay","22/10/2023",25.87015,34.41968333,5,2569,8.5,"Deeper reef slope","Animalia","Cnidaria","Hexacorallia","Scleractinia","Merulinidae","Paramontastraea","peresi","Paramontastraea peresi","Species",762398
374,"C1C2","Modern","Egypt","El Quseir","Mangrove Bay","22/10/2023",25.87015,34.41968333,3,2569,8.5,"Deeper reef slope","Animalia","Cnidaria","Hexacorallia","Scleractinia","Poritidae","Porites","sp.","Porites sp.","Genus",206485
375,"C1C2","Modern","Egypt","El Quseir","Mangrove Bay","22/10/2023",25.87015,34.41968333,4,2569,8.5,"Deeper reef slope","Animalia","Cnidaria","Hexacorallia","Scleractinia","Lobophylliidae","Acanthastrea","echinata","Acanthastrea echinata","Species",207384
376,"C1C2","Modern","Egypt","El Quseir","Mangrove Bay","22/10/2023",25.87015,34.41968333,3,2569,8.5,"Deeper reef slope","Animalia","Cnidaria","Hexacorallia","Scleractinia","Acroporidae","Astreopora","myriophthalma","Astreopora myriophthalma","Species",207128
377,"C1C2","Modern","Egypt","El Quseir","Mangrove Bay","22/10/2023",25.87015,34.41968333,3,2569,8.5,"Deeper reef slope","Animalia","Cnidaria","Hexacorallia","Scleractinia","Merulinidae","Goniastrea","edwardsi","Goniastrea edwardsi","Species",207466
378,"C1C2","Modern","Egypt","El Quseir","Mangrove Bay","22/10/2023",25.87015,34.41968333,2,2569,8.5,"Deeper reef slope","Animalia","Cnidaria","Hexacorallia","Scleractinia","Poritidae","Porites","sp.","Porites sp.","Genus",206485
379,"C1C2","Modern","Egypt","El Quseir","Mangrove Bay","22/10/2023",25.87015,34.41968333,4,2569,8.5,"Deeper reef slope","Animalia","Cnidaria","Hexacorallia","Scleractinia","Poritidae","Porites","sp.","Porites sp.","Genus",206485
380,"C1C2","Modern","Egypt","El Quseir","Mangrove Bay","22/10/2023",25.87015,34.41968333,16,2569,8.5,"Deeper reef slope","Animalia","Cnidaria","Hexacorallia","Scleractinia","Merulinidae","Goniastrea","edwardsi","Goniastrea edwardsi","Species",207466
381,"C1C2","Modern","Egypt","El Quseir","Mangrove Bay","22/10/2023",25.87015,34.41968333,5,2569,8.5,"Deeper reef slope","Animalia","Cnidaria","Hexacorallia","Scleractinia","Merulinidae","Echinopora","forskaliana","Echinopora forskaliana","Species",288341
382,"C1C2","Modern","Egypt","El Quseir","Mangrove Bay","22/10/2023",25.87015,34.41968333,6,2569,8.5,"Deeper reef slope","Animalia","Cnidaria","Hexacorallia","Scleractinia","Merulinidae","Favites","vasta","Favites vasta","Species",430663
383,"C1C2","Modern","Egypt","El Quseir","Mangrove Bay","22/10/2023",25.87015,34.41968333,12,2569,8.5,"Deeper reef slope","Animalia","Cnidaria","Hexacorallia","Scleractinia","Agariciidae","Pavona","varians","Pavona varians","Species",207303
384,"C1C2","Modern","Egypt","El Quseir","Mangrove Bay","22/10/2023",25.87015,34.41968333,4,2569,8.5,"Deeper reef slope","Animalia","Cnidaria","Hexacorallia","Scleractinia","Merulinidae","Goniastrea","pectinata","Goniastrea pectinata","Species",207464
385,"C1C2","Modern","Egypt","El Quseir","Mangrove Bay","22/10/2023",25.87015,34.41968333,7,2569,8.5,"Deeper reef slope","Animalia","Cnidaria","Hexacorallia","Scleractinia","Merulinidae","Goniastrea","pectinata","Goniastrea pectinata","Species",207464
386,"C1C2","Modern","Egypt","El Quseir","Mangrove Bay","22/10/2023",25.87015,34.41968333,8,2569,8.5,"Deeper reef slope","Animalia","Cnidaria","Hexacorallia","Scleractinia","Poritidae","Porites","sp.","Porites sp.","Genus",206485
387,"C1C2","Modern","Egypt","El Quseir","Mangrove Bay","22/10/2023",25.87015,34.41968333,4,2569,8.5,"Deeper reef slope","Animalia","Cnidaria","Hexacorallia","Scleractinia","Poritidae","Porites","sp.","Porites sp.","Genus",206485
388,"C1C2","Modern","Egypt","El Quseir","Mangrove Bay","22/10/2023",25.87015,34.41968333,1,2569,8.5,"Deeper reef slope","Animalia","Cnidaria","Hydrozoa","Anthoathecata","Milleporidae","Millepora","dichotoma","Millepora sp.","Genus",210733
389,"C1C2","Modern","Egypt","El Quseir","Mangrove Bay","22/10/2023",25.87015,34.41968333,10,2569,8.5,"Deeper reef slope","Animalia","Cnidaria","Hydrozoa","Anthoathecata","Milleporidae","Millepora","exaesa","Millepora sp.","Genus",210728
390,"C1C2","Modern","Egypt","El Quseir","Mangrove Bay","22/10/2023",25.87015,34.41968333,2,2569,8.5,"Deeper reef slope","Animalia","Cnidaria","Hydrozoa","Anthoathecata","Milleporidae","Millepora","exaesa","Millepora sp.","Genus",210728
391,"C1C2","Modern","Egypt","El Quseir","Mangrove Bay","22/10/2023",25.87015,34.41968333,5,2569,8.5,"Deeper reef slope","Animalia","Cnidaria","Hydrozoa","Anthoathecata","Milleporidae","Millepora","exaesa","Millepora sp.","Genus",210728
392,"C1C2","Modern","Egypt","El Quseir","Mangrove Bay","22/10/2023",25.87015,34.41968333,2,2569,8.5,"Deeper reef slope","Animalia","Cnidaria","Hydrozoa","Anthoathecata","Milleporidae","Millepora","sp.","Millepora sp.","Genus",205902
393,"C1C2","Modern","Egypt","El Quseir","Mangrove Bay","22/10/2023",25.87015,34.41968333,1,2569,8.5,"Deeper reef slope","Animalia","Cnidaria","Hexacorallia","Scleractinia","Merulinidae","Goniastrea","edwardsi","Goniastrea edwardsi","Species",207466
394,"C1C2","Modern","Egypt","El Quseir","Mangrove Bay","22/10/2023",25.87015,34.41968333,6,2569,8.5,"Deeper reef slope","Animalia","Cnidaria","Hexacorallia","Scleractinia","Poritidae","Porites","sp.","Porites sp.","Genus",206485
395,"C1C2","Modern","Egypt","El Quseir","Mangrove Bay","22/10/2023",25.87015,34.41968333,5,2569,8.5,"Deeper reef slope","Animalia","Cnidaria","Hexacorallia","Scleractinia","Poritidae","Porites","sp.","Porites sp.","Genus",206485
396,"C1C2","Modern","Egypt","El Quseir","Mangrove Bay","22/10/2023",25.87015,34.41968333,2,2569,8.5,"Deeper reef slope","Animalia","Cnidaria","Hexacorallia","Scleractinia","Agariciidae","Pavona","varians","Pavona varians","Species",207303
397,"C1C2","Modern","Egypt","El Quseir","Mangrove Bay","22/10/2023",25.87015,34.41968333,3,2569,8.5,"Deeper reef slope","Animalia","Cnidaria","Hexacorallia","Scleractinia","Poritidae","Porites","sp.","Porites sp.","Genus",206485
398,"C1C2","Modern","Egypt","El Quseir","Mangrove Bay","22/10/2023",25.87015,34.41968333,17,2569,8.5,"Deeper reef slope","Animalia","Cnidaria","Hexacorallia","Scleractinia","Merulinidae","Paramontastraea","peresi","Paramontastraea peresi","Species",762398
399,"C3C4","Modern","Egypt","El Quseir","Mangrove Bay","22/10/2023",25.87015,34.41968333,22,2074,8.6,"Deeper reef slope","Animalia","Cnidaria","Hexacorallia","Scleractinia","Acroporidae","Acropora","squarrosa","Acropora sp.","Genus",207053
400,"C3C4","Modern","Egypt","El Quseir","Mangrove Bay","22/10/2023",25.87015,34.41968333,13,2074,8.6,"Deeper reef slope","Animalia","Cnidaria","Hexacorallia","Scleractinia","Acroporidae","Acropora","squarrosa","Acropora sp.","Genus",207053
401,"C3C4","Modern","Egypt","El Quseir","Mangrove Bay","22/10/2023",25.87015,34.41968333,10,2074,8.6,"Deeper reef slope","Animalia","Cnidaria","Hexacorallia","Scleractinia","Acroporidae","Acropora","sp.","Acropora sp.","Genus",205469
402,"C3C4","Modern","Egypt","El Quseir","Mangrove Bay","22/10/2023",25.87015,34.41968333,11,2074,8.6,"Deeper reef slope","Animalia","Cnidaria","Hexacorallia","Scleractinia","Acroporidae","Acropora","squarrosa","Acropora sp.","Genus",207053
403,"C3C4","Modern","Egypt","El Quseir","Mangrove Bay","22/10/2023",25.87015,34.41968333,11,2074,8.6,"Deeper reef slope","Animalia","Cnidaria","Hexacorallia","Scleractinia","Acroporidae","Acropora","squarrosa","Acropora sp.","Genus",207053
404,"C3C4","Modern","Egypt","El Quseir","Mangrove Bay","22/10/2023",25.87015,34.41968333,8,2074,8.6,"Deeper reef slope","Animalia","Cnidaria","Hexacorallia","Scleractinia","Acroporidae","Acropora","hemprichii","Acropora sp.","Genus",288207
405,"C3C4","Modern","Egypt","El Quseir","Mangrove Bay","22/10/2023",25.87015,34.41968333,22,2074,8.6,"Deeper reef slope","Animalia","Cnidaria","Hexacorallia","Scleractinia","Acroporidae","Acropora","sp.","Acropora sp.","Genus",205469
406,"C3C4","Modern","Egypt","El Quseir","Mangrove Bay","22/10/2023",25.87015,34.41968333,12,2074,8.6,"Deeper reef slope","Animalia","Cnidaria","Hexacorallia","Scleractinia","Pocilloporidae","Stylophora","subseriata","Stylophora subseriata","Species",206980
407,"C3C4","Modern","Egypt","El Quseir","Mangrove Bay","22/10/2023",25.87015,34.41968333,18,2074,8.6,"Deeper reef slope","Animalia","Cnidaria","Hexacorallia","Scleractinia","Pocilloporidae","Pocillopora","damicornis","Pocillopora damicornis","Species",206953
408,"C3C4","Modern","Egypt","El Quseir","Mangrove Bay","22/10/2023",25.87015,34.41968333,13,2074,8.6,"Deeper reef slope","Animalia","Cnidaria","Hexacorallia","Scleractinia","Pocilloporidae","Pocillopora","damicornis","Pocillopora damicornis","Species",206953
409,"C3C4","Modern","Egypt","El Quseir","Mangrove Bay","22/10/2023",25.87015,34.41968333,10,2074,8.6,"Deeper reef slope","Animalia","Cnidaria","Hexacorallia","Scleractinia","Pocilloporidae","Pocillopora","damicornis","Pocillopora damicornis","Species",206953
410,"C3C4","Modern","Egypt","El Quseir","Mangrove Bay","22/10/2023",25.87015,34.41968333,6,2074,8.6,"Deeper reef slope","Animalia","Cnidaria","Hexacorallia","Scleractinia","Pocilloporidae","Pocillopora","verrucosa","Pocillopora verrucosa","Species",206954
411,"C3C4","Modern","Egypt","El Quseir","Mangrove Bay","22/10/2023",25.87015,34.41968333,3,2074,8.6,"Deeper reef slope","Animalia","Cnidaria","Hexacorallia","Scleractinia","Poritidae","Porites","sp.","Porites sp.","Genus",206485
412,"C3C4","Modern","Egypt","El Quseir","Mangrove Bay","22/10/2023",25.87015,34.41968333,4,2074,8.6,"Deeper reef slope","Animalia","Cnidaria","Hexacorallia","Scleractinia","Leptastreidae","Leptastrea","purpurea","Leptastrea purpurea","Species",207470
413,"C3C4","Modern","Egypt","El Quseir","Mangrove Bay","22/10/2023",25.87015,34.41968333,3,2074,8.6,"Deeper reef slope","Animalia","Cnidaria","Hexacorallia","Scleractinia","Euphylliidae","Gyrosmilia","interrupta","Gyrosmilia interrupta","Species",207496
414,"C3C4","Modern","Egypt","El Quseir","Mangrove Bay","22/10/2023",25.87015,34.41968333,7,2074,8.6,"Deeper reef slope","Animalia","Cnidaria","Hexacorallia","Scleractinia","Poritidae","Porites","sp.","Porites sp.","Genus",206485
415,"C3C4","Modern","Egypt","El Quseir","Mangrove Bay","22/10/2023",25.87015,34.41968333,6,2074,8.6,"Deeper reef slope","Animalia","Cnidaria","Hexacorallia","Scleractinia","Merulinidae","Goniastrea","pectinata","Goniastrea pectinata","Species",207464
416,"C3C4","Modern","Egypt","El Quseir","Mangrove Bay","22/10/2023",25.87015,34.41968333,10,2074,8.6,"Deeper reef slope","Animalia","Cnidaria","Hexacorallia","Scleractinia","Leptastreidae","Leptastrea","purpurea","Leptastrea purpurea","Species",207470
417,"C3C4","Modern","Egypt","El Quseir","Mangrove Bay","22/10/2023",25.87015,34.41968333,3,2074,8.6,"Deeper reef slope","Animalia","Cnidaria","Hexacorallia","Scleractinia","Acroporidae","Montipora","maeandrina","Montipora maeandrina","Species",207188
418,"C3C4","Modern","Egypt","El Quseir","Mangrove Bay","22/10/2023",25.87015,34.41968333,7,2074,8.6,"Deeper reef slope","Animalia","Cnidaria","Hexacorallia","Scleractinia","Merulinidae","Merulina","scheeri","Merulina scheeri","Species",207408
419,"C3C4","Modern","Egypt","El Quseir","Mangrove Bay","22/10/2023",25.87015,34.41968333,10,2074,8.6,"Deeper reef slope","Animalia","Cnidaria","Hexacorallia","Scleractinia","Merulinidae","Dipsastraea","laxa","Dipsastraea laxa","Species",758235
420,"C3C4","Modern","Egypt","El Quseir","Mangrove Bay","22/10/2023",25.87015,34.41968333,5,2074,8.6,"Deeper reef slope","Animalia","Cnidaria","Hexacorallia","Scleractinia","Acroporidae","Montipora","danae","Montipora danae","Species",207152
421,"C3C4","Modern","Egypt","El Quseir","Mangrove Bay","22/10/2023",25.87015,34.41968333,33,2074,8.6,"Deeper reef slope","Animalia","Cnidaria","Hexacorallia","Scleractinia","Merulinidae","Echinopora","forskaliana","Echinopora forskaliana","Species",288341
422,"C3C4","Modern","Egypt","El Quseir","Mangrove Bay","22/10/2023",25.87015,34.41968333,3,2074,8.6,"Deeper reef slope","Animalia","Cnidaria","Hexacorallia","Scleractinia","Merulinidae","Cyphastrea","kausti","Cyphastrea kausti","Species",843628
423,"C3C4","Modern","Egypt","El Quseir","Mangrove Bay","22/10/2023",25.87015,34.41968333,5,2074,8.6,"Deeper reef slope","Animalia","Cnidaria","Hexacorallia","Scleractinia","Merulinidae","Goniastrea","edwardsi","Goniastrea edwardsi","Species",207466
424,"C3C4","Modern","Egypt","El Quseir","Mangrove Bay","22/10/2023",25.87015,34.41968333,5,2074,8.6,"Deeper reef slope","Animalia","Cnidaria","Hexacorallia","Scleractinia","Leptastreidae","Leptastrea","bottae","Leptastrea bottae","Species",207476
425,"C3C4","Modern","Egypt","El Quseir","Mangrove Bay","22/10/2023",25.87015,34.41968333,3,2074,8.6,"Deeper reef slope","Animalia","Cnidaria","Hexacorallia","Scleractinia","Merulinidae","Cyphastrea","sp.","Cyphastrea sp.","Genus",206488
426,"C3C4","Modern","Egypt","El Quseir","Mangrove Bay","22/10/2023",25.87015,34.41968333,5,2074,8.6,"Deeper reef slope","Animalia","Cnidaria","Hexacorallia","Scleractinia","Dendrophylliidae","Turbinaria","mesenterina","Turbinaria mesenterina","Species",207511
427,"C3C4","Modern","Egypt","El Quseir","Mangrove Bay","22/10/2023",25.87015,34.41968333,4,2074,8.6,"Deeper reef slope","Animalia","Cnidaria","Hexacorallia","Scleractinia","Poritidae","Porites","sp.","Porites sp.","Genus",206485
428,"C3C4","Modern","Egypt","El Quseir","Mangrove Bay","22/10/2023",25.87015,34.41968333,18,2074,8.6,"Deeper reef slope","Animalia","Cnidaria","Hexacorallia","Scleractinia","Poritidae","Porites","rus","Porites sp.","Genus",207231
429,"C3C4","Modern","Egypt","El Quseir","Mangrove Bay","22/10/2023",25.87015,34.41968333,28,2074,8.6,"Deeper reef slope","Animalia","Cnidaria","Hexacorallia","Scleractinia","Poritidae","Porites","sp.","Porites sp.","Genus",206485
430,"C3C4","Modern","Egypt","El Quseir","Mangrove Bay","22/10/2023",25.87015,34.41968333,10,2074,8.6,"Deeper reef slope","Animalia","Cnidaria","Hexacorallia","Scleractinia","Poritidae","Porites","sp.","Porites sp.","Genus",206485
431,"C3C4","Modern","Egypt","El Quseir","Mangrove Bay","22/10/2023",25.87015,34.41968333,15,2074,8.6,"Deeper reef slope","Animalia","Cnidaria","Hexacorallia","Scleractinia","Merulinidae","Goniastrea","pectinata","Goniastrea pectinata","Species",207464
432,"C3C4","Modern","Egypt","El Quseir","Mangrove Bay","22/10/2023",25.87015,34.41968333,6,2074,8.6,"Deeper reef slope","Animalia","Cnidaria","Hexacorallia","Scleractinia","Poritidae","Porites","sp.","Porites sp.","Genus",206485
433,"C3C4","Modern","Egypt","El Quseir","Mangrove Bay","22/10/2023",25.87015,34.41968333,2,2074,8.6,"Deeper reef slope","Animalia","Cnidaria","Hexacorallia","Scleractinia","Poritidae","Porites","sp.","Porites sp.","Genus",206485
434,"C3C4","Modern","Egypt","El Quseir","Mangrove Bay","22/10/2023",25.87015,34.41968333,15,2074,8.6,"Deeper reef slope","Animalia","Cnidaria","Hexacorallia","Scleractinia","Poritidae","Porites","sp.","Porites sp.","Genus",206485
435,"C3C4","Modern","Egypt","El Quseir","Mangrove Bay","22/10/2023",25.87015,34.41968333,10,2074,8.6,"Deeper reef slope","Animalia","Cnidaria","Hexacorallia","Scleractinia","Poritidae","Porites","sp.","Porites sp.","Genus",206485
436,"C3C4","Modern","Egypt","El Quseir","Mangrove Bay","22/10/2023",25.87015,34.41968333,6,2074,8.6,"Deeper reef slope","Animalia","Cnidaria","Hexacorallia","Scleractinia","Poritidae","Porites","sp.","Porites sp.","Genus",206485
437,"C3C4","Modern","Egypt","El Quseir","Mangrove Bay","22/10/2023",25.87015,34.41968333,7,2074,8.6,"Deeper reef slope","Animalia","Cnidaria","Hexacorallia","Scleractinia","Poritidae","Porites","sp.","Porites sp.","Genus",206485
438,"C3C4","Modern","Egypt","El Quseir","Mangrove Bay","22/10/2023",25.87015,34.41968333,12,2074,8.6,"Deeper reef slope","Animalia","Cnidaria","Hexacorallia","Scleractinia","Merulinidae","Goniastrea","edwardsi","Goniastrea edwardsi","Species",207466
439,"C3C4","Modern","Egypt","El Quseir","Mangrove Bay","22/10/2023",25.87015,34.41968333,4,2074,8.6,"Deeper reef slope","Animalia","Cnidaria","Hexacorallia","Scleractinia","Poritidae","Porites","sp.","Porites sp.","Genus",206485
440,"C3C4","Modern","Egypt","El Quseir","Mangrove Bay","22/10/2023",25.87015,34.41968333,31,2074,8.6,"Deeper reef slope","Animalia","Cnidaria","Hexacorallia","Scleractinia","Merulinidae","Goniastrea","pectinata","Goniastrea pectinata","Species",207464
441,"C3C4","Modern","Egypt","El Quseir","Mangrove Bay","22/10/2023",25.87015,34.41968333,4,2074,8.6,"Deeper reef slope","Animalia","Cnidaria","Hexacorallia","Scleractinia","Poritidae","Porites","sp.","Porites sp.","Genus",206485
442,"C3C4","Modern","Egypt","El Quseir","Mangrove Bay","22/10/2023",25.87015,34.41968333,5,2074,8.6,"Deeper reef slope","Animalia","Cnidaria","Hexacorallia","Scleractinia","Poritidae","Porites","sp.","Porites sp.","Genus",206485
443,"C3C4","Modern","Egypt","El Quseir","Mangrove Bay","22/10/2023",25.87015,34.41968333,6,2074,8.6,"Deeper reef slope","Animalia","Cnidaria","Hexacorallia","Scleractinia","Merulinidae","Dipsastraea","speciosa","Dipsastraea speciosa","Species",758219
444,"C3C4","Modern","Egypt","El Quseir","Mangrove Bay","22/10/2023",25.87015,34.41968333,2,2074,8.6,"Deeper reef slope","Animalia","Cnidaria","Hexacorallia","Scleractinia","Poritidae","Porites","rus","Porites sp.","Genus",207231
445,"C3C4","Modern","Egypt","El Quseir","Mangrove Bay","22/10/2023",25.87015,34.41968333,3,2074,8.6,"Deeper reef slope","Animalia","Cnidaria","Hexacorallia","Scleractinia","Poritidae","Porites","sp.","Porites sp.","Genus",206485
446,"C3C4","Modern","Egypt","El Quseir","Mangrove Bay","22/10/2023",25.87015,34.41968333,8,2074,8.6,"Deeper reef slope","Animalia","Cnidaria","Hexacorallia","Scleractinia","Poritidae","Porites","sp.","Porites sp.","Genus",206485
447,"C3C4","Modern","Egypt","El Quseir","Mangrove Bay","22/10/2023",25.87015,34.41968333,2,2074,8.6,"Deeper reef slope","Animalia","Cnidaria","Hexacorallia","Scleractinia","Poritidae","Porites","sp.","Porites sp.","Genus",206485
448,"C3C4","Modern","Egypt","El Quseir","Mangrove Bay","22/10/2023",25.87015,34.41968333,5,2074,8.6,"Deeper reef slope","Animalia","Cnidaria","Hexacorallia","Scleractinia","Poritidae","Porites","sp.","Porites sp.","Genus",206485
449,"C3C4","Modern","Egypt","El Quseir","Mangrove Bay","22/10/2023",25.87015,34.41968333,7,2074,8.6,"Deeper reef slope","Animalia","Cnidaria","Hexacorallia","Scleractinia","Merulinidae","Cyphastrea","kausti","Cyphastrea kausti","Species",843628
450,"C3C4","Modern","Egypt","El Quseir","Mangrove Bay","22/10/2023",25.87015,34.41968333,12,2074,8.6,"Deeper reef slope","Animalia","Cnidaria","Hexacorallia","Scleractinia","Merulinidae","Goniastrea","edwardsi","Goniastrea edwardsi","Species",207466
451,"C3C4","Modern","Egypt","El Quseir","Mangrove Bay","22/10/2023",25.87015,34.41968333,5,2074,8.6,"Deeper reef slope","Animalia","Cnidaria","Hexacorallia","Scleractinia","Merulinidae","Cyphastrea","microphthalma","Cyphastrea microphthalma","Species",207416
452,"C3C4","Modern","Egypt","El Quseir","Mangrove Bay","22/10/2023",25.87015,34.41968333,7,2074,8.6,"Deeper reef slope","Animalia","Cnidaria","Hexacorallia","Scleractinia","Poritidae","Porites","sp.","Porites sp.","Genus",206485
453,"C3C4","Modern","Egypt","El Quseir","Mangrove Bay","22/10/2023",25.87015,34.41968333,5,2074,8.6,"Deeper reef slope","Animalia","Cnidaria","Hexacorallia","Scleractinia","Poritidae","Porites","sp.","Porites sp.","Genus",206485
454,"C5C6","Modern","Egypt","El Quseir","Mangrove Bay","24/10/2023",25.87015,34.41968333,8,2025,8.8,"Deeper reef slope","Animalia","Cnidaria","Hexacorallia","Scleractinia","Acroporidae","Acropora","sp.","Acropora sp.","Genus",205469
455,"C5C6","Modern","Egypt","El Quseir","Mangrove Bay","24/10/2023",25.87015,34.41968333,5,2025,8.8,"Deeper reef slope","Animalia","Cnidaria","Hexacorallia","Scleractinia","Acroporidae","Acropora","squarrosa","Acropora sp.","Genus",207053
456,"C5C6","Modern","Egypt","El Quseir","Mangrove Bay","24/10/2023",25.87015,34.41968333,2,2025,8.8,"Deeper reef slope","Animalia","Cnidaria","Hexacorallia","Scleractinia","Acroporidae","Acropora","sp.","Acropora sp.","Genus",205469
457,"C5C6","Modern","Egypt","El Quseir","Mangrove Bay","24/10/2023",25.87015,34.41968333,68,2025,8.8,"Deeper reef slope","Animalia","Cnidaria","Hexacorallia","Scleractinia","Acroporidae","Acropora","squarrosa","Acropora sp.","Genus",207053
458,"C5C6","Modern","Egypt","El Quseir","Mangrove Bay","24/10/2023",25.87015,34.41968333,22,2025,8.8,"Deeper reef slope","Animalia","Cnidaria","Hexacorallia","Scleractinia","Acroporidae","Acropora","squarrosa","Acropora sp.","Genus",207053
459,"C5C6","Modern","Egypt","El Quseir","Mangrove Bay","24/10/2023",25.87015,34.41968333,15,2025,8.8,"Deeper reef slope","Animalia","Cnidaria","Hexacorallia","Scleractinia","Acroporidae","Acropora","squarrosa","Acropora sp.","Genus",207053
460,"C5C6","Modern","Egypt","El Quseir","Mangrove Bay","24/10/2023",25.87015,34.41968333,15,2025,8.8,"Deeper reef slope","Animalia","Cnidaria","Hexacorallia","Scleractinia","Merulinidae","Echinopora","fruticulosa","Echinopora fruticulosa","Species",207422
461,"C5C6","Modern","Egypt","El Quseir","Mangrove Bay","24/10/2023",25.87015,34.41968333,7,2025,8.8,"Deeper reef slope","Animalia","Cnidaria","Hexacorallia","Scleractinia","Merulinidae","Echinopora","fruticulosa","Echinopora fruticulosa","Species",207422
462,"C5C6","Modern","Egypt","El Quseir","Mangrove Bay","24/10/2023",25.87015,34.41968333,6,2025,8.8,"Deeper reef slope","Animalia","Cnidaria","Hexacorallia","Scleractinia","Pocilloporidae","Seriatopora","caliendrum","Seriatopora caliendrum","Species",206969
463,"C5C6","Modern","Egypt","El Quseir","Mangrove Bay","24/10/2023",25.87015,34.41968333,11,2025,8.8,"Deeper reef slope","Animalia","Cnidaria","Hexacorallia","Scleractinia","Pocilloporidae","Seriatopora","caliendrum","Seriatopora caliendrum","Species",206969
464,"C5C6","Modern","Egypt","El Quseir","Mangrove Bay","24/10/2023",25.87015,34.41968333,18,2025,8.8,"Deeper reef slope","Animalia","Cnidaria","Hexacorallia","Scleractinia","Pocilloporidae","Pocillopora","damicornis","Pocillopora damicornis","Species",206953
465,"C5C6","Modern","Egypt","El Quseir","Mangrove Bay","24/10/2023",25.87015,34.41968333,25,2025,8.8,"Deeper reef slope","Animalia","Cnidaria","Hexacorallia","Scleractinia","Merulinidae","Echinopora","fruticulosa","Echinopora fruticulosa","Species",207422
466,"C5C6","Modern","Egypt","El Quseir","Mangrove Bay","24/10/2023",25.87015,34.41968333,14,2025,8.8,"Deeper reef slope","Animalia","Cnidaria","Hexacorallia","Scleractinia","Pocilloporidae","Pocillopora","damicornis","Pocillopora damicornis","Species",206953
467,"C5C6","Modern","Egypt","El Quseir","Mangrove Bay","24/10/2023",25.87015,34.41968333,16,2025,8.8,"Deeper reef slope","Animalia","Cnidaria","Hexacorallia","Scleractinia","Pocilloporidae","Pocillopora","damicornis","Pocillopora damicornis","Species",206953
468,"C5C6","Modern","Egypt","El Quseir","Mangrove Bay","24/10/2023",25.87015,34.41968333,15,2025,8.8,"Deeper reef slope","Animalia","Cnidaria","Hexacorallia","Scleractinia","Pocilloporidae","Pocillopora","damicornis","Pocillopora damicornis","Species",206953
469,"C5C6","Modern","Egypt","El Quseir","Mangrove Bay","24/10/2023",25.87015,34.41968333,4,2025,8.8,"Deeper reef slope","Animalia","Cnidaria","Hexacorallia","Scleractinia","Merulinidae","Echinopora","forskaliana","Echinopora forskaliana","Species",288341
470,"C5C6","Modern","Egypt","El Quseir","Mangrove Bay","24/10/2023",25.87015,34.41968333,7,2025,8.8,"Deeper reef slope","Animalia","Cnidaria","Hexacorallia","Scleractinia","Acroporidae","Montipora","efflorescens","Montipora efflorescens","Species",207163
471,"C5C6","Modern","Egypt","El Quseir","Mangrove Bay","24/10/2023",25.87015,34.41968333,1,2025,8.8,"Deeper reef slope","Animalia","Cnidaria","Hexacorallia","Scleractinia","Acroporidae","Montipora","efflorescens","Montipora efflorescens","Species",207163
472,"C5C6","Modern","Egypt","El Quseir","Mangrove Bay","24/10/2023",25.87015,34.41968333,2,2025,8.8,"Deeper reef slope","Animalia","Cnidaria","Hexacorallia","Scleractinia","Acroporidae","Montipora","efflorescens","Montipora efflorescens","Species",207163
473,"C5C6","Modern","Egypt","El Quseir","Mangrove Bay","24/10/2023",25.87015,34.41968333,12,2025,8.8,"Deeper reef slope","Animalia","Cnidaria","Hexacorallia","Scleractinia","Acroporidae","Montipora","efflorescens","Montipora efflorescens","Species",207163
474,"C5C6","Modern","Egypt","El Quseir","Mangrove Bay","24/10/2023",25.87015,34.41968333,10,2025,8.8,"Deeper reef slope","Animalia","Cnidaria","Hexacorallia","Scleractinia","Acroporidae","Montipora","maeandrina","Montipora maeandrina","Species",207188
475,"C5C6","Modern","Egypt","El Quseir","Mangrove Bay","24/10/2023",25.87015,34.41968333,8,2025,8.8,"Deeper reef slope","Animalia","Cnidaria","Hexacorallia","Scleractinia","Acroporidae","Montipora","maeandrina","Montipora maeandrina","Species",207188
476,"C5C6","Modern","Egypt","El Quseir","Mangrove Bay","24/10/2023",25.87015,34.41968333,5,2025,8.8,"Deeper reef slope","Animalia","Cnidaria","Hexacorallia","Scleractinia","Merulinidae","Dipsastraea","faviaformis","Dipsastraea faviaformis","Species",888171
477,"C5C6","Modern","Egypt","El Quseir","Mangrove Bay","24/10/2023",25.87015,34.41968333,10,2025,8.8,"Deeper reef slope","Animalia","Cnidaria","Hexacorallia","Scleractinia","Euphylliidae","Galaxea","fascicularis","Galaxea fascicularis","Species",207366
478,"C5C6","Modern","Egypt","El Quseir","Mangrove Bay","24/10/2023",25.87015,34.41968333,6,2025,8.8,"Deeper reef slope","Animalia","Cnidaria","Hexacorallia","Scleractinia","Lobophylliidae","Echinophyllia","sp.","Echinophyllia sp.","Genus",204799
479,"C5C6","Modern","Egypt","El Quseir","Mangrove Bay","24/10/2023",25.87015,34.41968333,3,2025,8.8,"Deeper reef slope","Animalia","Cnidaria","Hexacorallia","Scleractinia","Merulinidae","Echinopora","forskaliana","Echinopora forskaliana","Species",288341
480,"C5C6","Modern","Egypt","El Quseir","Mangrove Bay","24/10/2023",25.87015,34.41968333,3,2025,8.8,"Deeper reef slope","Animalia","Cnidaria","Hexacorallia","Scleractinia","Merulinidae","Echinopora","forskaliana","Echinopora forskaliana","Species",288341
481,"C5C6","Modern","Egypt","El Quseir","Mangrove Bay","24/10/2023",25.87015,34.41968333,10,2025,8.8,"Deeper reef slope","Animalia","Cnidaria","Hexacorallia","Scleractinia","Merulinidae","Dipsastraea","matthaii","Dipsastraea matthaii","Species",758240
482,"C5C6","Modern","Egypt","El Quseir","Mangrove Bay","24/10/2023",25.87015,34.41968333,18,2025,8.8,"Deeper reef slope","Animalia","Cnidaria","Hexacorallia","Scleractinia","Merulinidae","Goniastrea","pectinata","Goniastrea pectinata","Species",207464
483,"C5C6","Modern","Egypt","El Quseir","Mangrove Bay","24/10/2023",25.87015,34.41968333,4,2025,8.8,"Deeper reef slope","Animalia","Cnidaria","Hexacorallia","Scleractinia","Poritidae","Porites","sp.","Porites sp.","Genus",206485
484,"C5C6","Modern","Egypt","El Quseir","Mangrove Bay","24/10/2023",25.87015,34.41968333,25,2025,8.8,"Deeper reef slope","Animalia","Cnidaria","Hexacorallia","Scleractinia","Merulinidae","Goniastrea","pectinata","Goniastrea pectinata","Species",207464
485,"C5C6","Modern","Egypt","El Quseir","Mangrove Bay","24/10/2023",25.87015,34.41968333,5,2025,8.8,"Deeper reef slope","Animalia","Cnidaria","Hexacorallia","Scleractinia","Poritidae","Porites","sp.","Porites sp.","Genus",206485
486,"C5C6","Modern","Egypt","El Quseir","Mangrove Bay","24/10/2023",25.87015,34.41968333,2,2025,8.8,"Deeper reef slope","Animalia","Cnidaria","Hexacorallia","Scleractinia","Poritidae","Porites","sp.","Porites sp.","Genus",206485
487,"C5C6","Modern","Egypt","El Quseir","Mangrove Bay","24/10/2023",25.87015,34.41968333,2,2025,8.8,"Deeper reef slope","Animalia","Cnidaria","Hexacorallia","Scleractinia","Poritidae","Porites","sp.","Porites sp.","Genus",206485
488,"C5C6","Modern","Egypt","El Quseir","Mangrove Bay","24/10/2023",25.87015,34.41968333,10,2025,8.8,"Deeper reef slope","Animalia","Cnidaria","Hexacorallia","Scleractinia","Merulinidae","Goniastrea","pectinata","Goniastrea pectinata","Species",207464
489,"C5C6","Modern","Egypt","El Quseir","Mangrove Bay","24/10/2023",25.87015,34.41968333,6,2025,8.8,"Deeper reef slope","Animalia","Cnidaria","Hexacorallia","Scleractinia","Merulinidae","Goniastrea","edwardsi","Goniastrea edwardsi","Species",207466
490,"C5C6","Modern","Egypt","El Quseir","Mangrove Bay","24/10/2023",25.87015,34.41968333,3,2025,8.8,"Deeper reef slope","Animalia","Cnidaria","Hexacorallia","Scleractinia","Poritidae","Porites","sp.","Porites sp.","Genus",206485
491,"C5C6","Modern","Egypt","El Quseir","Mangrove Bay","24/10/2023",25.87015,34.41968333,3,2025,8.8,"Deeper reef slope","Animalia","Cnidaria","Hexacorallia","Scleractinia","Poritidae","Porites","sp.","Porites sp.","Genus",206485
492,"C5C6","Modern","Egypt","El Quseir","Mangrove Bay","24/10/2023",25.87015,34.41968333,6,2025,8.8,"Deeper reef slope","Animalia","Cnidaria","Hexacorallia","Scleractinia","Poritidae","Porites","sp.","Porites sp.","Genus",206485
493,"C5C6","Modern","Egypt","El Quseir","Mangrove Bay","24/10/2023",25.87015,34.41968333,3,2025,8.8,"Deeper reef slope","Animalia","Cnidaria","Hydrozoa","Anthoathecata","Milleporidae","Millepora","exaesa","Millepora sp.","Genus",210728
494,"C5C6","Modern","Egypt","El Quseir","Mangrove Bay","24/10/2023",25.87015,34.41968333,2,2025,8.8,"Deeper reef slope","Animalia","Cnidaria","Hexacorallia","Scleractinia","Merulinidae","Goniastrea","pectinata","Goniastrea pectinata","Species",207464
495,"C5C6","Modern","Egypt","El Quseir","Mangrove Bay","24/10/2023",25.87015,34.41968333,16,2025,8.8,"Deeper reef slope","Animalia","Cnidaria","Hexacorallia","Scleractinia","Merulinidae","Goniastrea","pectinata","Goniastrea pectinata","Species",207464
496,"C5C6","Modern","Egypt","El Quseir","Mangrove Bay","24/10/2023",25.87015,34.41968333,6,2025,8.8,"Deeper reef slope","Animalia","Cnidaria","Hexacorallia","Scleractinia","Merulinidae","Goniastrea","pectinata","Goniastrea pectinata","Species",207464
497,"C5C6","Modern","Egypt","El Quseir","Mangrove Bay","24/10/2023",25.87015,34.41968333,5,2025,8.8,"Deeper reef slope","Animalia","Cnidaria","Hexacorallia","Scleractinia","Poritidae","Porites","sp.","Porites sp.","Genus",206485
498,"C5C6","Modern","Egypt","El Quseir","Mangrove Bay","24/10/2023",25.87015,34.41968333,8,2025,8.8,"Deeper reef slope","Animalia","Cnidaria","Hexacorallia","Scleractinia","Merulinidae","Goniastrea","pectinata","Goniastrea pectinata","Species",207464
499,"C5C6","Modern","Egypt","El Quseir","Mangrove Bay","24/10/2023",25.87015,34.41968333,3,2025,8.8,"Deeper reef slope","Animalia","Cnidaria","Hexacorallia","Scleractinia","Poritidae","Porites","sp.","Porites sp.","Genus",206485
500,"C5C6","Modern","Egypt","El Quseir","Mangrove Bay","24/10/2023",25.87015,34.41968333,6,2025,8.8,"Deeper reef slope","Animalia","Cnidaria","Hexacorallia","Scleractinia","Merulinidae","Goniastrea","pectinata","Goniastrea pectinata","Species",207464
501,"C5C6","Modern","Egypt","El Quseir","Mangrove Bay","24/10/2023",25.87015,34.41968333,3,2025,8.8,"Deeper reef slope","Animalia","Cnidaria","Hexacorallia","Scleractinia","Poritidae","Porites","sp.","Porites sp.","Genus",206485
502,"C5C6","Modern","Egypt","El Quseir","Mangrove Bay","24/10/2023",25.87015,34.41968333,2,2025,8.8,"Deeper reef slope","Animalia","Cnidaria","Hexacorallia","Scleractinia","Merulinidae","Goniastrea","pectinata","Goniastrea pectinata","Species",207464
503,"C5C6","Modern","Egypt","El Quseir","Mangrove Bay","24/10/2023",25.87015,34.41968333,5,2025,8.8,"Deeper reef slope","Animalia","Cnidaria","Hexacorallia","Scleractinia","Poritidae","Porites","sp.","Porites sp.","Genus",206485
504,"C5C6","Modern","Egypt","El Quseir","Mangrove Bay","24/10/2023",25.87015,34.41968333,3,2025,8.8,"Deeper reef slope","Animalia","Cnidaria","Hexacorallia","Scleractinia","Poritidae","Porites","sp.","Porites sp.","Genus",206485
505,"C5C6","Modern","Egypt","El Quseir","Mangrove Bay","24/10/2023",25.87015,34.41968333,3,2025,8.8,"Deeper reef slope","Animalia","Cnidaria","Hexacorallia","Scleractinia","Poritidae","Porites","sp.","Porites sp.","Genus",206485
506,"C5C6","Modern","Egypt","El Quseir","Mangrove Bay","24/10/2023",25.87015,34.41968333,5,2025,8.8,"Deeper reef slope","Animalia","Cnidaria","Hexacorallia","Scleractinia","Merulinidae","Goniastrea","pectinata","Goniastrea pectinata","Species",207464
507,"C5C6","Modern","Egypt","El Quseir","Mangrove Bay","24/10/2023",25.87015,34.41968333,6,2025,8.8,"Deeper reef slope","Animalia","Cnidaria","Hexacorallia","Scleractinia","Merulinidae","Goniastrea","pectinata","Goniastrea pectinata","Species",207464
508,"C5C6","Modern","Egypt","El Quseir","Mangrove Bay","24/10/2023",25.87015,34.41968333,6,2025,8.8,"Deeper reef slope","Animalia","Cnidaria","Hexacorallia","Scleractinia","Merulinidae","Goniastrea","pectinata","Goniastrea pectinata","Species",207464
509,"C5C6","Modern","Egypt","El Quseir","Mangrove Bay","24/10/2023",25.87015,34.41968333,2,2025,8.8,"Deeper reef slope","Animalia","Cnidaria","Hexacorallia","Scleractinia","Poritidae","Porites","sp.","Porites sp.","Genus",206485
510,"C5C6","Modern","Egypt","El Quseir","Mangrove Bay","24/10/2023",25.87015,34.41968333,3,2025,8.8,"Deeper reef slope","Animalia","Cnidaria","Hexacorallia","Scleractinia","Merulinidae","Paramontastraea","peresi","Paramontastraea peresi","Species",762398
511,"C5C6","Modern","Egypt","El Quseir","Mangrove Bay","24/10/2023",25.87015,34.41968333,12,2025,8.8,"Deeper reef slope","Animalia","Cnidaria","Hexacorallia","Scleractinia","Merulinidae","Goniastrea","pectinata","Goniastrea pectinata","Species",207464
512,"C5C6","Modern","Egypt","El Quseir","Mangrove Bay","24/10/2023",25.87015,34.41968333,10,2025,8.8,"Deeper reef slope","Animalia","Cnidaria","Hexacorallia","Scleractinia","Poritidae","Porites","sp.","Porites sp.","Genus",206485
513,"C5C6","Modern","Egypt","El Quseir","Mangrove Bay","24/10/2023",25.87015,34.41968333,3,2025,8.8,"Deeper reef slope","Animalia","Cnidaria","Hexacorallia","Scleractinia","Poritidae","Porites","sp.","Porites sp.","Genus",206485
514,"C5C6","Modern","Egypt","El Quseir","Mangrove Bay","24/10/2023",25.87015,34.41968333,2,2025,8.8,"Deeper reef slope","Animalia","Cnidaria","Hexacorallia","Scleractinia","Merulinidae","Goniastrea","pectinata","Goniastrea pectinata","Species",207464
515,"C5C6","Modern","Egypt","El Quseir","Mangrove Bay","24/10/2023",25.87015,34.41968333,10,2025,8.8,"Deeper reef slope","Animalia","Cnidaria","Hexacorallia","Scleractinia","Merulinidae","Goniastrea","pectinata","Goniastrea pectinata","Species",207464
516,"C5C6","Modern","Egypt","El Quseir","Mangrove Bay","24/10/2023",25.87015,34.41968333,9,2025,8.8,"Deeper reef slope","Animalia","Cnidaria","Hexacorallia","Scleractinia","Poritidae","Porites","sp.","Porites sp.","Genus",206485
517,"C5C6","Modern","Egypt","El Quseir","Mangrove Bay","24/10/2023",25.87015,34.41968333,8,2025,8.8,"Deeper reef slope","Animalia","Cnidaria","Hexacorallia","Scleractinia","Merulinidae","Goniastrea","pectinata","Goniastrea pectinata","Species",207464
518,"C5C6","Modern","Egypt","El Quseir","Mangrove Bay","24/10/2023",25.87015,34.41968333,7,2025,8.8,"Deeper reef slope","Animalia","Cnidaria","Hexacorallia","Scleractinia","Merulinidae","Goniastrea","edwardsi","Goniastrea edwardsi","Species",207466
519,"C5C6","Modern","Egypt","El Quseir","Mangrove Bay","24/10/2023",25.87015,34.41968333,3,2025,8.8,"Deeper reef slope","Animalia","Cnidaria","Hexacorallia","Scleractinia","Merulinidae","Goniastrea","edwardsi","Goniastrea edwardsi","Species",207466
520,"D1D2","Modern","Egypt","El Quseir","Mangrove Bay","19/10/2023",25.8697167,34.419,5,2067,1,"Reef edge","Animalia","Cnidaria","Hexacorallia","Scleractinia","Acroporidae","Acropora","digitifera","Acropora sp.","Genus",207045
521,"D1D2","Modern","Egypt","El Quseir","Mangrove Bay","19/10/2023",25.8697167,34.419,14,2067,1,"Reef edge","Animalia","Cnidaria","Hexacorallia","Scleractinia","Acroporidae","Acropora","sp.","Acropora sp.","Genus",205469
522,"D1D2","Modern","Egypt","El Quseir","Mangrove Bay","19/10/2023",25.8697167,34.419,12,2067,1,"Reef edge","Animalia","Cnidaria","Hexacorallia","Scleractinia","Pocilloporidae","Pocillopora","verrucosa","Pocillopora verrucosa","Species",206954
523,"D1D2","Modern","Egypt","El Quseir","Mangrove Bay","19/10/2023",25.8697167,34.419,5,2067,1,"Reef edge","Animalia","Cnidaria","Hexacorallia","Scleractinia","Pocilloporidae","Pocillopora","verrucosa","Pocillopora verrucosa","Species",206954
524,"D1D2","Modern","Egypt","El Quseir","Mangrove Bay","19/10/2023",25.8697167,34.419,20,2067,1,"Reef edge","Animalia","Cnidaria","Hexacorallia","Scleractinia","Pocilloporidae","Pocillopora","verrucosa","Pocillopora verrucosa","Species",206954
525,"D1D2","Modern","Egypt","El Quseir","Mangrove Bay","19/10/2023",25.8697167,34.419,3,2067,1,"Reef edge","Animalia","Cnidaria","Hexacorallia","Scleractinia","Pocilloporidae","Pocillopora","verrucosa","Pocillopora verrucosa","Species",206954
526,"D1D2","Modern","Egypt","El Quseir","Mangrove Bay","19/10/2023",25.8697167,34.419,18,2067,1,"Reef edge","Animalia","Cnidaria","Hexacorallia","Scleractinia","Pocilloporidae","Pocillopora","verrucosa","Pocillopora verrucosa","Species",206954
527,"D1D2","Modern","Egypt","El Quseir","Mangrove Bay","19/10/2023",25.8697167,34.419,10,2067,1,"Reef edge","Animalia","Cnidaria","Hexacorallia","Scleractinia","Pocilloporidae","Pocillopora","verrucosa","Pocillopora verrucosa","Species",206954
528,"D1D2","Modern","Egypt","El Quseir","Mangrove Bay","19/10/2023",25.8697167,34.419,9,2067,1,"Reef edge","Animalia","Cnidaria","Hexacorallia","Scleractinia","Pocilloporidae","Pocillopora","damicornis","Pocillopora damicornis","Species",206953
529,"D1D2","Modern","Egypt","El Quseir","Mangrove Bay","19/10/2023",25.8697167,34.419,16,2067,1,"Reef edge","Animalia","Cnidaria","Hexacorallia","Scleractinia","Pocilloporidae","Pocillopora","verrucosa","Pocillopora verrucosa","Species",206954
530,"D1D2","Modern","Egypt","El Quseir","Mangrove Bay","19/10/2023",25.8697167,34.419,8,2067,1,"Reef edge","Animalia","Cnidaria","Hexacorallia","Scleractinia","Pocilloporidae","Pocillopora","verrucosa","Pocillopora verrucosa","Species",206954
531,"D1D2","Modern","Egypt","El Quseir","Mangrove Bay","19/10/2023",25.8697167,34.419,8,2067,1,"Reef edge","Animalia","Cnidaria","Hexacorallia","Scleractinia","Pocilloporidae","Pocillopora","verrucosa","Pocillopora verrucosa","Species",206954
532,"D1D2","Modern","Egypt","El Quseir","Mangrove Bay","19/10/2023",25.8697167,34.419,16,2067,1,"Reef edge","Animalia","Cnidaria","Hexacorallia","Scleractinia","Pocilloporidae","Pocillopora","verrucosa","Pocillopora verrucosa","Species",206954
533,"D1D2","Modern","Egypt","El Quseir","Mangrove Bay","19/10/2023",25.8697167,34.419,26,2067,1,"Reef edge","Animalia","Cnidaria","Hexacorallia","Scleractinia","Acroporidae","Montipora","tuberculosa","Montipora tuberculosa","Species",207156
534,"D1D2","Modern","Egypt","El Quseir","Mangrove Bay","19/10/2023",25.8697167,34.419,5,2067,1,"Reef edge","Animalia","Cnidaria","Hexacorallia","Scleractinia","Acroporidae","Montipora","tuberculosa","Montipora tuberculosa","Species",207156
535,"D1D2","Modern","Egypt","El Quseir","Mangrove Bay","19/10/2023",25.8697167,34.419,8,2067,1,"Reef edge","Animalia","Cnidaria","Hydrozoa","Anthoathecata","Milleporidae","Millepora","dichotoma","Millepora sp.","Genus",210733
536,"D1D2","Modern","Egypt","El Quseir","Mangrove Bay","19/10/2023",25.8697167,34.419,31,2067,1,"Reef edge","Animalia","Cnidaria","Hydrozoa","Anthoathecata","Milleporidae","Millepora","dichotoma","Millepora sp.","Genus",210733
537,"D1D2","Modern","Egypt","El Quseir","Mangrove Bay","19/10/2023",25.8697167,34.419,31,2067,1,"Reef edge","Animalia","Cnidaria","Hydrozoa","Anthoathecata","Milleporidae","Millepora","dichotoma","Millepora sp.","Genus",210733
538,"D1D2","Modern","Egypt","El Quseir","Mangrove Bay","19/10/2023",25.8697167,34.419,10,2067,1,"Reef edge","Animalia","Cnidaria","Hydrozoa","Anthoathecata","Milleporidae","Millepora","dichotoma","Millepora sp.","Genus",210733
539,"D1D2","Modern","Egypt","El Quseir","Mangrove Bay","19/10/2023",25.8697167,34.419,8,2067,1,"Reef edge","Animalia","Cnidaria","Hydrozoa","Anthoathecata","Milleporidae","Millepora","dichotoma","Millepora sp.","Genus",210733
540,"D1D2","Modern","Egypt","El Quseir","Mangrove Bay","19/10/2023",25.8697167,34.419,8,2067,1,"Reef edge","Animalia","Cnidaria","Hydrozoa","Anthoathecata","Milleporidae","Millepora","dichotoma","Millepora sp.","Genus",210733
541,"D1D2","Modern","Egypt","El Quseir","Mangrove Bay","19/10/2023",25.8697167,34.419,33,2067,1,"Reef edge","Animalia","Cnidaria","Hydrozoa","Anthoathecata","Milleporidae","Millepora","dichotoma","Millepora sp.","Genus",210733
542,"D1D2","Modern","Egypt","El Quseir","Mangrove Bay","19/10/2023",25.8697167,34.419,30,2067,1,"Reef edge","Animalia","Cnidaria","Hydrozoa","Anthoathecata","Milleporidae","Millepora","dichotoma","Millepora sp.","Genus",210733
543,"D1D2","Modern","Egypt","El Quseir","Mangrove Bay","19/10/2023",25.8697167,34.419,13,2067,1,"Reef edge","Animalia","Cnidaria","Hydrozoa","Anthoathecata","Milleporidae","Millepora","dichotoma","Millepora sp.","Genus",210733
544,"D1D2","Modern","Egypt","El Quseir","Mangrove Bay","19/10/2023",25.8697167,34.419,45,2067,1,"Reef edge","Animalia","Cnidaria","Hydrozoa","Anthoathecata","Milleporidae","Millepora","dichotoma","Millepora sp.","Genus",210733
545,"D1D2","Modern","Egypt","El Quseir","Mangrove Bay","19/10/2023",25.8697167,34.419,103,2067,1,"Reef edge","Animalia","Cnidaria","Hydrozoa","Anthoathecata","Milleporidae","Millepora","platyphylla","Millepora sp.","Genus",210730
546,"D1D2","Modern","Egypt","El Quseir","Mangrove Bay","19/10/2023",25.8697167,34.419,51,2067,1,"Reef edge","Animalia","Cnidaria","Hydrozoa","Anthoathecata","Milleporidae","Millepora","platyphylla","Millepora sp.","Genus",210730
547,"D1D2","Modern","Egypt","El Quseir","Mangrove Bay","19/10/2023",25.8697167,34.419,2,2067,1,"Reef edge","Animalia","Cnidaria","Hydrozoa","Anthoathecata","Milleporidae","Millepora","platyphylla","Millepora sp.","Genus",210730
548,"D1D2","Modern","Egypt","El Quseir","Mangrove Bay","19/10/2023",25.8697167,34.419,45,2067,1,"Reef edge","Animalia","Cnidaria","Hexacorallia","Scleractinia","Poritidae","Porites","sp.","Porites sp.","Genus",206485
549,"D1D2","Modern","Egypt","El Quseir","Mangrove Bay","19/10/2023",25.8697167,34.419,27,2067,1,"Reef edge","Animalia","Cnidaria","Hexacorallia","Scleractinia","Poritidae","Porites","sp.","Porites sp.","Genus",206485
550,"D1D2","Modern","Egypt","El Quseir","Mangrove Bay","19/10/2023",25.8697167,34.419,10,2067,1,"Reef edge","Animalia","Cnidaria","Hexacorallia","Scleractinia","Poritidae","Porites","sp.","Porites sp.","Genus",206485
551,"D1D2","Modern","Egypt","El Quseir","Mangrove Bay","19/10/2023",25.8697167,34.419,24,2067,1,"Reef edge","Animalia","Cnidaria","Hexacorallia","Scleractinia","Poritidae","Porites","sp.","Porites sp.","Genus",206485
552,"D1D2","Modern","Egypt","El Quseir","Mangrove Bay","19/10/2023",25.8697167,34.419,24,2067,1,"Reef edge","Animalia","Cnidaria","Hexacorallia","Scleractinia","Poritidae","Porites","sp.","Porites sp.","Genus",206485
553,"D1D2","Modern","Egypt","El Quseir","Mangrove Bay","19/10/2023",25.8697167,34.419,23,2067,1,"Reef edge","Animalia","Cnidaria","Hexacorallia","Scleractinia","Poritidae","Porites","sp.","Porites sp.","Genus",206485
554,"D1D2","Modern","Egypt","El Quseir","Mangrove Bay","19/10/2023",25.8697167,34.419,18,2067,1,"Reef edge","Animalia","Cnidaria","Hexacorallia","Scleractinia","Poritidae","Porites","sp.","Porites sp.","Genus",206485
555,"D1D2","Modern","Egypt","El Quseir","Mangrove Bay","19/10/2023",25.8697167,34.419,76,2067,1,"Reef edge","Animalia","Cnidaria","Hexacorallia","Scleractinia","Poritidae","Porites","sp.","Porites sp.","Genus",206485
556,"D1D2","Modern","Egypt","El Quseir","Mangrove Bay","19/10/2023",25.8697167,34.419,19,2067,1,"Reef edge","Animalia","Cnidaria","Hexacorallia","Scleractinia","Poritidae","Porites","sp.","Porites sp.","Genus",206485
557,"D1D2","Modern","Egypt","El Quseir","Mangrove Bay","19/10/2023",25.8697167,34.419,31,2067,1,"Reef edge","Animalia","Cnidaria","Hexacorallia","Scleractinia","Poritidae","Porites","sp.","Porites sp.","Genus",206485
558,"D1D2","Modern","Egypt","El Quseir","Mangrove Bay","19/10/2023",25.8697167,34.419,33,2067,1,"Reef edge","Animalia","Cnidaria","Hexacorallia","Scleractinia","Poritidae","Porites","sp.","Porites sp.","Genus",206485
559,"D1D2","Modern","Egypt","El Quseir","Mangrove Bay","19/10/2023",25.8697167,34.419,23,2067,1,"Reef edge","Animalia","Cnidaria","Hexacorallia","Scleractinia","Poritidae","Porites","sp.","Porites sp.","Genus",206485
560,"D1D2","Modern","Egypt","El Quseir","Mangrove Bay","19/10/2023",25.8697167,34.419,13,2067,1,"Reef edge","Animalia","Cnidaria","Hexacorallia","Scleractinia","Poritidae","Porites","sp.","Porites sp.","Genus",206485
561,"D1D2","Modern","Egypt","El Quseir","Mangrove Bay","19/10/2023",25.8697167,34.419,10,2067,1,"Reef edge","Animalia","Cnidaria","Hexacorallia","Scleractinia","Poritidae","Porites","sp.","Porites sp.","Genus",206485
562,"D1D2","Modern","Egypt","El Quseir","Mangrove Bay","19/10/2023",25.8697167,34.419,26,2067,1,"Reef edge","Animalia","Cnidaria","Hexacorallia","Scleractinia","Poritidae","Porites","sp.","Porites sp.","Genus",206485
563,"D1D2","Modern","Egypt","El Quseir","Mangrove Bay","19/10/2023",25.8697167,34.419,10,2067,1,"Reef edge","Animalia","Cnidaria","Hexacorallia","Scleractinia","Poritidae","Porites","sp.","Porites sp.","Genus",206485
564,"D1D2","Modern","Egypt","El Quseir","Mangrove Bay","19/10/2023",25.8697167,34.419,53,2067,1,"Reef edge","Animalia","Cnidaria","Hexacorallia","Scleractinia","Poritidae","Porites","sp.","Porites sp.","Genus",206485
565,"D1D2","Modern","Egypt","El Quseir","Mangrove Bay","19/10/2023",25.8697167,34.419,43,2067,1,"Reef edge","Animalia","Cnidaria","Hexacorallia","Scleractinia","Poritidae","Porites","sp.","Porites sp.","Genus",206485
566,"D1D2","Modern","Egypt","El Quseir","Mangrove Bay","19/10/2023",25.8697167,34.419,11,2067,1,"Reef edge","Animalia","Cnidaria","Hexacorallia","Scleractinia","Poritidae","Porites","sp.","Porites sp.","Genus",206485
567,"D1D2","Modern","Egypt","El Quseir","Mangrove Bay","19/10/2023",25.8697167,34.419,11,2067,1,"Reef edge","Animalia","Cnidaria","Hexacorallia","Scleractinia","Poritidae","Porites","sp.","Porites sp.","Genus",206485
568,"D1D2","Modern","Egypt","El Quseir","Mangrove Bay","19/10/2023",25.8697167,34.419,5,2067,1,"Reef edge","Animalia","Cnidaria","Hexacorallia","Scleractinia","Poritidae","Porites","sp.","Porites sp.","Genus",206485
569,"D1D2","Modern","Egypt","El Quseir","Mangrove Bay","19/10/2023",25.8697167,34.419,47,2067,1,"Reef edge","Animalia","Cnidaria","Hexacorallia","Scleractinia","Poritidae","Porites","sp.","Porites sp.","Genus",206485
570,"D1D2","Modern","Egypt","El Quseir","Mangrove Bay","19/10/2023",25.8697167,34.419,6,2067,1,"Reef edge","Animalia","Cnidaria","Hexacorallia","Scleractinia","Poritidae","Porites","sp.","Porites sp.","Genus",206485
571,"D1D2","Modern","Egypt","El Quseir","Mangrove Bay","19/10/2023",25.8697167,34.419,20,2067,1,"Reef edge","Animalia","Cnidaria","Hexacorallia","Scleractinia","Poritidae","Porites","sp.","Porites sp.","Genus",206485
572,"D1D2","Modern","Egypt","El Quseir","Mangrove Bay","19/10/2023",25.8697167,34.419,8,2067,1,"Reef edge","Animalia","Cnidaria","Hexacorallia","Scleractinia","Poritidae","Porites","sp.","Porites sp.","Genus",206485
573,"D1D2","Modern","Egypt","El Quseir","Mangrove Bay","19/10/2023",25.8697167,34.419,20,2067,1,"Reef edge","Animalia","Cnidaria","Hexacorallia","Scleractinia","Poritidae","Porites","sp.","Porites sp.","Genus",206485
574,"D1D2","Modern","Egypt","El Quseir","Mangrove Bay","19/10/2023",25.8697167,34.419,8,2067,1,"Reef edge","Animalia","Cnidaria","Hexacorallia","Scleractinia","Poritidae","Porites","sp.","Porites sp.","Genus",206485
575,"D1D2","Modern","Egypt","El Quseir","Mangrove Bay","19/10/2023",25.8697167,34.419,2,2067,1,"Reef edge","Animalia","Cnidaria","Hexacorallia","Scleractinia","Poritidae","Porites","sp.","Porites sp.","Genus",206485
576,"D1D2","Modern","Egypt","El Quseir","Mangrove Bay","19/10/2023",25.8697167,34.419,1,2067,1,"Reef edge","Animalia","Cnidaria","Hexacorallia","Scleractinia","Poritidae","Porites","sp.","Porites sp.","Genus",206485
577,"D1D2","Modern","Egypt","El Quseir","Mangrove Bay","19/10/2023",25.8697167,34.419,10,2067,1,"Reef edge","Animalia","Cnidaria","Hexacorallia","Scleractinia","Poritidae","Porites","sp.","Porites sp.","Genus",206485
578,"D1D2","Modern","Egypt","El Quseir","Mangrove Bay","19/10/2023",25.8697167,34.419,14,2067,1,"Reef edge","Animalia","Cnidaria","Hexacorallia","Scleractinia","Poritidae","Porites","sp.","Porites sp.","Genus",206485
579,"D1D2","Modern","Egypt","El Quseir","Mangrove Bay","19/10/2023",25.8697167,34.419,9,2067,1,"Reef edge","Animalia","Cnidaria","Hexacorallia","Scleractinia","Poritidae","Porites","sp.","Porites sp.","Genus",206485
580,"D1D2","Modern","Egypt","El Quseir","Mangrove Bay","19/10/2023",25.8697167,34.419,12,2067,1,"Reef edge","Animalia","Cnidaria","Hexacorallia","Scleractinia","Poritidae","Porites","sp.","Porites sp.","Genus",206485
581,"D1D2","Modern","Egypt","El Quseir","Mangrove Bay","19/10/2023",25.8697167,34.419,40,2067,1,"Reef edge","Animalia","Cnidaria","Hexacorallia","Scleractinia","Poritidae","Porites","sp.","Porites sp.","Genus",206485
582,"D1D2","Modern","Egypt","El Quseir","Mangrove Bay","19/10/2023",25.8697167,34.419,4,2067,1,"Reef edge","Animalia","Cnidaria","Hexacorallia","Scleractinia","Poritidae","Porites","sp.","Porites sp.","Genus",206485
583,"D1D2","Modern","Egypt","El Quseir","Mangrove Bay","19/10/2023",25.8697167,34.419,37,2067,1,"Reef edge","Animalia","Cnidaria","Hexacorallia","Scleractinia","Poritidae","Porites","sp.","Porites sp.","Genus",206485
584,"D3D4","Modern","Egypt","El Quseir","Mangrove Bay","20/10/2023",25.8697167,34.419,15,2040,1,"Reef edge","Animalia","Cnidaria","Hexacorallia","Scleractinia","Acroporidae","Acropora","sp.","Acropora sp.","Genus",205469
585,"D3D4","Modern","Egypt","El Quseir","Mangrove Bay","20/10/2023",25.8697167,34.419,19,2040,1,"Reef edge","Animalia","Cnidaria","Hexacorallia","Scleractinia","Acroporidae","Acropora","sp.","Acropora sp.","Genus",205469
586,"D3D4","Modern","Egypt","El Quseir","Mangrove Bay","20/10/2023",25.8697167,34.419,12,2040,1,"Reef edge","Animalia","Cnidaria","Hexacorallia","Scleractinia","Acroporidae","Acropora","sp.","Acropora sp.","Genus",205469
587,"D3D4","Modern","Egypt","El Quseir","Mangrove Bay","20/10/2023",25.8697167,34.419,24,2040,1,"Reef edge","Animalia","Cnidaria","Hexacorallia","Scleractinia","Pocilloporidae","Pocillopora","verrucosa","Pocillopora verrucosa","Species",206954
588,"D3D4","Modern","Egypt","El Quseir","Mangrove Bay","20/10/2023",25.8697167,34.419,42,2040,1,"Reef edge","Animalia","Cnidaria","Hexacorallia","Scleractinia","Pocilloporidae","Pocillopora","sp.","Pocillopora sp.","Genus",206938
589,"D3D4","Modern","Egypt","El Quseir","Mangrove Bay","20/10/2023",25.8697167,34.419,11,2040,1,"Reef edge","Animalia","Cnidaria","Hexacorallia","Scleractinia","Pocilloporidae","Pocillopora","sp.","Pocillopora sp.","Genus",206938
590,"D3D4","Modern","Egypt","El Quseir","Mangrove Bay","20/10/2023",25.8697167,34.419,23,2040,1,"Reef edge","Animalia","Cnidaria","Hexacorallia","Scleractinia","Pocilloporidae","Pocillopora","verrucosa","Pocillopora verrucosa","Species",206954
591,"D3D4","Modern","Egypt","El Quseir","Mangrove Bay","20/10/2023",25.8697167,34.419,11,2040,1,"Reef edge","Animalia","Cnidaria","Hexacorallia","Scleractinia","Pocilloporidae","Pocillopora","verrucosa","Pocillopora verrucosa","Species",206954
592,"D3D4","Modern","Egypt","El Quseir","Mangrove Bay","20/10/2023",25.8697167,34.419,22,2040,1,"Reef edge","Animalia","Cnidaria","Hexacorallia","Scleractinia","Pocilloporidae","Pocillopora","verrucosa","Pocillopora verrucosa","Species",206954
593,"D3D4","Modern","Egypt","El Quseir","Mangrove Bay","20/10/2023",25.8697167,34.419,2,2040,1,"Reef edge","Animalia","Cnidaria","Hexacorallia","Scleractinia","Pocilloporidae","Pocillopora","verrucosa","Pocillopora verrucosa","Species",206954
594,"D3D4","Modern","Egypt","El Quseir","Mangrove Bay","20/10/2023",25.8697167,34.419,4,2040,1,"Reef edge","Animalia","Cnidaria","Hexacorallia","Scleractinia","Pocilloporidae","Pocillopora","verrucosa","Pocillopora verrucosa","Species",206954
595,"D3D4","Modern","Egypt","El Quseir","Mangrove Bay","20/10/2023",25.8697167,34.419,6,2040,1,"Reef edge","Animalia","Cnidaria","Hexacorallia","Scleractinia","Pocilloporidae","Pocillopora","verrucosa","Pocillopora verrucosa","Species",206954
596,"D3D4","Modern","Egypt","El Quseir","Mangrove Bay","20/10/2023",25.8697167,34.419,7,2040,1,"Reef edge","Animalia","Cnidaria","Hexacorallia","Scleractinia","Pocilloporidae","Pocillopora","verrucosa","Pocillopora verrucosa","Species",206954
597,"D3D4","Modern","Egypt","El Quseir","Mangrove Bay","20/10/2023",25.8697167,34.419,15,2040,1,"Reef edge","Animalia","Cnidaria","Hexacorallia","Scleractinia","Pocilloporidae","Pocillopora","verrucosa","Pocillopora verrucosa","Species",206954
598,"D3D4","Modern","Egypt","El Quseir","Mangrove Bay","20/10/2023",25.8697167,34.419,6,2040,1,"Reef edge","Animalia","Cnidaria","Hexacorallia","Scleractinia","Pocilloporidae","Pocillopora","verrucosa","Pocillopora verrucosa","Species",206954
599,"D3D4","Modern","Egypt","El Quseir","Mangrove Bay","20/10/2023",25.8697167,34.419,3,2040,1,"Reef edge","Animalia","Cnidaria","Hexacorallia","Scleractinia","Pocilloporidae","Pocillopora","verrucosa","Pocillopora verrucosa","Species",206954
600,"D3D4","Modern","Egypt","El Quseir","Mangrove Bay","20/10/2023",25.8697167,34.419,1,2040,1,"Reef edge","Animalia","Cnidaria","Hexacorallia","Scleractinia","Merulinidae","Cyphastrea","chalcidicum","Cyphastrea chalcidicum","Species",207415
601,"D3D4","Modern","Egypt","El Quseir","Mangrove Bay","20/10/2023",25.8697167,34.419,18,2040,1,"Reef edge","Animalia","Cnidaria","Hexacorallia","Scleractinia","Merulinidae","Goniastrea","edwardsi","Goniastrea edwardsi","Species",207466
602,"D3D4","Modern","Egypt","El Quseir","Mangrove Bay","20/10/2023",25.8697167,34.419,2,2040,1,"Reef edge","Animalia","Cnidaria","Hexacorallia","Scleractinia","Poritidae","Porites","sp.","Porites sp.","Genus",206485
603,"D3D4","Modern","Egypt","El Quseir","Mangrove Bay","20/10/2023",25.8697167,34.419,17,2040,1,"Reef edge","Animalia","Cnidaria","Hydrozoa","Anthoathecata","Milleporidae","Millepora","dichotoma","Millepora sp.","Genus",210733
604,"D3D4","Modern","Egypt","El Quseir","Mangrove Bay","20/10/2023",25.8697167,34.419,30,2040,1,"Reef edge","Animalia","Cnidaria","Hydrozoa","Anthoathecata","Milleporidae","Millepora","dichotoma","Millepora sp.","Genus",210733
605,"D3D4","Modern","Egypt","El Quseir","Mangrove Bay","20/10/2023",25.8697167,34.419,66,2040,1,"Reef edge","Animalia","Cnidaria","Hydrozoa","Anthoathecata","Milleporidae","Millepora","dichotoma","Millepora sp.","Genus",210733
606,"D3D4","Modern","Egypt","El Quseir","Mangrove Bay","20/10/2023",25.8697167,34.419,10,2040,1,"Reef edge","Animalia","Cnidaria","Hydrozoa","Anthoathecata","Milleporidae","Millepora","platyphylla","Millepora sp.","Genus",210730
607,"D3D4","Modern","Egypt","El Quseir","Mangrove Bay","20/10/2023",25.8697167,34.419,33,2040,1,"Reef edge","Animalia","Cnidaria","Hydrozoa","Anthoathecata","Milleporidae","Millepora","dichotoma","Millepora sp.","Genus",210733
608,"D3D4","Modern","Egypt","El Quseir","Mangrove Bay","20/10/2023",25.8697167,34.419,9,2040,1,"Reef edge","Animalia","Cnidaria","Hydrozoa","Anthoathecata","Milleporidae","Millepora","dichotoma","Millepora sp.","Genus",210733
609,"D3D4","Modern","Egypt","El Quseir","Mangrove Bay","20/10/2023",25.8697167,34.419,12,2040,1,"Reef edge","Animalia","Cnidaria","Hydrozoa","Anthoathecata","Milleporidae","Millepora","dichotoma","Millepora sp.","Genus",210733
610,"D3D4","Modern","Egypt","El Quseir","Mangrove Bay","20/10/2023",25.8697167,34.419,60,2040,1,"Reef edge","Animalia","Cnidaria","Hydrozoa","Anthoathecata","Milleporidae","Millepora","dichotoma","Millepora sp.","Genus",210733
611,"D3D4","Modern","Egypt","El Quseir","Mangrove Bay","20/10/2023",25.8697167,34.419,75,2040,1,"Reef edge","Animalia","Cnidaria","Hydrozoa","Anthoathecata","Milleporidae","Millepora","dichotoma","Millepora sp.","Genus",210733
612,"D3D4","Modern","Egypt","El Quseir","Mangrove Bay","20/10/2023",25.8697167,34.419,24,2040,1,"Reef edge","Animalia","Cnidaria","Hydrozoa","Anthoathecata","Milleporidae","Millepora","dichotoma","Millepora sp.","Genus",210733
613,"D3D4","Modern","Egypt","El Quseir","Mangrove Bay","20/10/2023",25.8697167,34.419,15,2040,1,"Reef edge","Animalia","Cnidaria","Hydrozoa","Anthoathecata","Milleporidae","Millepora","dichotoma","Millepora sp.","Genus",210733
614,"D3D4","Modern","Egypt","El Quseir","Mangrove Bay","20/10/2023",25.8697167,34.419,8,2040,1,"Reef edge","Animalia","Cnidaria","Hydrozoa","Anthoathecata","Milleporidae","Millepora","dichotoma","Millepora sp.","Genus",210733
615,"D3D4","Modern","Egypt","El Quseir","Mangrove Bay","20/10/2023",25.8697167,34.419,1,2040,1,"Reef edge","Animalia","Cnidaria","Hydrozoa","Anthoathecata","Milleporidae","Millepora","exaesa","Millepora sp.","Genus",210728
616,"D3D4","Modern","Egypt","El Quseir","Mangrove Bay","20/10/2023",25.8697167,34.419,2,2040,1,"Reef edge","Animalia","Cnidaria","Hydrozoa","Anthoathecata","Milleporidae","Millepora","exaesa","Millepora sp.","Genus",210728
617,"D3D4","Modern","Egypt","El Quseir","Mangrove Bay","20/10/2023",25.8697167,34.419,13,2040,1,"Reef edge","Animalia","Cnidaria","Hydrozoa","Anthoathecata","Milleporidae","Millepora","dichotoma","Millepora sp.","Genus",210733
618,"D3D4","Modern","Egypt","El Quseir","Mangrove Bay","20/10/2023",25.8697167,34.419,10,2040,1,"Reef edge","Animalia","Cnidaria","Hydrozoa","Anthoathecata","Milleporidae","Millepora","dichotoma","Millepora sp.","Genus",210733
619,"D3D4","Modern","Egypt","El Quseir","Mangrove Bay","20/10/2023",25.8697167,34.419,2,2040,1,"Reef edge","Animalia","Cnidaria","Hydrozoa","Anthoathecata","Milleporidae","Millepora","dichotoma","Millepora sp.","Genus",210733
620,"D3D4","Modern","Egypt","El Quseir","Mangrove Bay","20/10/2023",25.8697167,34.419,33,2040,1,"Reef edge","Animalia","Cnidaria","Hydrozoa","Anthoathecata","Milleporidae","Millepora","dichotoma","Millepora sp.","Genus",210733
621,"D3D4","Modern","Egypt","El Quseir","Mangrove Bay","20/10/2023",25.8697167,34.419,11,2040,1,"Reef edge","Animalia","Cnidaria","Hydrozoa","Anthoathecata","Milleporidae","Millepora","dichotoma","Millepora sp.","Genus",210733
622,"D3D4","Modern","Egypt","El Quseir","Mangrove Bay","20/10/2023",25.8697167,34.419,19,2040,1,"Reef edge","Animalia","Cnidaria","Hexacorallia","Scleractinia","Poritidae","Porites","sp.","Porites sp.","Genus",206485
623,"D3D4","Modern","Egypt","El Quseir","Mangrove Bay","20/10/2023",25.8697167,34.419,6,2040,1,"Reef edge","Animalia","Cnidaria","Hexacorallia","Scleractinia","Poritidae","Porites","sp.","Porites sp.","Genus",206485
624,"D3D4","Modern","Egypt","El Quseir","Mangrove Bay","20/10/2023",25.8697167,34.419,9,2040,1,"Reef edge","Animalia","Cnidaria","Hexacorallia","Scleractinia","Poritidae","Porites","sp.","Porites sp.","Genus",206485
625,"D3D4","Modern","Egypt","El Quseir","Mangrove Bay","20/10/2023",25.8697167,34.419,16,2040,1,"Reef edge","Animalia","Cnidaria","Hexacorallia","Scleractinia","Poritidae","Porites","sp.","Porites sp.","Genus",206485
626,"D3D4","Modern","Egypt","El Quseir","Mangrove Bay","20/10/2023",25.8697167,34.419,18,2040,1,"Reef edge","Animalia","Cnidaria","Hexacorallia","Scleractinia","Poritidae","Porites","sp.","Porites sp.","Genus",206485
627,"D3D4","Modern","Egypt","El Quseir","Mangrove Bay","20/10/2023",25.8697167,34.419,5,2040,1,"Reef edge","Animalia","Cnidaria","Hexacorallia","Scleractinia","Poritidae","Porites","sp.","Porites sp.","Genus",206485
628,"D3D4","Modern","Egypt","El Quseir","Mangrove Bay","20/10/2023",25.8697167,34.419,9,2040,1,"Reef edge","Animalia","Cnidaria","Hexacorallia","Scleractinia","Poritidae","Porites","sp.","Porites sp.","Genus",206485
629,"D3D4","Modern","Egypt","El Quseir","Mangrove Bay","20/10/2023",25.8697167,34.419,1,2040,1,"Reef edge","Animalia","Cnidaria","Hexacorallia","Scleractinia","Poritidae","Porites","sp.","Porites sp.","Genus",206485
630,"D3D4","Modern","Egypt","El Quseir","Mangrove Bay","20/10/2023",25.8697167,34.419,4,2040,1,"Reef edge","Animalia","Cnidaria","Hexacorallia","Scleractinia","Poritidae","Porites","sp.","Porites sp.","Genus",206485
631,"D3D4","Modern","Egypt","El Quseir","Mangrove Bay","20/10/2023",25.8697167,34.419,19,2040,1,"Reef edge","Animalia","Cnidaria","Hexacorallia","Scleractinia","Poritidae","Porites","sp.","Porites sp.","Genus",206485
632,"D3D4","Modern","Egypt","El Quseir","Mangrove Bay","20/10/2023",25.8697167,34.419,22,2040,1,"Reef edge","Animalia","Cnidaria","Hexacorallia","Scleractinia","Poritidae","Porites","sp.","Porites sp.","Genus",206485
633,"D3D4","Modern","Egypt","El Quseir","Mangrove Bay","20/10/2023",25.8697167,34.419,6,2040,1,"Reef edge","Animalia","Cnidaria","Hexacorallia","Scleractinia","Poritidae","Porites","sp.","Porites sp.","Genus",206485
634,"D3D4","Modern","Egypt","El Quseir","Mangrove Bay","20/10/2023",25.8697167,34.419,15,2040,1,"Reef edge","Animalia","Cnidaria","Hexacorallia","Scleractinia","Poritidae","Porites","sp.","Porites sp.","Genus",206485
635,"D3D4","Modern","Egypt","El Quseir","Mangrove Bay","20/10/2023",25.8697167,34.419,6,2040,1,"Reef edge","Animalia","Cnidaria","Hexacorallia","Scleractinia","Poritidae","Porites","sp.","Porites sp.","Genus",206485
636,"D3D4","Modern","Egypt","El Quseir","Mangrove Bay","20/10/2023",25.8697167,34.419,10,2040,1,"Reef edge","Animalia","Cnidaria","Hexacorallia","Scleractinia","Poritidae","Porites","sp.","Porites sp.","Genus",206485
637,"D3D4","Modern","Egypt","El Quseir","Mangrove Bay","20/10/2023",25.8697167,34.419,3,2040,1,"Reef edge","Animalia","Cnidaria","Hexacorallia","Scleractinia","Poritidae","Porites","sp.","Porites sp.","Genus",206485
638,"D3D4","Modern","Egypt","El Quseir","Mangrove Bay","20/10/2023",25.8697167,34.419,11,2040,1,"Reef edge","Animalia","Cnidaria","Hexacorallia","Scleractinia","Poritidae","Porites","sp.","Porites sp.","Genus",206485
639,"D3D4","Modern","Egypt","El Quseir","Mangrove Bay","20/10/2023",25.8697167,34.419,17,2040,1,"Reef edge","Animalia","Cnidaria","Hexacorallia","Scleractinia","Poritidae","Porites","sp.","Porites sp.","Genus",206485
640,"D3D4","Modern","Egypt","El Quseir","Mangrove Bay","20/10/2023",25.8697167,34.419,13,2040,1,"Reef edge","Animalia","Cnidaria","Hexacorallia","Scleractinia","Poritidae","Porites","sp.","Porites sp.","Genus",206485
641,"D3D4","Modern","Egypt","El Quseir","Mangrove Bay","20/10/2023",25.8697167,34.419,8,2040,1,"Reef edge","Animalia","Cnidaria","Hexacorallia","Scleractinia","Poritidae","Porites","sp.","Porites sp.","Genus",206485
642,"D3D4","Modern","Egypt","El Quseir","Mangrove Bay","20/10/2023",25.8697167,34.419,5,2040,1,"Reef edge","Animalia","Cnidaria","Hexacorallia","Scleractinia","Poritidae","Porites","sp.","Porites sp.","Genus",206485
643,"D3D4","Modern","Egypt","El Quseir","Mangrove Bay","20/10/2023",25.8697167,34.419,2,2040,1,"Reef edge","Animalia","Cnidaria","Hexacorallia","Scleractinia","Poritidae","Porites","rus","Porites sp.","Genus",207231
644,"D3D4","Modern","Egypt","El Quseir","Mangrove Bay","20/10/2023",25.8697167,34.419,10,2040,1,"Reef edge","Animalia","Cnidaria","Hexacorallia","Scleractinia","Agariciidae","Pavona","sp.","Pavona sp.","Genus",206614
645,"D3D4","Modern","Egypt","El Quseir","Mangrove Bay","20/10/2023",25.8697167,34.419,12,2040,1,"Reef edge","Animalia","Cnidaria","Hexacorallia","Scleractinia","Poritidae","Porites","sp.","Porites sp.","Genus",206485
646,"D3D4","Modern","Egypt","El Quseir","Mangrove Bay","20/10/2023",25.8697167,34.419,3,2040,1,"Reef edge","Animalia","Cnidaria","Hexacorallia","Scleractinia","Poritidae","Porites","sp.","Porites sp.","Genus",206485
647,"D3D4","Modern","Egypt","El Quseir","Mangrove Bay","20/10/2023",25.8697167,34.419,5,2040,1,"Reef edge","Animalia","Cnidaria","Hexacorallia","Scleractinia","Poritidae","Porites","sp.","Porites sp.","Genus",206485
648,"D3D4","Modern","Egypt","El Quseir","Mangrove Bay","20/10/2023",25.8697167,34.419,3,2040,1,"Reef edge","Animalia","Cnidaria","Hexacorallia","Scleractinia","Poritidae","Porites","sp.","Porites sp.","Genus",206485
649,"D3D4","Modern","Egypt","El Quseir","Mangrove Bay","20/10/2023",25.8697167,34.419,9,2040,1,"Reef edge","Animalia","Cnidaria","Hexacorallia","Scleractinia","Poritidae","Porites","sp.","Porites sp.","Genus",206485
650,"D3D4","Modern","Egypt","El Quseir","Mangrove Bay","20/10/2023",25.8697167,34.419,3,2040,1,"Reef edge","Animalia","Cnidaria","Hexacorallia","Scleractinia","Poritidae","Porites","rus","Porites sp.","Genus",207231
651,"D3D4","Modern","Egypt","El Quseir","Mangrove Bay","20/10/2023",25.8697167,34.419,3,2040,1,"Reef edge","Animalia","Cnidaria","Hexacorallia","Scleractinia","Poritidae","Porites","rus","Porites sp.","Genus",207231
652,"D3D4","Modern","Egypt","El Quseir","Mangrove Bay","20/10/2023",25.8697167,34.419,5,2040,1,"Reef edge","Animalia","Cnidaria","Hexacorallia","Scleractinia","Poritidae","Porites","rus","Porites sp.","Genus",207231
653,"D5D6","Modern","Egypt","El Quseir","Mangrove Bay","24/10/2023",25.8697167,34.419,23,1986,1,"Reef edge","Animalia","Cnidaria","Hexacorallia","Scleractinia","Acroporidae","Acropora","sp.","Acropora sp.","Genus",205469
654,"D5D6","Modern","Egypt","El Quseir","Mangrove Bay","24/10/2023",25.8697167,34.419,19,1986,1,"Reef edge","Animalia","Cnidaria","Hexacorallia","Scleractinia","Pocilloporidae","Pocillopora","verrucosa","Pocillopora verrucosa","Species",206954
655,"D5D6","Modern","Egypt","El Quseir","Mangrove Bay","24/10/2023",25.8697167,34.419,23,1986,1,"Reef edge","Animalia","Cnidaria","Hexacorallia","Scleractinia","Pocilloporidae","Pocillopora","verrucosa","Pocillopora verrucosa","Species",206954
656,"D5D6","Modern","Egypt","El Quseir","Mangrove Bay","24/10/2023",25.8697167,34.419,10,1986,1,"Reef edge","Animalia","Cnidaria","Hexacorallia","Scleractinia","Pocilloporidae","Pocillopora","verrucosa","Pocillopora verrucosa","Species",206954
657,"D5D6","Modern","Egypt","El Quseir","Mangrove Bay","24/10/2023",25.8697167,34.419,50,1986,1,"Reef edge","Animalia","Cnidaria","Hexacorallia","Scleractinia","Pocilloporidae","Pocillopora","verrucosa","Pocillopora verrucosa","Species",206954
658,"D5D6","Modern","Egypt","El Quseir","Mangrove Bay","24/10/2023",25.8697167,34.419,25,1986,1,"Reef edge","Animalia","Cnidaria","Hexacorallia","Scleractinia","Pocilloporidae","Pocillopora","verrucosa","Pocillopora verrucosa","Species",206954
659,"D5D6","Modern","Egypt","El Quseir","Mangrove Bay","24/10/2023",25.8697167,34.419,10,1986,1,"Reef edge","Animalia","Cnidaria","Hexacorallia","Scleractinia","Pocilloporidae","Pocillopora","verrucosa","Pocillopora verrucosa","Species",206954
660,"D5D6","Modern","Egypt","El Quseir","Mangrove Bay","24/10/2023",25.8697167,34.419,26,1986,1,"Reef edge","Animalia","Cnidaria","Hexacorallia","Scleractinia","Pocilloporidae","Pocillopora","verrucosa","Pocillopora verrucosa","Species",206954
661,"D5D6","Modern","Egypt","El Quseir","Mangrove Bay","24/10/2023",25.8697167,34.419,13,1986,1,"Reef edge","Animalia","Cnidaria","Hexacorallia","Scleractinia","Pocilloporidae","Pocillopora","verrucosa","Pocillopora verrucosa","Species",206954
662,"D5D6","Modern","Egypt","El Quseir","Mangrove Bay","24/10/2023",25.8697167,34.419,17,1986,1,"Reef edge","Animalia","Cnidaria","Hexacorallia","Scleractinia","Pocilloporidae","Pocillopora","verrucosa","Pocillopora verrucosa","Species",206954
663,"D5D6","Modern","Egypt","El Quseir","Mangrove Bay","24/10/2023",25.8697167,34.419,29,1986,1,"Reef edge","Animalia","Cnidaria","Hexacorallia","Scleractinia","Pocilloporidae","Pocillopora","verrucosa","Pocillopora verrucosa","Species",206954
664,"D5D6","Modern","Egypt","El Quseir","Mangrove Bay","24/10/2023",25.8697167,34.419,19,1986,1,"Reef edge","Animalia","Cnidaria","Hexacorallia","Scleractinia","Pocilloporidae","Pocillopora","verrucosa","Pocillopora verrucosa","Species",206954
665,"D5D6","Modern","Egypt","El Quseir","Mangrove Bay","24/10/2023",25.8697167,34.419,7,1986,1,"Reef edge","Animalia","Cnidaria","Hexacorallia","Scleractinia","Pocilloporidae","Pocillopora","verrucosa","Pocillopora verrucosa","Species",206954
666,"D5D6","Modern","Egypt","El Quseir","Mangrove Bay","24/10/2023",25.8697167,34.419,9,1986,1,"Reef edge","Animalia","Cnidaria","Hexacorallia","Scleractinia","Pocilloporidae","Pocillopora","verrucosa","Pocillopora verrucosa","Species",206954
667,"D5D6","Modern","Egypt","El Quseir","Mangrove Bay","24/10/2023",25.8697167,34.419,3,1986,1,"Reef edge","Animalia","Cnidaria","Hexacorallia","Scleractinia","Acroporidae","Montipora","tuberculosa","Montipora tuberculosa","Species",207156
668,"D5D6","Modern","Egypt","El Quseir","Mangrove Bay","24/10/2023",25.8697167,34.419,129,1986,1,"Reef edge","Animalia","Cnidaria","Hydrozoa","Anthoathecata","Milleporidae","Millepora","dichotoma","Millepora sp.","Genus",210733
669,"D5D6","Modern","Egypt","El Quseir","Mangrove Bay","24/10/2023",25.8697167,34.419,21,1986,1,"Reef edge","Animalia","Cnidaria","Hydrozoa","Anthoathecata","Milleporidae","Millepora","dichotoma","Millepora sp.","Genus",210733
670,"D5D6","Modern","Egypt","El Quseir","Mangrove Bay","24/10/2023",25.8697167,34.419,21,1986,1,"Reef edge","Animalia","Cnidaria","Hydrozoa","Anthoathecata","Milleporidae","Millepora","dichotoma","Millepora sp.","Genus",210733
671,"D5D6","Modern","Egypt","El Quseir","Mangrove Bay","24/10/2023",25.8697167,34.419,30,1986,1,"Reef edge","Animalia","Cnidaria","Hydrozoa","Anthoathecata","Milleporidae","Millepora","dichotoma","Millepora sp.","Genus",210733
672,"D5D6","Modern","Egypt","El Quseir","Mangrove Bay","24/10/2023",25.8697167,34.419,16,1986,1,"Reef edge","Animalia","Cnidaria","Hydrozoa","Anthoathecata","Milleporidae","Millepora","dichotoma","Millepora sp.","Genus",210733
673,"D5D6","Modern","Egypt","El Quseir","Mangrove Bay","24/10/2023",25.8697167,34.419,166,1986,1,"Reef edge","Animalia","Cnidaria","Hydrozoa","Anthoathecata","Milleporidae","Millepora","dichotoma","Millepora sp.","Genus",210733
674,"D5D6","Modern","Egypt","El Quseir","Mangrove Bay","24/10/2023",25.8697167,34.419,16,1986,1,"Reef edge","Animalia","Cnidaria","Hydrozoa","Anthoathecata","Milleporidae","Millepora","platyphylla","Millepora sp.","Genus",210730
675,"D5D6","Modern","Egypt","El Quseir","Mangrove Bay","24/10/2023",25.8697167,34.419,4,1986,1,"Reef edge","Animalia","Cnidaria","Hydrozoa","Anthoathecata","Milleporidae","Millepora","exaesa","Millepora sp.","Genus",210728
676,"D5D6","Modern","Egypt","El Quseir","Mangrove Bay","24/10/2023",25.8697167,34.419,7,1986,1,"Reef edge","Animalia","Cnidaria","Hydrozoa","Anthoathecata","Milleporidae","Millepora","dichotoma","Millepora sp.","Genus",210733
677,"D5D6","Modern","Egypt","El Quseir","Mangrove Bay","24/10/2023",25.8697167,34.419,24,1986,1,"Reef edge","Animalia","Cnidaria","Hydrozoa","Anthoathecata","Milleporidae","Millepora","dichotoma","Millepora sp.","Genus",210733
678,"D5D6","Modern","Egypt","El Quseir","Mangrove Bay","24/10/2023",25.8697167,34.419,13,1986,1,"Reef edge","Animalia","Cnidaria","Hydrozoa","Anthoathecata","Milleporidae","Millepora","exaesa","Millepora sp.","Genus",210728
679,"D5D6","Modern","Egypt","El Quseir","Mangrove Bay","24/10/2023",25.8697167,34.419,11,1986,1,"Reef edge","Animalia","Cnidaria","Hydrozoa","Anthoathecata","Milleporidae","Millepora","exaesa","Millepora sp.","Genus",210728
680,"D5D6","Modern","Egypt","El Quseir","Mangrove Bay","24/10/2023",25.8697167,34.419,7,1986,1,"Reef edge","Animalia","Cnidaria","Hydrozoa","Anthoathecata","Milleporidae","Millepora","dichotoma","Millepora sp.","Genus",210733
681,"D5D6","Modern","Egypt","El Quseir","Mangrove Bay","24/10/2023",25.8697167,34.419,1,1986,1,"Reef edge","Animalia","Cnidaria","Hexacorallia","Scleractinia","Poritidae","Porites","sp.","Porites sp.","Genus",206485
682,"D5D6","Modern","Egypt","El Quseir","Mangrove Bay","24/10/2023",25.8697167,34.419,1,1986,1,"Reef edge","Animalia","Cnidaria","Hexacorallia","Scleractinia","Poritidae","Porites","sp.","Porites sp.","Genus",206485
683,"D5D6","Modern","Egypt","El Quseir","Mangrove Bay","24/10/2023",25.8697167,34.419,12,1986,1,"Reef edge","Animalia","Cnidaria","Hexacorallia","Scleractinia","Poritidae","Porites","sp.","Porites sp.","Genus",206485
684,"D5D6","Modern","Egypt","El Quseir","Mangrove Bay","24/10/2023",25.8697167,34.419,5,1986,1,"Reef edge","Animalia","Cnidaria","Hexacorallia","Scleractinia","Poritidae","Porites","sp.","Porites sp.","Genus",206485
685,"D5D6","Modern","Egypt","El Quseir","Mangrove Bay","24/10/2023",25.8697167,34.419,1,1986,1,"Reef edge","Animalia","Cnidaria","Hexacorallia","Scleractinia","Poritidae","Porites","sp.","Porites sp.","Genus",206485
686,"D5D6","Modern","Egypt","El Quseir","Mangrove Bay","24/10/2023",25.8697167,34.419,9,1986,1,"Reef edge","Animalia","Cnidaria","Hexacorallia","Scleractinia","Poritidae","Porites","sp.","Porites sp.","Genus",206485
687,"D5D6","Modern","Egypt","El Quseir","Mangrove Bay","24/10/2023",25.8697167,34.419,1,1986,1,"Reef edge","Animalia","Cnidaria","Hexacorallia","Scleractinia","Poritidae","Porites","sp.","Porites sp.","Genus",206485
688,"D5D6","Modern","Egypt","El Quseir","Mangrove Bay","24/10/2023",25.8697167,34.419,8,1986,1,"Reef edge","Animalia","Cnidaria","Hexacorallia","Scleractinia","Poritidae","Porites","sp.","Porites sp.","Genus",206485
689,"D5D6","Modern","Egypt","El Quseir","Mangrove Bay","24/10/2023",25.8697167,34.419,6,1986,1,"Reef edge","Animalia","Cnidaria","Hexacorallia","Scleractinia","Poritidae","Porites","sp.","Porites sp.","Genus",206485
690,"D5D6","Modern","Egypt","El Quseir","Mangrove Bay","24/10/2023",25.8697167,34.419,6,1986,1,"Reef edge","Animalia","Cnidaria","Hexacorallia","Scleractinia","Poritidae","Porites","sp.","Porites sp.","Genus",206485
691,"D5D6","Modern","Egypt","El Quseir","Mangrove Bay","24/10/2023",25.8697167,34.419,2,1986,1,"Reef edge","Animalia","Cnidaria","Hexacorallia","Scleractinia","Poritidae","Porites","sp.","Porites sp.","Genus",206485
692,"D5D6","Modern","Egypt","El Quseir","Mangrove Bay","24/10/2023",25.8697167,34.419,12,1986,1,"Reef edge","Animalia","Cnidaria","Hexacorallia","Scleractinia","Poritidae","Porites","sp.","Porites sp.","Genus",206485
693,"D5D6","Modern","Egypt","El Quseir","Mangrove Bay","24/10/2023",25.8697167,34.419,1,1986,1,"Reef edge","Animalia","Cnidaria","Hexacorallia","Scleractinia","Agariciidae","Pavona","varians","Pavona varians","Species",207303
694,"D5D6","Modern","Egypt","El Quseir","Mangrove Bay","24/10/2023",25.8697167,34.419,1,1986,1,"Reef edge","Animalia","Cnidaria","Hexacorallia","Scleractinia","Poritidae","Porites","sp.","Porites sp.","Genus",206485
695,"D5D6","Modern","Egypt","El Quseir","Mangrove Bay","24/10/2023",25.8697167,34.419,8,1986,1,"Reef edge","Animalia","Cnidaria","Hexacorallia","Scleractinia","Poritidae","Porites","sp.","Porites sp.","Genus",206485
696,"D5D6","Modern","Egypt","El Quseir","Mangrove Bay","24/10/2023",25.8697167,34.419,3,1986,1,"Reef edge","Animalia","Cnidaria","Hexacorallia","Scleractinia","Poritidae","Porites","sp.","Porites sp.","Genus",206485
697,"D5D6","Modern","Egypt","El Quseir","Mangrove Bay","24/10/2023",25.8697167,34.419,1,1986,1,"Reef edge","Animalia","Cnidaria","Hexacorallia","Scleractinia","Poritidae","Porites","sp.","Porites sp.","Genus",206485
698,"D5D6","Modern","Egypt","El Quseir","Mangrove Bay","24/10/2023",25.8697167,34.419,10,1986,1,"Reef edge","Animalia","Cnidaria","Hexacorallia","Scleractinia","Poritidae","Porites","sp.","Porites sp.","Genus",206485
699,"D5D6","Modern","Egypt","El Quseir","Mangrove Bay","24/10/2023",25.8697167,34.419,12,1986,1,"Reef edge","Animalia","Cnidaria","Hexacorallia","Scleractinia","Poritidae","Porites","sp.","Porites sp.","Genus",206485
700,"D5D6","Modern","Egypt","El Quseir","Mangrove Bay","24/10/2023",25.8697167,34.419,2,1986,1,"Reef edge","Animalia","Cnidaria","Hexacorallia","Scleractinia","Poritidae","Porites","sp.","Porites sp.","Genus",206485
701,"D5D6","Modern","Egypt","El Quseir","Mangrove Bay","24/10/2023",25.8697167,34.419,4,1986,1,"Reef edge","Animalia","Cnidaria","Hexacorallia","Scleractinia","Poritidae","Porites","sp.","Porites sp.","Genus",206485
702,"E1E2","Modern","Egypt","El Quseir","Mangrove Bay","23/10/2023",25.8697167,34.419,8,2191,3.7,"Shallow reef slope","Animalia","Cnidaria","Hexacorallia","Scleractinia","Acroporidae","Acropora","sp.","Acropora sp.","Genus",205469
703,"E1E2","Modern","Egypt","El Quseir","Mangrove Bay","23/10/2023",25.8697167,34.419,10,2191,3.7,"Shallow reef slope","Animalia","Cnidaria","Hexacorallia","Scleractinia","Acroporidae","Acropora","hemprichii","Acropora sp.","Genus",288207
704,"E1E2","Modern","Egypt","El Quseir","Mangrove Bay","23/10/2023",25.8697167,34.419,10,2191,3.7,"Shallow reef slope","Animalia","Cnidaria","Hexacorallia","Scleractinia","Acroporidae","Acropora","hemprichii","Acropora sp.","Genus",288207
705,"E1E2","Modern","Egypt","El Quseir","Mangrove Bay","23/10/2023",25.8697167,34.419,18,2191,3.7,"Shallow reef slope","Animalia","Cnidaria","Hexacorallia","Scleractinia","Acroporidae","Acropora","sp.","Acropora sp.","Genus",205469
706,"E1E2","Modern","Egypt","El Quseir","Mangrove Bay","23/10/2023",25.8697167,34.419,24,2191,3.7,"Shallow reef slope","Animalia","Cnidaria","Hexacorallia","Scleractinia","Pocilloporidae","Pocillopora","verrucosa","Pocillopora verrucosa","Species",206954
707,"E1E2","Modern","Egypt","El Quseir","Mangrove Bay","23/10/2023",25.8697167,34.419,7,2191,3.7,"Shallow reef slope","Animalia","Cnidaria","Hexacorallia","Scleractinia","Pocilloporidae","Pocillopora","sp.","Pocillopora sp.","Genus",206938
708,"E1E2","Modern","Egypt","El Quseir","Mangrove Bay","23/10/2023",25.8697167,34.419,8,2191,3.7,"Shallow reef slope","Animalia","Cnidaria","Hexacorallia","Scleractinia","Pocilloporidae","Pocillopora","verrucosa","Pocillopora verrucosa","Species",206954
709,"E1E2","Modern","Egypt","El Quseir","Mangrove Bay","23/10/2023",25.8697167,34.419,15,2191,3.7,"Shallow reef slope","Animalia","Cnidaria","Hexacorallia","Scleractinia","Pocilloporidae","Pocillopora","verrucosa","Pocillopora verrucosa","Species",206954
710,"E1E2","Modern","Egypt","El Quseir","Mangrove Bay","23/10/2023",25.8697167,34.419,20,2191,3.7,"Shallow reef slope","Animalia","Cnidaria","Hexacorallia","Scleractinia","Pocilloporidae","Pocillopora","verrucosa","Pocillopora verrucosa","Species",206954
711,"E1E2","Modern","Egypt","El Quseir","Mangrove Bay","23/10/2023",25.8697167,34.419,12,2191,3.7,"Shallow reef slope","Animalia","Cnidaria","Hexacorallia","Scleractinia","Pocilloporidae","Pocillopora","verrucosa","Pocillopora verrucosa","Species",206954
712,"E1E2","Modern","Egypt","El Quseir","Mangrove Bay","23/10/2023",25.8697167,34.419,15,2191,3.7,"Shallow reef slope","Animalia","Cnidaria","Hexacorallia","Scleractinia","Pocilloporidae","Pocillopora","verrucosa","Pocillopora verrucosa","Species",206954
713,"E1E2","Modern","Egypt","El Quseir","Mangrove Bay","23/10/2023",25.8697167,34.419,7,2191,3.7,"Shallow reef slope","Animalia","Cnidaria","Hexacorallia","Scleractinia","Leptastreidae","Leptastrea","purpurea","Leptastrea purpurea","Species",207470
714,"E1E2","Modern","Egypt","El Quseir","Mangrove Bay","23/10/2023",25.8697167,34.419,5,2191,3.7,"Shallow reef slope","Animalia","Cnidaria","Hexacorallia","Scleractinia","Leptastreidae","Leptastrea","purpurea","Leptastrea purpurea","Species",207470
715,"E1E2","Modern","Egypt","El Quseir","Mangrove Bay","23/10/2023",25.8697167,34.419,2,2191,3.7,"Shallow reef slope","Animalia","Cnidaria","Hexacorallia","Scleractinia","Agariciidae","Pavona","varians","Pavona varians","Species",207303
716,"E1E2","Modern","Egypt","El Quseir","Mangrove Bay","23/10/2023",25.8697167,34.419,5,2191,3.7,"Shallow reef slope","Animalia","Cnidaria","Hexacorallia","Scleractinia","Agariciidae","Pavona","varians","Pavona varians","Species",207303
717,"E1E2","Modern","Egypt","El Quseir","Mangrove Bay","23/10/2023",25.8697167,34.419,3,2191,3.7,"Shallow reef slope","Animalia","Cnidaria","Hexacorallia","Scleractinia","Agariciidae","Pavona","varians","Pavona varians","Species",207303
718,"E1E2","Modern","Egypt","El Quseir","Mangrove Bay","23/10/2023",25.8697167,34.419,4,2191,3.7,"Shallow reef slope","Animalia","Cnidaria","Hexacorallia","Scleractinia","Poritidae","Porites","rus","Porites sp.","Genus",207231
719,"E1E2","Modern","Egypt","El Quseir","Mangrove Bay","23/10/2023",25.8697167,34.419,3,2191,3.7,"Shallow reef slope","Animalia","Cnidaria","Hexacorallia","Scleractinia","Poritidae","Porites","rus","Porites sp.","Genus",207231
720,"E1E2","Modern","Egypt","El Quseir","Mangrove Bay","23/10/2023",25.8697167,34.419,3,2191,3.7,"Shallow reef slope","Animalia","Cnidaria","Hexacorallia","Scleractinia","Poritidae","Porites","rus","Porites sp.","Genus",207231
721,"E1E2","Modern","Egypt","El Quseir","Mangrove Bay","23/10/2023",25.8697167,34.419,3,2191,3.7,"Shallow reef slope","Animalia","Cnidaria","Hexacorallia","Scleractinia","Poritidae","Porites","sp.","Porites sp.","Genus",206485
722,"E1E2","Modern","Egypt","El Quseir","Mangrove Bay","23/10/2023",25.8697167,34.419,20,2191,3.7,"Shallow reef slope","Animalia","Cnidaria","Hexacorallia","Scleractinia","Poritidae","Porites","sp.","Porites sp.","Genus",206485
723,"E1E2","Modern","Egypt","El Quseir","Mangrove Bay","23/10/2023",25.8697167,34.419,20,2191,3.7,"Shallow reef slope","Animalia","Cnidaria","Hexacorallia","Scleractinia","Poritidae","Porites","sp.","Porites sp.","Genus",206485
724,"E1E2","Modern","Egypt","El Quseir","Mangrove Bay","23/10/2023",25.8697167,34.419,31,2191,3.7,"Shallow reef slope","Animalia","Cnidaria","Hexacorallia","Scleractinia","Poritidae","Porites","sp.","Porites sp.","Genus",206485
725,"E1E2","Modern","Egypt","El Quseir","Mangrove Bay","23/10/2023",25.8697167,34.419,34,2191,3.7,"Shallow reef slope","Animalia","Cnidaria","Hexacorallia","Scleractinia","Poritidae","Porites","sp.","Porites sp.","Genus",206485
726,"E1E2","Modern","Egypt","El Quseir","Mangrove Bay","23/10/2023",25.8697167,34.419,50,2191,3.7,"Shallow reef slope","Animalia","Cnidaria","Hexacorallia","Scleractinia","Poritidae","Porites","sp.","Porites sp.","Genus",206485
727,"E1E2","Modern","Egypt","El Quseir","Mangrove Bay","23/10/2023",25.8697167,34.419,7,2191,3.7,"Shallow reef slope","Animalia","Cnidaria","Hexacorallia","Scleractinia","Poritidae","Porites","sp.","Porites sp.","Genus",206485
728,"E1E2","Modern","Egypt","El Quseir","Mangrove Bay","23/10/2023",25.8697167,34.419,10,2191,3.7,"Shallow reef slope","Animalia","Cnidaria","Hexacorallia","Scleractinia","Poritidae","Porites","sp.","Porites sp.","Genus",206485
729,"E1E2","Modern","Egypt","El Quseir","Mangrove Bay","23/10/2023",25.8697167,34.419,16,2191,3.7,"Shallow reef slope","Animalia","Cnidaria","Hexacorallia","Scleractinia","Poritidae","Porites","sp.","Porites sp.","Genus",206485
730,"E1E2","Modern","Egypt","El Quseir","Mangrove Bay","23/10/2023",25.8697167,34.419,5,2191,3.7,"Shallow reef slope","Animalia","Cnidaria","Hexacorallia","Scleractinia","Poritidae","Porites","sp.","Porites sp.","Genus",206485
731,"E1E2","Modern","Egypt","El Quseir","Mangrove Bay","23/10/2023",25.8697167,34.419,4,2191,3.7,"Shallow reef slope","Animalia","Cnidaria","Hexacorallia","Scleractinia","Poritidae","Porites","sp.","Porites sp.","Genus",206485
732,"E1E2","Modern","Egypt","El Quseir","Mangrove Bay","23/10/2023",25.8697167,34.419,6,2191,3.7,"Shallow reef slope","Animalia","Cnidaria","Hexacorallia","Scleractinia","Poritidae","Porites","sp.","Porites sp.","Genus",206485
733,"E1E2","Modern","Egypt","El Quseir","Mangrove Bay","23/10/2023",25.8697167,34.419,3,2191,3.7,"Shallow reef slope","Animalia","Cnidaria","Hexacorallia","Scleractinia","Poritidae","Porites","sp.","Porites sp.","Genus",206485
734,"E1E2","Modern","Egypt","El Quseir","Mangrove Bay","23/10/2023",25.8697167,34.419,14,2191,3.7,"Shallow reef slope","Animalia","Cnidaria","Hexacorallia","Scleractinia","Poritidae","Porites","rus","Porites sp.","Genus",207231
735,"E1E2","Modern","Egypt","El Quseir","Mangrove Bay","23/10/2023",25.8697167,34.419,1,2191,3.7,"Shallow reef slope","Animalia","Cnidaria","Hexacorallia","Scleractinia","Poritidae","Porites","rus","Porites sp.","Genus",207231
736,"E1E2","Modern","Egypt","El Quseir","Mangrove Bay","23/10/2023",25.8697167,34.419,18,2191,3.7,"Shallow reef slope","Animalia","Cnidaria","Hexacorallia","Scleractinia","Poritidae","Porites","sp.","Porites sp.","Genus",206485
737,"E1E2","Modern","Egypt","El Quseir","Mangrove Bay","23/10/2023",25.8697167,34.419,4,2191,3.7,"Shallow reef slope","Animalia","Cnidaria","Hexacorallia","Scleractinia","Poritidae","Porites","sp.","Porites sp.","Genus",206485
738,"E1E2","Modern","Egypt","El Quseir","Mangrove Bay","23/10/2023",25.8697167,34.419,3,2191,3.7,"Shallow reef slope","Animalia","Cnidaria","Hexacorallia","Scleractinia","Poritidae","Porites","sp.","Porites sp.","Genus",206485
739,"E1E2","Modern","Egypt","El Quseir","Mangrove Bay","23/10/2023",25.8697167,34.419,4,2191,3.7,"Shallow reef slope","Animalia","Cnidaria","Hexacorallia","Scleractinia","Poritidae","Porites","sp.","Porites sp.","Genus",206485
740,"E1E2","Modern","Egypt","El Quseir","Mangrove Bay","23/10/2023",25.8697167,34.419,6,2191,3.7,"Shallow reef slope","Animalia","Cnidaria","Hexacorallia","Scleractinia","Poritidae","Porites","sp.","Porites sp.","Genus",206485
741,"E1E2","Modern","Egypt","El Quseir","Mangrove Bay","23/10/2023",25.8697167,34.419,5,2191,3.7,"Shallow reef slope","Animalia","Cnidaria","Hexacorallia","Scleractinia","Poritidae","Porites","sp.","Porites sp.","Genus",206485
742,"E1E2","Modern","Egypt","El Quseir","Mangrove Bay","23/10/2023",25.8697167,34.419,1,2191,3.7,"Shallow reef slope","Animalia","Cnidaria","Hexacorallia","Scleractinia","Poritidae","Porites","sp.","Porites sp.","Genus",206485
743,"E1E2","Modern","Egypt","El Quseir","Mangrove Bay","23/10/2023",25.8697167,34.419,7,2191,3.7,"Shallow reef slope","Animalia","Cnidaria","Hexacorallia","Scleractinia","Poritidae","Porites","sp.","Porites sp.","Genus",206485
744,"E1E2","Modern","Egypt","El Quseir","Mangrove Bay","23/10/2023",25.8697167,34.419,17,2191,3.7,"Shallow reef slope","Animalia","Cnidaria","Hexacorallia","Scleractinia","Poritidae","Porites","sp.","Porites sp.","Genus",206485
745,"E1E2","Modern","Egypt","El Quseir","Mangrove Bay","23/10/2023",25.8697167,34.419,11,2191,3.7,"Shallow reef slope","Animalia","Cnidaria","Hexacorallia","Scleractinia","Poritidae","Porites","rus","Porites sp.","Genus",207231
746,"E1E2","Modern","Egypt","El Quseir","Mangrove Bay","23/10/2023",25.8697167,34.419,32,2191,3.7,"Shallow reef slope","Animalia","Cnidaria","Hexacorallia","Scleractinia","Poritidae","Porites","sp.","Porites sp.","Genus",206485
747,"E1E2","Modern","Egypt","El Quseir","Mangrove Bay","23/10/2023",25.8697167,34.419,20,2191,3.7,"Shallow reef slope","Animalia","Cnidaria","Hexacorallia","Scleractinia","Poritidae","Porites","sp.","Porites sp.","Genus",206485
748,"E1E2","Modern","Egypt","El Quseir","Mangrove Bay","23/10/2023",25.8697167,34.419,20,2191,3.7,"Shallow reef slope","Animalia","Cnidaria","Hexacorallia","Scleractinia","Poritidae","Porites","sp.","Porites sp.","Genus",206485
749,"E1E2","Modern","Egypt","El Quseir","Mangrove Bay","23/10/2023",25.8697167,34.419,11,2191,3.7,"Shallow reef slope","Animalia","Cnidaria","Hexacorallia","Scleractinia","Poritidae","Porites","sp.","Porites sp.","Genus",206485
750,"E1E2","Modern","Egypt","El Quseir","Mangrove Bay","23/10/2023",25.8697167,34.419,6,2191,3.7,"Shallow reef slope","Animalia","Cnidaria","Hexacorallia","Scleractinia","Poritidae","Porites","sp.","Porites sp.","Genus",206485
751,"E1E2","Modern","Egypt","El Quseir","Mangrove Bay","23/10/2023",25.8697167,34.419,6,2191,3.7,"Shallow reef slope","Animalia","Cnidaria","Hexacorallia","Scleractinia","Poritidae","Porites","sp.","Porites sp.","Genus",206485
752,"E1E2","Modern","Egypt","El Quseir","Mangrove Bay","23/10/2023",25.8697167,34.419,21,2191,3.7,"Shallow reef slope","Animalia","Cnidaria","Hexacorallia","Scleractinia","Poritidae","Porites","sp.","Porites sp.","Genus",206485
753,"E3E4","Modern","Egypt","El Quseir","Mangrove Bay","25/10/2023",25.8697167,34.419,3,2424,4.3,"Shallow reef slope","Animalia","Cnidaria","Hexacorallia","Scleractinia","Acroporidae","Acropora","sp.","Acropora sp.","Genus",205469
754,"E3E4","Modern","Egypt","El Quseir","Mangrove Bay","25/10/2023",25.8697167,34.419,7,2424,4.3,"Shallow reef slope","Animalia","Cnidaria","Hexacorallia","Scleractinia","Acroporidae","Acropora","squarrosa","Acropora sp.","Genus",207053
755,"E3E4","Modern","Egypt","El Quseir","Mangrove Bay","25/10/2023",25.8697167,34.419,3,2424,4.3,"Shallow reef slope","Animalia","Cnidaria","Hexacorallia","Scleractinia","Pocilloporidae","Pocillopora","sp.","Pocillopora sp.","Genus",206938
756,"E3E4","Modern","Egypt","El Quseir","Mangrove Bay","25/10/2023",25.8697167,34.419,1,2424,4.3,"Shallow reef slope","Animalia","Cnidaria","Hexacorallia","Scleractinia","Pocilloporidae","Pocillopora","damicornis","Pocillopora damicornis","Species",206953
757,"E3E4","Modern","Egypt","El Quseir","Mangrove Bay","25/10/2023",25.8697167,34.419,9,2424,4.3,"Shallow reef slope","Animalia","Cnidaria","Hexacorallia","Scleractinia","Pocilloporidae","Pocillopora","damicornis","Pocillopora damicornis","Species",206953
758,"E3E4","Modern","Egypt","El Quseir","Mangrove Bay","25/10/2023",25.8697167,34.419,5,2424,4.3,"Shallow reef slope","Animalia","Cnidaria","Hexacorallia","Scleractinia","Pocilloporidae","Pocillopora","damicornis","Pocillopora damicornis","Species",206953
759,"E3E4","Modern","Egypt","El Quseir","Mangrove Bay","25/10/2023",25.8697167,34.419,9,2424,4.3,"Shallow reef slope","Animalia","Cnidaria","Hexacorallia","Scleractinia","Pocilloporidae","Stylophora","sp.","Stylophora sp.","Genus",204068
760,"E3E4","Modern","Egypt","El Quseir","Mangrove Bay","25/10/2023",25.8697167,34.419,7,2424,4.3,"Shallow reef slope","Animalia","Cnidaria","Hexacorallia","Scleractinia","Agariciidae","Pavona","sp.","Pavona sp.","Genus",206614
761,"E3E4","Modern","Egypt","El Quseir","Mangrove Bay","25/10/2023",25.8697167,34.419,6,2424,4.3,"Shallow reef slope","Animalia","Cnidaria","Hexacorallia","Scleractinia","Agariciidae","Leptoseris","mycetoseroides","Leptoseris mycetoseroides","Species",207283
762,"E3E4","Modern","Egypt","El Quseir","Mangrove Bay","25/10/2023",25.8697167,34.419,4,2424,4.3,"Shallow reef slope","Animalia","Cnidaria","Hexacorallia","Scleractinia","Merulinidae","Cyphastrea","kausti","Cyphastrea kausti","Species",843628
763,"E3E4","Modern","Egypt","El Quseir","Mangrove Bay","25/10/2023",25.8697167,34.419,7,2424,4.3,"Shallow reef slope","Animalia","Cnidaria","Hexacorallia","Scleractinia","Acroporidae","Montipora","maeandrina","Montipora maeandrina","Species",207188
764,"E3E4","Modern","Egypt","El Quseir","Mangrove Bay","25/10/2023",25.8697167,34.419,5,2424,4.3,"Shallow reef slope","Animalia","Cnidaria","Hexacorallia","Scleractinia","Poritidae","Porites","rus","Porites sp.","Genus",207231
765,"E3E4","Modern","Egypt","El Quseir","Mangrove Bay","25/10/2023",25.8697167,34.419,11,2424,4.3,"Shallow reef slope","Animalia","Cnidaria","Hexacorallia","Scleractinia","Agariciidae","Gardineroseris","planulata","Gardineroseris planulata","Species",207274
766,"E3E4","Modern","Egypt","El Quseir","Mangrove Bay","25/10/2023",25.8697167,34.419,8,2424,4.3,"Shallow reef slope","Animalia","Cnidaria","Hexacorallia","Scleractinia","Merulinidae","Goniastrea","edwardsi","Goniastrea edwardsi","Species",207466
767,"E3E4","Modern","Egypt","El Quseir","Mangrove Bay","25/10/2023",25.8697167,34.419,4,2424,4.3,"Shallow reef slope","Animalia","Cnidaria","Hexacorallia","Scleractinia","Poritidae","Porites","sp.","Porites sp.","Genus",206485
768,"E3E4","Modern","Egypt","El Quseir","Mangrove Bay","25/10/2023",25.8697167,34.419,7,2424,4.3,"Shallow reef slope","Animalia","Cnidaria","Hexacorallia","Scleractinia","Poritidae","Porites","sp.","Porites sp.","Genus",206485
769,"E3E4","Modern","Egypt","El Quseir","Mangrove Bay","25/10/2023",25.8697167,34.419,4,2424,4.3,"Shallow reef slope","Animalia","Cnidaria","Hexacorallia","Scleractinia","Poritidae","Porites","sp.","Porites sp.","Genus",206485
770,"E3E4","Modern","Egypt","El Quseir","Mangrove Bay","25/10/2023",25.8697167,34.419,2,2424,4.3,"Shallow reef slope","Animalia","Cnidaria","Hexacorallia","Scleractinia","Poritidae","Porites","sp.","Porites sp.","Genus",206485
771,"E3E4","Modern","Egypt","El Quseir","Mangrove Bay","25/10/2023",25.8697167,34.419,1,2424,4.3,"Shallow reef slope","Animalia","Cnidaria","Hexacorallia","Scleractinia","Poritidae","Porites","sp.","Porites sp.","Genus",206485
772,"E3E4","Modern","Egypt","El Quseir","Mangrove Bay","25/10/2023",25.8697167,34.419,1,2424,4.3,"Shallow reef slope","Animalia","Cnidaria","Hexacorallia","Scleractinia","Poritidae","Porites","sp.","Porites sp.","Genus",206485
773,"E3E4","Modern","Egypt","El Quseir","Mangrove Bay","25/10/2023",25.8697167,34.419,2,2424,4.3,"Shallow reef slope","Animalia","Cnidaria","Hexacorallia","Scleractinia","Poritidae","Porites","sp.","Porites sp.","Genus",206485
774,"E3E4","Modern","Egypt","El Quseir","Mangrove Bay","25/10/2023",25.8697167,34.419,5,2424,4.3,"Shallow reef slope","Animalia","Cnidaria","Hexacorallia","Scleractinia","Poritidae","Porites","sp.","Porites sp.","Genus",206485
775,"E3E4","Modern","Egypt","El Quseir","Mangrove Bay","25/10/2023",25.8697167,34.419,13,2424,4.3,"Shallow reef slope","Animalia","Cnidaria","Hexacorallia","Scleractinia","Poritidae","Porites","sp.","Porites sp.","Genus",206485
776,"E3E4","Modern","Egypt","El Quseir","Mangrove Bay","25/10/2023",25.8697167,34.419,10,2424,4.3,"Shallow reef slope","Animalia","Cnidaria","Hexacorallia","Scleractinia","Poritidae","Porites","sp.","Porites sp.","Genus",206485
777,"E3E4","Modern","Egypt","El Quseir","Mangrove Bay","25/10/2023",25.8697167,34.419,3,2424,4.3,"Shallow reef slope","Animalia","Cnidaria","Hexacorallia","Scleractinia","Poritidae","Porites","sp.","Porites sp.","Genus",206485
778,"E3E4","Modern","Egypt","El Quseir","Mangrove Bay","25/10/2023",25.8697167,34.419,9,2424,4.3,"Shallow reef slope","Animalia","Cnidaria","Hexacorallia","Scleractinia","Poritidae","Porites","sp.","Porites sp.","Genus",206485
779,"E3E4","Modern","Egypt","El Quseir","Mangrove Bay","25/10/2023",25.8697167,34.419,8,2424,4.3,"Shallow reef slope","Animalia","Cnidaria","Hexacorallia","Scleractinia","Poritidae","Porites","sp.","Porites sp.","Genus",206485
780,"E3E4","Modern","Egypt","El Quseir","Mangrove Bay","25/10/2023",25.8697167,34.419,6,2424,4.3,"Shallow reef slope","Animalia","Cnidaria","Hexacorallia","Scleractinia","Poritidae","Porites","sp.","Porites sp.","Genus",206485
781,"E3E4","Modern","Egypt","El Quseir","Mangrove Bay","25/10/2023",25.8697167,34.419,4,2424,4.3,"Shallow reef slope","Animalia","Cnidaria","Hexacorallia","Scleractinia","Poritidae","Porites","sp.","Porites sp.","Genus",206485
782,"E3E4","Modern","Egypt","El Quseir","Mangrove Bay","25/10/2023",25.8697167,34.419,1,2424,4.3,"Shallow reef slope","Animalia","Cnidaria","Hexacorallia","Scleractinia","Poritidae","Porites","sp.","Porites sp.","Genus",206485
783,"E3E4","Modern","Egypt","El Quseir","Mangrove Bay","25/10/2023",25.8697167,34.419,6,2424,4.3,"Shallow reef slope","Animalia","Cnidaria","Hexacorallia","Scleractinia","Poritidae","Porites","sp.","Porites sp.","Genus",206485
784,"E3E4","Modern","Egypt","El Quseir","Mangrove Bay","25/10/2023",25.8697167,34.419,6,2424,4.3,"Shallow reef slope","Animalia","Cnidaria","Hexacorallia","Scleractinia","Poritidae","Porites","sp.","Porites sp.","Genus",206485
785,"E3E4","Modern","Egypt","El Quseir","Mangrove Bay","25/10/2023",25.8697167,34.419,8,2424,4.3,"Shallow reef slope","Animalia","Cnidaria","Hexacorallia","Scleractinia","Poritidae","Porites","sp.","Porites sp.","Genus",206485
786,"E3E4","Modern","Egypt","El Quseir","Mangrove Bay","25/10/2023",25.8697167,34.419,7,2424,4.3,"Shallow reef slope","Animalia","Cnidaria","Hexacorallia","Scleractinia","Poritidae","Porites","sp.","Porites sp.","Genus",206485
787,"E3E4","Modern","Egypt","El Quseir","Mangrove Bay","25/10/2023",25.8697167,34.419,12,2424,4.3,"Shallow reef slope","Animalia","Cnidaria","Hexacorallia","Scleractinia","Poritidae","Porites","sp.","Porites sp.","Genus",206485
788,"E3E4","Modern","Egypt","El Quseir","Mangrove Bay","25/10/2023",25.8697167,34.419,15,2424,4.3,"Shallow reef slope","Animalia","Cnidaria","Hexacorallia","Scleractinia","Poritidae","Porites","sp.","Porites sp.","Genus",206485
789,"E3E4","Modern","Egypt","El Quseir","Mangrove Bay","25/10/2023",25.8697167,34.419,8,2424,4.3,"Shallow reef slope","Animalia","Cnidaria","Hexacorallia","Scleractinia","Poritidae","Porites","sp.","Porites sp.","Genus",206485
790,"E3E4","Modern","Egypt","El Quseir","Mangrove Bay","25/10/2023",25.8697167,34.419,5,2424,4.3,"Shallow reef slope","Animalia","Cnidaria","Hexacorallia","Scleractinia","Poritidae","Porites","sp.","Porites sp.","Genus",206485
791,"E3E4","Modern","Egypt","El Quseir","Mangrove Bay","25/10/2023",25.8697167,34.419,5,2424,4.3,"Shallow reef slope","Animalia","Cnidaria","Hexacorallia","Scleractinia","Poritidae","Porites","sp.","Porites sp.","Genus",206485
792,"E3E4","Modern","Egypt","El Quseir","Mangrove Bay","25/10/2023",25.8697167,34.419,5,2424,4.3,"Shallow reef slope","Animalia","Cnidaria","Hexacorallia","Scleractinia","Poritidae","Porites","sp.","Porites sp.","Genus",206485
793,"E3E4","Modern","Egypt","El Quseir","Mangrove Bay","25/10/2023",25.8697167,34.419,9,2424,4.3,"Shallow reef slope","Animalia","Cnidaria","Hexacorallia","Scleractinia","Poritidae","Porites","rus","Porites sp.","Genus",207231
794,"E3E4","Modern","Egypt","El Quseir","Mangrove Bay","25/10/2023",25.8697167,34.419,5,2424,4.3,"Shallow reef slope","Animalia","Cnidaria","Hexacorallia","Scleractinia","Poritidae","Porites","sp.","Porites sp.","Genus",206485
795,"E3E4","Modern","Egypt","El Quseir","Mangrove Bay","25/10/2023",25.8697167,34.419,3,2424,4.3,"Shallow reef slope","Animalia","Cnidaria","Hexacorallia","Scleractinia","Poritidae","Porites","sp.","Porites sp.","Genus",206485
796,"E3E4","Modern","Egypt","El Quseir","Mangrove Bay","25/10/2023",25.8697167,34.419,4,2424,4.3,"Shallow reef slope","Animalia","Cnidaria","Hexacorallia","Scleractinia","Poritidae","Porites","sp.","Porites sp.","Genus",206485
797,"E3E4","Modern","Egypt","El Quseir","Mangrove Bay","25/10/2023",25.8697167,34.419,5,2424,4.3,"Shallow reef slope","Animalia","Cnidaria","Hexacorallia","Scleractinia","Poritidae","Porites","sp.","Porites sp.","Genus",206485
798,"E3E4","Modern","Egypt","El Quseir","Mangrove Bay","25/10/2023",25.8697167,34.419,4,2424,4.3,"Shallow reef slope","Animalia","Cnidaria","Hexacorallia","Scleractinia","Poritidae","Porites","sp.","Porites sp.","Genus",206485
799,"E3E4","Modern","Egypt","El Quseir","Mangrove Bay","25/10/2023",25.8697167,34.419,3,2424,4.3,"Shallow reef slope","Animalia","Cnidaria","Hexacorallia","Scleractinia","Poritidae","Porites","sp.","Porites sp.","Genus",206485
800,"E3E4","Modern","Egypt","El Quseir","Mangrove Bay","25/10/2023",25.8697167,34.419,2,2424,4.3,"Shallow reef slope","Animalia","Cnidaria","Hexacorallia","Scleractinia","Poritidae","Porites","sp.","Porites sp.","Genus",206485
801,"E3E4","Modern","Egypt","El Quseir","Mangrove Bay","25/10/2023",25.8697167,34.419,6,2424,4.3,"Shallow reef slope","Animalia","Cnidaria","Hexacorallia","Scleractinia","Poritidae","Porites","sp.","Porites sp.","Genus",206485
802,"E3E4","Modern","Egypt","El Quseir","Mangrove Bay","25/10/2023",25.8697167,34.419,3,2424,4.3,"Shallow reef slope","Animalia","Cnidaria","Hexacorallia","Scleractinia","Poritidae","Porites","sp.","Porites sp.","Genus",206485
803,"E3E4","Modern","Egypt","El Quseir","Mangrove Bay","25/10/2023",25.8697167,34.419,2,2424,4.3,"Shallow reef slope","Animalia","Cnidaria","Hexacorallia","Scleractinia","Poritidae","Porites","sp.","Porites sp.","Genus",206485
804,"E3E4","Modern","Egypt","El Quseir","Mangrove Bay","25/10/2023",25.8697167,34.419,6,2424,4.3,"Shallow reef slope","Animalia","Cnidaria","Hexacorallia","Scleractinia","Poritidae","Porites","sp.","Porites sp.","Genus",206485
805,"E3E4","Modern","Egypt","El Quseir","Mangrove Bay","25/10/2023",25.8697167,34.419,4,2424,4.3,"Shallow reef slope","Animalia","Cnidaria","Hexacorallia","Scleractinia","Poritidae","Porites","sp.","Porites sp.","Genus",206485
806,"E3E4","Modern","Egypt","El Quseir","Mangrove Bay","25/10/2023",25.8697167,34.419,4,2424,4.3,"Shallow reef slope","Animalia","Cnidaria","Hexacorallia","Scleractinia","Poritidae","Porites","sp.","Porites sp.","Genus",206485
807,"E3E4","Modern","Egypt","El Quseir","Mangrove Bay","25/10/2023",25.8697167,34.419,1,2424,4.3,"Shallow reef slope","Animalia","Cnidaria","Hexacorallia","Scleractinia","Poritidae","Porites","sp.","Porites sp.","Genus",206485
808,"E3E4","Modern","Egypt","El Quseir","Mangrove Bay","25/10/2023",25.8697167,34.419,7,2424,4.3,"Shallow reef slope","Animalia","Cnidaria","Hexacorallia","Scleractinia","Merulinidae","Goniastrea","edwardsi","Goniastrea edwardsi","Species",207466
809,"E5E6","Modern","Egypt","El Quseir","Mangrove Bay","25/10/2023",25.8697167,34.419,22,2257,4.75,"Shallow reef slope","Animalia","Cnidaria","Hexacorallia","Scleractinia","Acroporidae","Acropora","sp.","Acropora sp.","Genus",205469
810,"E5E6","Modern","Egypt","El Quseir","Mangrove Bay","25/10/2023",25.8697167,34.419,23,2257,4.75,"Shallow reef slope","Animalia","Cnidaria","Hexacorallia","Scleractinia","Acroporidae","Acropora","sp.","Acropora sp.","Genus",205469
811,"E5E6","Modern","Egypt","El Quseir","Mangrove Bay","25/10/2023",25.8697167,34.419,3,2257,4.75,"Shallow reef slope","Animalia","Cnidaria","Hexacorallia","Scleractinia","Acroporidae","Acropora","sp.","Acropora sp.","Genus",205469
812,"E5E6","Modern","Egypt","El Quseir","Mangrove Bay","25/10/2023",25.8697167,34.419,36,2257,4.75,"Shallow reef slope","Animalia","Cnidaria","Hexacorallia","Scleractinia","Acroporidae","Acropora","sp.","Acropora sp.","Genus",205469
813,"E5E6","Modern","Egypt","El Quseir","Mangrove Bay","25/10/2023",25.8697167,34.419,8,2257,4.75,"Shallow reef slope","Animalia","Cnidaria","Hexacorallia","Scleractinia","Pocilloporidae","Stylophora","kuehlmanni","Stylophora kuehlmanni","Species",206985
814,"E5E6","Modern","Egypt","El Quseir","Mangrove Bay","25/10/2023",25.8697167,34.419,2,2257,4.75,"Shallow reef slope","Animalia","Cnidaria","Hexacorallia","Scleractinia","Pocilloporidae","Stylophora","subseriata","Stylophora subseriata","Species",206980
815,"E5E6","Modern","Egypt","El Quseir","Mangrove Bay","25/10/2023",25.8697167,34.419,3,2257,4.75,"Shallow reef slope","Animalia","Cnidaria","Hexacorallia","Scleractinia","Pocilloporidae","Stylophora","subseriata","Stylophora subseriata","Species",206980
816,"E5E6","Modern","Egypt","El Quseir","Mangrove Bay","25/10/2023",25.8697167,34.419,14,2257,4.75,"Shallow reef slope","Animalia","Cnidaria","Hexacorallia","Scleractinia","Pocilloporidae","Pocillopora","verrucosa","Pocillopora verrucosa","Species",206954
817,"E5E6","Modern","Egypt","El Quseir","Mangrove Bay","25/10/2023",25.8697167,34.419,3,2257,4.75,"Shallow reef slope","Animalia","Cnidaria","Hexacorallia","Scleractinia","Merulinidae","Echinopora","fruticulosa","Echinopora fruticulosa","Species",207422
818,"E5E6","Modern","Egypt","El Quseir","Mangrove Bay","25/10/2023",25.8697167,34.419,8,2257,4.75,"Shallow reef slope","Animalia","Cnidaria","Hexacorallia","Scleractinia","Pocilloporidae","Pocillopora","verrucosa","Pocillopora verrucosa","Species",206954
819,"E5E6","Modern","Egypt","El Quseir","Mangrove Bay","25/10/2023",25.8697167,34.419,5,2257,4.75,"Shallow reef slope","Animalia","Cnidaria","Hexacorallia","Scleractinia","Pocilloporidae","Pocillopora","verrucosa","Pocillopora verrucosa","Species",206954
820,"E5E6","Modern","Egypt","El Quseir","Mangrove Bay","25/10/2023",25.8697167,34.419,11,2257,4.75,"Shallow reef slope","Animalia","Cnidaria","Hexacorallia","Scleractinia","Pocilloporidae","Stylophora","subseriata","Stylophora subseriata","Species",206980
821,"E5E6","Modern","Egypt","El Quseir","Mangrove Bay","25/10/2023",25.8697167,34.419,6,2257,4.75,"Shallow reef slope","Animalia","Cnidaria","Hexacorallia","Scleractinia","Pocilloporidae","Pocillopora","damicornis","Pocillopora damicornis","Species",206953
822,"E5E6","Modern","Egypt","El Quseir","Mangrove Bay","25/10/2023",25.8697167,34.419,12,2257,4.75,"Shallow reef slope","Animalia","Cnidaria","Hexacorallia","Scleractinia","Pocilloporidae","Pocillopora","damicornis","Pocillopora damicornis","Species",206953
823,"E5E6","Modern","Egypt","El Quseir","Mangrove Bay","25/10/2023",25.8697167,34.419,2,2257,4.75,"Shallow reef slope","Animalia","Cnidaria","Hexacorallia","Scleractinia","Leptastreidae","Leptastrea","purpurea","Leptastrea purpurea","Species",207470
824,"E5E6","Modern","Egypt","El Quseir","Mangrove Bay","25/10/2023",25.8697167,34.419,6,2257,4.75,"Shallow reef slope","Animalia","Cnidaria","Hexacorallia","Scleractinia","Leptastreidae","Leptastrea","purpurea","Leptastrea purpurea","Species",207470
825,"E5E6","Modern","Egypt","El Quseir","Mangrove Bay","25/10/2023",25.8697167,34.419,6,2257,4.75,"Shallow reef slope","Animalia","Cnidaria","Hexacorallia","Scleractinia","Poritidae","Porites","rus","Porites sp.","Genus",207231
826,"E5E6","Modern","Egypt","El Quseir","Mangrove Bay","25/10/2023",25.8697167,34.419,7,2257,4.75,"Shallow reef slope","Animalia","Cnidaria","Hexacorallia","Scleractinia","Poritidae","Porites","rus","Porites sp.","Genus",207231
827,"E5E6","Modern","Egypt","El Quseir","Mangrove Bay","25/10/2023",25.8697167,34.419,11,2257,4.75,"Shallow reef slope","Animalia","Cnidaria","Hexacorallia","Scleractinia","Poritidae","Porites","rus","Porites sp.","Genus",207231
828,"E5E6","Modern","Egypt","El Quseir","Mangrove Bay","25/10/2023",25.8697167,34.419,5,2257,4.75,"Shallow reef slope","Animalia","Cnidaria","Hexacorallia","Scleractinia","Poritidae","Porites","rus","Porites sp.","Genus",207231
829,"E5E6","Modern","Egypt","El Quseir","Mangrove Bay","25/10/2023",25.8697167,34.419,1,2257,4.75,"Shallow reef slope","Animalia","Cnidaria","Hexacorallia","Scleractinia","Poritidae","Porites","sp.","Porites sp.","Genus",206485
830,"E5E6","Modern","Egypt","El Quseir","Mangrove Bay","25/10/2023",25.8697167,34.419,3,2257,4.75,"Shallow reef slope","Animalia","Cnidaria","Hexacorallia","Scleractinia","Poritidae","Porites","sp.","Porites sp.","Genus",206485
831,"E5E6","Modern","Egypt","El Quseir","Mangrove Bay","25/10/2023",25.8697167,34.419,5,2257,4.75,"Shallow reef slope","Animalia","Cnidaria","Hexacorallia","Scleractinia","Poritidae","Porites","rus","Porites sp.","Genus",207231
832,"E5E6","Modern","Egypt","El Quseir","Mangrove Bay","25/10/2023",25.8697167,34.419,29,2257,4.75,"Shallow reef slope","Animalia","Cnidaria","Hexacorallia","Scleractinia","Poritidae","Porites","rus","Porites sp.","Genus",207231
833,"E5E6","Modern","Egypt","El Quseir","Mangrove Bay","25/10/2023",25.8697167,34.419,4,2257,4.75,"Shallow reef slope","Animalia","Cnidaria","Hexacorallia","Scleractinia","Poritidae","Porites","sp.","Porites sp.","Genus",206485
834,"E5E6","Modern","Egypt","El Quseir","Mangrove Bay","25/10/2023",25.8697167,34.419,3,2257,4.75,"Shallow reef slope","Animalia","Cnidaria","Hexacorallia","Scleractinia","Poritidae","Porites","sp.","Porites sp.","Genus",206485
835,"E5E6","Modern","Egypt","El Quseir","Mangrove Bay","25/10/2023",25.8697167,34.419,4,2257,4.75,"Shallow reef slope","Animalia","Cnidaria","Hexacorallia","Scleractinia","Poritidae","Porites","sp.","Porites sp.","Genus",206485
836,"E5E6","Modern","Egypt","El Quseir","Mangrove Bay","25/10/2023",25.8697167,34.419,3,2257,4.75,"Shallow reef slope","Animalia","Cnidaria","Hexacorallia","Scleractinia","Poritidae","Porites","sp.","Porites sp.","Genus",206485
837,"E5E6","Modern","Egypt","El Quseir","Mangrove Bay","25/10/2023",25.8697167,34.419,4,2257,4.75,"Shallow reef slope","Animalia","Cnidaria","Hexacorallia","Scleractinia","Poritidae","Porites","sp.","Porites sp.","Genus",206485
838,"E5E6","Modern","Egypt","El Quseir","Mangrove Bay","25/10/2023",25.8697167,34.419,4,2257,4.75,"Shallow reef slope","Animalia","Cnidaria","Hexacorallia","Scleractinia","Poritidae","Porites","sp.","Porites sp.","Genus",206485
839,"E5E6","Modern","Egypt","El Quseir","Mangrove Bay","25/10/2023",25.8697167,34.419,2,2257,4.75,"Shallow reef slope","Animalia","Cnidaria","Hexacorallia","Scleractinia","Poritidae","Porites","sp.","Porites sp.","Genus",206485
840,"E5E6","Modern","Egypt","El Quseir","Mangrove Bay","25/10/2023",25.8697167,34.419,6,2257,4.75,"Shallow reef slope","Animalia","Cnidaria","Hexacorallia","Scleractinia","Agariciidae","Gardineroseris","planulata","Gardineroseris planulata","Species",207274
841,"E5E6","Modern","Egypt","El Quseir","Mangrove Bay","25/10/2023",25.8697167,34.419,2,2257,4.75,"Shallow reef slope","Animalia","Cnidaria","Hexacorallia","Scleractinia","Acroporidae","Montipora","sp.","Montipora sp.","Genus",203834
842,"E5E6","Modern","Egypt","El Quseir","Mangrove Bay","25/10/2023",25.8697167,34.419,4,2257,4.75,"Shallow reef slope","Animalia","Cnidaria","Hexacorallia","Scleractinia","Leptastreidae","Leptastrea","purpurea","Leptastrea purpurea","Species",207470
843,"E5E6","Modern","Egypt","El Quseir","Mangrove Bay","25/10/2023",25.8697167,34.419,3,2257,4.75,"Shallow reef slope","Animalia","Cnidaria","Hexacorallia","Scleractinia","Poritidae","Porites","rus","Porites sp.","Genus",207231
844,"E5E6","Modern","Egypt","El Quseir","Mangrove Bay","25/10/2023",25.8697167,34.419,13,2257,4.75,"Shallow reef slope","Animalia","Cnidaria","Hexacorallia","Scleractinia","Poritidae","Porites","rus","Porites sp.","Genus",207231
845,"E5E6","Modern","Egypt","El Quseir","Mangrove Bay","25/10/2023",25.8697167,34.419,5,2257,4.75,"Shallow reef slope","Animalia","Cnidaria","Hexacorallia","Scleractinia","Psammocoridae","Psammocora","sp.","Psammocora sp.","Genus",204148
846,"E5E6","Modern","Egypt","El Quseir","Mangrove Bay","25/10/2023",25.8697167,34.419,1,2257,4.75,"Shallow reef slope","Animalia","Cnidaria","Hexacorallia","Scleractinia","Poritidae","Porites","rus","Porites sp.","Genus",207231
847,"E5E6","Modern","Egypt","El Quseir","Mangrove Bay","25/10/2023",25.8697167,34.419,2,2257,4.75,"Shallow reef slope","Animalia","Cnidaria","Hexacorallia","Scleractinia","Poritidae","Porites","rus","Porites sp.","Genus",207231
848,"E5E6","Modern","Egypt","El Quseir","Mangrove Bay","25/10/2023",25.8697167,34.419,2,2257,4.75,"Shallow reef slope","Animalia","Cnidaria","Hexacorallia","Scleractinia","Poritidae","Porites","rus","Porites sp.","Genus",207231
849,"E5E6","Modern","Egypt","El Quseir","Mangrove Bay","25/10/2023",25.8697167,34.419,15,2257,4.75,"Shallow reef slope","Animalia","Cnidaria","Hexacorallia","Scleractinia","Poritidae","Porites","rus","Porites sp.","Genus",207231
850,"E5E6","Modern","Egypt","El Quseir","Mangrove Bay","25/10/2023",25.8697167,34.419,4,2257,4.75,"Shallow reef slope","Animalia","Cnidaria","Hexacorallia","Scleractinia","Poritidae","Porites","rus","Porites sp.","Genus",207231
851,"E5E6","Modern","Egypt","El Quseir","Mangrove Bay","25/10/2023",25.8697167,34.419,4,2257,4.75,"Shallow reef slope","Animalia","Cnidaria","Hexacorallia","Scleractinia","Merulinidae","Cyphastrea","chalcidicum","Cyphastrea chalcidicum","Species",207415
852,"E5E6","Modern","Egypt","El Quseir","Mangrove Bay","25/10/2023",25.8697167,34.419,7,2257,4.75,"Shallow reef slope","Animalia","Cnidaria","Hexacorallia","Scleractinia","Merulinidae","Cyphastrea","sp.","Cyphastrea sp.","Genus",206488
853,"E5E6","Modern","Egypt","El Quseir","Mangrove Bay","25/10/2023",25.8697167,34.419,3,2257,4.75,"Shallow reef slope","Animalia","Cnidaria","Hexacorallia","Scleractinia","Merulinidae","Cyphastrea","sp.","Cyphastrea sp.","Genus",206488
854,"E5E6","Modern","Egypt","El Quseir","Mangrove Bay","25/10/2023",25.8697167,34.419,7,2257,4.75,"Shallow reef slope","Animalia","Cnidaria","Hexacorallia","Scleractinia","Leptastreidae","Leptastrea","purpurea","Leptastrea purpurea","Species",207470
855,"E5E6","Modern","Egypt","El Quseir","Mangrove Bay","25/10/2023",25.8697167,34.419,3,2257,4.75,"Shallow reef slope","Animalia","Cnidaria","Hydrozoa","Anthoathecata","Milleporidae","Millepora","sp.","Millepora sp.","Genus",205902
856,"E5E6","Modern","Egypt","El Quseir","Mangrove Bay","25/10/2023",25.8697167,34.419,8,2257,4.75,"Shallow reef slope","Animalia","Cnidaria","Hydrozoa","Anthoathecata","Milleporidae","Millepora","exaesa","Millepora sp.","Genus",210728
857,"E5E6","Modern","Egypt","El Quseir","Mangrove Bay","25/10/2023",25.8697167,34.419,2,2257,4.75,"Shallow reef slope","Animalia","Cnidaria","Hydrozoa","Anthoathecata","Milleporidae","Millepora","sp.","Millepora sp.","Genus",205902
858,"E5E6","Modern","Egypt","El Quseir","Mangrove Bay","25/10/2023",25.8697167,34.419,5,2257,4.75,"Shallow reef slope","Animalia","Cnidaria","Hydrozoa","Anthoathecata","Milleporidae","Millepora","sp.","Millepora sp.","Genus",205902
859,"E5E6","Modern","Egypt","El Quseir","Mangrove Bay","25/10/2023",25.8697167,34.419,5,2257,4.75,"Shallow reef slope","Animalia","Cnidaria","Hydrozoa","Anthoathecata","Milleporidae","Millepora","exaesa","Millepora sp.","Genus",210728
860,"E5E6","Modern","Egypt","El Quseir","Mangrove Bay","25/10/2023",25.8697167,34.419,9,2257,4.75,"Shallow reef slope","Animalia","Cnidaria","Hydrozoa","Anthoathecata","Milleporidae","Millepora","dichotoma","Millepora sp.","Genus",210733
861,"E5E6","Modern","Egypt","El Quseir","Mangrove Bay","25/10/2023",25.8697167,34.419,6,2257,4.75,"Shallow reef slope","Animalia","Cnidaria","Hydrozoa","Anthoathecata","Milleporidae","Millepora","exaesa","Millepora sp.","Genus",210728
862,"E5E6","Modern","Egypt","El Quseir","Mangrove Bay","25/10/2023",25.8697167,34.419,11,2257,4.75,"Shallow reef slope","Animalia","Cnidaria","Hexacorallia","Scleractinia","Fungiidae","Ctenactis","crassa","Ctenactis crassa","Species",288875
863,"E5E6","Modern","Egypt","El Quseir","Mangrove Bay","25/10/2023",25.8697167,34.419,14,2257,4.75,"Shallow reef slope","Animalia","Cnidaria","Hexacorallia","Scleractinia","Fungiidae","Ctenactis","crassa","Ctenactis crassa","Species",288875
864,"E5E6","Modern","Egypt","El Quseir","Mangrove Bay","25/10/2023",25.8697167,34.419,2,2257,4.75,"Shallow reef slope","Animalia","Cnidaria","Hexacorallia","Scleractinia","Poritidae","Porites","sp.","Porites sp.","Genus",206485
865,"E5E6","Modern","Egypt","El Quseir","Mangrove Bay","25/10/2023",25.8697167,34.419,3,2257,4.75,"Shallow reef slope","Animalia","Cnidaria","Hexacorallia","Scleractinia","Poritidae","Porites","sp.","Porites sp.","Genus",206485
866,"E5E6","Modern","Egypt","El Quseir","Mangrove Bay","25/10/2023",25.8697167,34.419,6,2257,4.75,"Shallow reef slope","Animalia","Cnidaria","Hexacorallia","Scleractinia","Poritidae","Porites","sp.","Porites sp.","Genus",206485
867,"E5E6","Modern","Egypt","El Quseir","Mangrove Bay","25/10/2023",25.8697167,34.419,5,2257,4.75,"Shallow reef slope","Animalia","Cnidaria","Hexacorallia","Scleractinia","Poritidae","Porites","sp.","Porites sp.","Genus",206485
868,"E5E6","Modern","Egypt","El Quseir","Mangrove Bay","25/10/2023",25.8697167,34.419,9,2257,4.75,"Shallow reef slope","Animalia","Cnidaria","Hexacorallia","Scleractinia","Poritidae","Porites","sp.","Porites sp.","Genus",206485
869,"E5E6","Modern","Egypt","El Quseir","Mangrove Bay","25/10/2023",25.8697167,34.419,2,2257,4.75,"Shallow reef slope","Animalia","Cnidaria","Hexacorallia","Scleractinia","Poritidae","Porites","sp.","Porites sp.","Genus",206485
870,"E5E6","Modern","Egypt","El Quseir","Mangrove Bay","25/10/2023",25.8697167,34.419,9,2257,4.75,"Shallow reef slope","Animalia","Cnidaria","Hexacorallia","Scleractinia","Poritidae","Porites","rus","Porites sp.","Genus",207231
871,"E5E6","Modern","Egypt","El Quseir","Mangrove Bay","25/10/2023",25.8697167,34.419,2,2257,4.75,"Shallow reef slope","Animalia","Cnidaria","Hexacorallia","Scleractinia","Merulinidae","Goniastrea","edwardsi","Goniastrea edwardsi","Species",207466
872,"E5E6","Modern","Egypt","El Quseir","Mangrove Bay","25/10/2023",25.8697167,34.419,30,2257,4.75,"Shallow reef slope","Animalia","Cnidaria","Hexacorallia","Scleractinia","Poritidae","Porites","rus","Porites sp.","Genus",207231
873,"E5E6","Modern","Egypt","El Quseir","Mangrove Bay","25/10/2023",25.8697167,34.419,13,2257,4.75,"Shallow reef slope","Animalia","Cnidaria","Hexacorallia","Scleractinia","Poritidae","Porites","rus","Porites sp.","Genus",207231
874,"E5E6","Modern","Egypt","El Quseir","Mangrove Bay","25/10/2023",25.8697167,34.419,17,2257,4.75,"Shallow reef slope","Animalia","Cnidaria","Hexacorallia","Scleractinia","Poritidae","Porites","rus","Porites sp.","Genus",207231
875,"E5E6","Modern","Egypt","El Quseir","Mangrove Bay","25/10/2023",25.8697167,34.419,2,2257,4.75,"Shallow reef slope","Animalia","Cnidaria","Hexacorallia","Scleractinia","Poritidae","Porites","sp.","Porites sp.","Genus",206485
876,"F1F2","Modern","Egypt","El Quseir","Mangrove Bay","23/10/2023",25.8697167,34.419,11,2254,7.2,"Deeper reef slope","Animalia","Cnidaria","Hexacorallia","Scleractinia","Pocilloporidae","Pocillopora","verrucosa","Pocillopora verrucosa","Species",206954
877,"F1F2","Modern","Egypt","El Quseir","Mangrove Bay","23/10/2023",25.8697167,34.419,5,2254,7.2,"Deeper reef slope","Animalia","Cnidaria","Hexacorallia","Scleractinia","Pocilloporidae","Pocillopora","verrucosa","Pocillopora verrucosa","Species",206954
878,"F1F2","Modern","Egypt","El Quseir","Mangrove Bay","23/10/2023",25.8697167,34.419,2,2254,7.2,"Deeper reef slope","Animalia","Cnidaria","Hexacorallia","Scleractinia","Pocilloporidae","Pocillopora","sp.","Pocillopora sp.","Genus",206938
879,"F1F2","Modern","Egypt","El Quseir","Mangrove Bay","23/10/2023",25.8697167,34.419,4,2254,7.2,"Deeper reef slope","Animalia","Cnidaria","Hexacorallia","Scleractinia","Pocilloporidae","Pocillopora","verrucosa","Pocillopora verrucosa","Species",206954
880,"F1F2","Modern","Egypt","El Quseir","Mangrove Bay","23/10/2023",25.8697167,34.419,15,2254,7.2,"Deeper reef slope","Animalia","Cnidaria","Hexacorallia","Scleractinia","Pocilloporidae","Stylophora","subseriata","Stylophora subseriata","Species",206980
881,"F1F2","Modern","Egypt","El Quseir","Mangrove Bay","23/10/2023",25.8697167,34.419,23,2254,7.2,"Deeper reef slope","Animalia","Cnidaria","Hexacorallia","Scleractinia","Poritidae","Porites","rus","Porites sp.","Genus",207231
882,"F1F2","Modern","Egypt","El Quseir","Mangrove Bay","23/10/2023",25.8697167,34.419,5,2254,7.2,"Deeper reef slope","Animalia","Cnidaria","Hexacorallia","Scleractinia","Leptastreidae","Leptastrea","purpurea","Leptastrea purpurea","Species",207470
883,"F1F2","Modern","Egypt","El Quseir","Mangrove Bay","23/10/2023",25.8697167,34.419,2,2254,7.2,"Deeper reef slope","Animalia","Cnidaria","Hexacorallia","Scleractinia","Poritidae","Porites","sp.","Porites sp.","Genus",206485
884,"F1F2","Modern","Egypt","El Quseir","Mangrove Bay","23/10/2023",25.8697167,34.419,2,2254,7.2,"Deeper reef slope","Animalia","Cnidaria","Hexacorallia","Scleractinia","Poritidae","Porites","rus","Porites sp.","Genus",207231
885,"F1F2","Modern","Egypt","El Quseir","Mangrove Bay","23/10/2023",25.8697167,34.419,19,2254,7.2,"Deeper reef slope","Animalia","Cnidaria","Hexacorallia","Scleractinia","Poritidae","Porites","rus","Porites sp.","Genus",207231
886,"F1F2","Modern","Egypt","El Quseir","Mangrove Bay","23/10/2023",25.8697167,34.419,5,2254,7.2,"Deeper reef slope","Animalia","Cnidaria","Hexacorallia","Scleractinia","Leptastreidae","Leptastrea","purpurea","Leptastrea purpurea","Species",207470
887,"F1F2","Modern","Egypt","El Quseir","Mangrove Bay","23/10/2023",25.8697167,34.419,8,2254,7.2,"Deeper reef slope","Animalia","Cnidaria","Hexacorallia","Scleractinia","Poritidae","Porites","rus","Porites sp.","Genus",207231
888,"F1F2","Modern","Egypt","El Quseir","Mangrove Bay","23/10/2023",25.8697167,34.419,6,2254,7.2,"Deeper reef slope","Animalia","Cnidaria","Hexacorallia","Scleractinia","Poritidae","Porites","rus","Porites sp.","Genus",207231
889,"F1F2","Modern","Egypt","El Quseir","Mangrove Bay","23/10/2023",25.8697167,34.419,19,2254,7.2,"Deeper reef slope","Animalia","Cnidaria","Hexacorallia","Scleractinia","Acroporidae","Montipora","tuberculosa","Montipora tuberculosa","Species",207156
890,"F1F2","Modern","Egypt","El Quseir","Mangrove Bay","23/10/2023",25.8697167,34.419,3,2254,7.2,"Deeper reef slope","Animalia","Cnidaria","Hexacorallia","Scleractinia","Merulinidae","Cyphastrea","microphthalma","Cyphastrea microphthalma","Species",207416
891,"F1F2","Modern","Egypt","El Quseir","Mangrove Bay","23/10/2023",25.8697167,34.419,10,2254,7.2,"Deeper reef slope","Animalia","Cnidaria","Hexacorallia","Scleractinia","Acroporidae","Montipora","tuberculosa","Montipora tuberculosa","Species",207156
892,"F1F2","Modern","Egypt","El Quseir","Mangrove Bay","23/10/2023",25.8697167,34.419,1,2254,7.2,"Deeper reef slope","Animalia","Cnidaria","Hexacorallia","Scleractinia","Poritidae","Porites","sp.","Porites sp.","Genus",206485
893,"F1F2","Modern","Egypt","El Quseir","Mangrove Bay","23/10/2023",25.8697167,34.419,5,2254,7.2,"Deeper reef slope","Animalia","Cnidaria","Hexacorallia","Scleractinia","Poritidae","Porites","sp.","Porites sp.","Genus",206485
894,"F1F2","Modern","Egypt","El Quseir","Mangrove Bay","23/10/2023",25.8697167,34.419,4,2254,7.2,"Deeper reef slope","Animalia","Cnidaria","Hexacorallia","Scleractinia","Poritidae","Porites","sp.","Porites sp.","Genus",206485
895,"F1F2","Modern","Egypt","El Quseir","Mangrove Bay","23/10/2023",25.8697167,34.419,4,2254,7.2,"Deeper reef slope","Animalia","Cnidaria","Hexacorallia","Scleractinia","Poritidae","Porites","sp.","Porites sp.","Genus",206485
896,"F1F2","Modern","Egypt","El Quseir","Mangrove Bay","23/10/2023",25.8697167,34.419,15,2254,7.2,"Deeper reef slope","Animalia","Cnidaria","Hexacorallia","Scleractinia","Merulinidae","Goniastrea","edwardsi","Goniastrea edwardsi","Species",207466
897,"F1F2","Modern","Egypt","El Quseir","Mangrove Bay","23/10/2023",25.8697167,34.419,26,2254,7.2,"Deeper reef slope","Animalia","Cnidaria","Hexacorallia","Scleractinia","Poritidae","Porites","sp.","Porites sp.","Genus",206485
898,"F1F2","Modern","Egypt","El Quseir","Mangrove Bay","23/10/2023",25.8697167,34.419,30,2254,7.2,"Deeper reef slope","Animalia","Cnidaria","Hexacorallia","Scleractinia","Poritidae","Porites","sp.","Porites sp.","Genus",206485
899,"F1F2","Modern","Egypt","El Quseir","Mangrove Bay","23/10/2023",25.8697167,34.419,14,2254,7.2,"Deeper reef slope","Animalia","Cnidaria","Hexacorallia","Scleractinia","Poritidae","Porites","sp.","Porites sp.","Genus",206485
900,"F1F2","Modern","Egypt","El Quseir","Mangrove Bay","23/10/2023",25.8697167,34.419,18,2254,7.2,"Deeper reef slope","Animalia","Cnidaria","Hexacorallia","Scleractinia","Poritidae","Porites","sp.","Porites sp.","Genus",206485
901,"F1F2","Modern","Egypt","El Quseir","Mangrove Bay","23/10/2023",25.8697167,34.419,19,2254,7.2,"Deeper reef slope","Animalia","Cnidaria","Hexacorallia","Scleractinia","Poritidae","Porites","sp.","Porites sp.","Genus",206485
902,"F1F2","Modern","Egypt","El Quseir","Mangrove Bay","23/10/2023",25.8697167,34.419,18,2254,7.2,"Deeper reef slope","Animalia","Cnidaria","Hexacorallia","Scleractinia","Poritidae","Porites","sp.","Porites sp.","Genus",206485
903,"F1F2","Modern","Egypt","El Quseir","Mangrove Bay","23/10/2023",25.8697167,34.419,32,2254,7.2,"Deeper reef slope","Animalia","Cnidaria","Hexacorallia","Scleractinia","Poritidae","Porites","sp.","Porites sp.","Genus",206485
904,"F1F2","Modern","Egypt","El Quseir","Mangrove Bay","23/10/2023",25.8697167,34.419,5,2254,7.2,"Deeper reef slope","Animalia","Cnidaria","Hexacorallia","Scleractinia","Poritidae","Porites","sp.","Porites sp.","Genus",206485
905,"F1F2","Modern","Egypt","El Quseir","Mangrove Bay","23/10/2023",25.8697167,34.419,3,2254,7.2,"Deeper reef slope","Animalia","Cnidaria","Hexacorallia","Scleractinia","Poritidae","Porites","sp.","Porites sp.","Genus",206485
906,"F1F2","Modern","Egypt","El Quseir","Mangrove Bay","23/10/2023",25.8697167,34.419,13,2254,7.2,"Deeper reef slope","Animalia","Cnidaria","Hexacorallia","Scleractinia","Poritidae","Porites","sp.","Porites sp.","Genus",206485
907,"F1F2","Modern","Egypt","El Quseir","Mangrove Bay","23/10/2023",25.8697167,34.419,9,2254,7.2,"Deeper reef slope","Animalia","Cnidaria","Hexacorallia","Scleractinia","Poritidae","Porites","sp.","Porites sp.","Genus",206485
908,"F1F2","Modern","Egypt","El Quseir","Mangrove Bay","23/10/2023",25.8697167,34.419,11,2254,7.2,"Deeper reef slope","Animalia","Cnidaria","Hexacorallia","Scleractinia","Poritidae","Porites","sp.","Porites sp.","Genus",206485
909,"F1F2","Modern","Egypt","El Quseir","Mangrove Bay","23/10/2023",25.8697167,34.419,6,2254,7.2,"Deeper reef slope","Animalia","Cnidaria","Hexacorallia","Scleractinia","Poritidae","Porites","sp.","Porites sp.","Genus",206485
910,"F1F2","Modern","Egypt","El Quseir","Mangrove Bay","23/10/2023",25.8697167,34.419,3,2254,7.2,"Deeper reef slope","Animalia","Cnidaria","Hexacorallia","Scleractinia","Poritidae","Porites","sp.","Porites sp.","Genus",206485
911,"F1F2","Modern","Egypt","El Quseir","Mangrove Bay","23/10/2023",25.8697167,34.419,17,2254,7.2,"Deeper reef slope","Animalia","Cnidaria","Hexacorallia","Scleractinia","Poritidae","Porites","sp.","Porites sp.","Genus",206485
912,"F1F2","Modern","Egypt","El Quseir","Mangrove Bay","23/10/2023",25.8697167,34.419,7,2254,7.2,"Deeper reef slope","Animalia","Cnidaria","Hexacorallia","Scleractinia","Poritidae","Porites","sp.","Porites sp.","Genus",206485
913,"F1F2","Modern","Egypt","El Quseir","Mangrove Bay","23/10/2023",25.8697167,34.419,3,2254,7.2,"Deeper reef slope","Animalia","Cnidaria","Hexacorallia","Scleractinia","Poritidae","Porites","sp.","Porites sp.","Genus",206485
914,"F1F2","Modern","Egypt","El Quseir","Mangrove Bay","23/10/2023",25.8697167,34.419,8,2254,7.2,"Deeper reef slope","Animalia","Cnidaria","Hexacorallia","Scleractinia","Poritidae","Porites","sp.","Porites sp.","Genus",206485
915,"F1F2","Modern","Egypt","El Quseir","Mangrove Bay","23/10/2023",25.8697167,34.419,8,2254,7.2,"Deeper reef slope","Animalia","Cnidaria","Hexacorallia","Scleractinia","Poritidae","Porites","sp.","Porites sp.","Genus",206485
916,"F1F2","Modern","Egypt","El Quseir","Mangrove Bay","23/10/2023",25.8697167,34.419,14,2254,7.2,"Deeper reef slope","Animalia","Cnidaria","Hexacorallia","Scleractinia","Poritidae","Porites","sp.","Porites sp.","Genus",206485
917,"F1F2","Modern","Egypt","El Quseir","Mangrove Bay","23/10/2023",25.8697167,34.419,6,2254,7.2,"Deeper reef slope","Animalia","Cnidaria","Hexacorallia","Scleractinia","Poritidae","Porites","sp.","Porites sp.","Genus",206485
918,"F1F2","Modern","Egypt","El Quseir","Mangrove Bay","23/10/2023",25.8697167,34.419,10,2254,7.2,"Deeper reef slope","Animalia","Cnidaria","Hexacorallia","Scleractinia","Poritidae","Porites","sp.","Porites sp.","Genus",206485
919,"F1F2","Modern","Egypt","El Quseir","Mangrove Bay","23/10/2023",25.8697167,34.419,3,2254,7.2,"Deeper reef slope","Animalia","Cnidaria","Hexacorallia","Scleractinia","Poritidae","Porites","sp.","Porites sp.","Genus",206485
920,"F1F2","Modern","Egypt","El Quseir","Mangrove Bay","23/10/2023",25.8697167,34.419,15,2254,7.2,"Deeper reef slope","Animalia","Cnidaria","Hexacorallia","Scleractinia","Poritidae","Porites","sp.","Porites sp.","Genus",206485
921,"F1F2","Modern","Egypt","El Quseir","Mangrove Bay","23/10/2023",25.8697167,34.419,4,2254,7.2,"Deeper reef slope","Animalia","Cnidaria","Hydrozoa","Anthoathecata","Milleporidae","Millepora","exaesa","Millepora sp.","Genus",210728
922,"F1F2","Modern","Egypt","El Quseir","Mangrove Bay","23/10/2023",25.8697167,34.419,6,2254,7.2,"Deeper reef slope","Animalia","Cnidaria","Hydrozoa","Anthoathecata","Milleporidae","Millepora","exaesa","Millepora sp.","Genus",210728
923,"F1F2","Modern","Egypt","El Quseir","Mangrove Bay","23/10/2023",25.8697167,34.419,5,2254,7.2,"Deeper reef slope","Animalia","Cnidaria","Hydrozoa","Anthoathecata","Milleporidae","Millepora","dichotoma","Millepora sp.","Genus",210733
924,"F1F2","Modern","Egypt","El Quseir","Mangrove Bay","23/10/2023",25.8697167,34.419,2,2254,7.2,"Deeper reef slope","Animalia","Cnidaria","Hydrozoa","Anthoathecata","Milleporidae","Millepora","dichotoma","Millepora sp.","Genus",210733
925,"F3F4","Modern","Egypt","El Quseir","Mangrove Bay","23/10/2023",25.8697167,34.419,36,2655,9.5,"Deeper reef slope","Animalia","Cnidaria","Hexacorallia","Scleractinia","Acroporidae","Acropora","squarrosa","Acropora sp.","Genus",207053
926,"F3F4","Modern","Egypt","El Quseir","Mangrove Bay","23/10/2023",25.8697167,34.419,11,2655,9.5,"Deeper reef slope","Animalia","Cnidaria","Hexacorallia","Scleractinia","Pocilloporidae","Seriatopora","caliendrum","Seriatopora caliendrum","Species",206969
927,"F3F4","Modern","Egypt","El Quseir","Mangrove Bay","23/10/2023",25.8697167,34.419,7,2655,9.5,"Deeper reef slope","Animalia","Cnidaria","Hexacorallia","Scleractinia","Pocilloporidae","Seriatopora","caliendrum","Seriatopora caliendrum","Species",206969
928,"F3F4","Modern","Egypt","El Quseir","Mangrove Bay","23/10/2023",25.8697167,34.419,14,2655,9.5,"Deeper reef slope","Animalia","Cnidaria","Hexacorallia","Scleractinia","Acroporidae","Montipora","maeandrina","Montipora maeandrina","Species",207188
929,"F3F4","Modern","Egypt","El Quseir","Mangrove Bay","23/10/2023",25.8697167,34.419,19,2655,9.5,"Deeper reef slope","Animalia","Cnidaria","Hexacorallia","Scleractinia","Leptastreidae","Leptastrea","purpurea","Leptastrea purpurea","Species",207470
930,"F3F4","Modern","Egypt","El Quseir","Mangrove Bay","23/10/2023",25.8697167,34.419,6,2655,9.5,"Deeper reef slope","Animalia","Cnidaria","Hexacorallia","Scleractinia","Poritidae","Porites","rus","Porites sp.","Genus",207231
931,"F3F4","Modern","Egypt","El Quseir","Mangrove Bay","23/10/2023",25.8697167,34.419,5,2655,9.5,"Deeper reef slope","Animalia","Cnidaria","Hexacorallia","Scleractinia","Leptastreidae","Leptastrea","purpurea","Leptastrea purpurea","Species",207470
932,"F3F4","Modern","Egypt","El Quseir","Mangrove Bay","23/10/2023",25.8697167,34.419,8,2655,9.5,"Deeper reef slope","Animalia","Cnidaria","Hexacorallia","Scleractinia","Poritidae","Porites","rus","Porites sp.","Genus",207231
933,"F3F4","Modern","Egypt","El Quseir","Mangrove Bay","23/10/2023",25.8697167,34.419,5,2655,9.5,"Deeper reef slope","Animalia","Cnidaria","Hexacorallia","Scleractinia","Merulinidae","Goniastrea","pectinata","Goniastrea pectinata","Species",207464
934,"F3F4","Modern","Egypt","El Quseir","Mangrove Bay","23/10/2023",25.8697167,34.419,20,2655,9.5,"Deeper reef slope","Animalia","Cnidaria","Hexacorallia","Scleractinia","Poritidae","Porites","sp.","Porites sp.","Genus",206485
935,"F3F4","Modern","Egypt","El Quseir","Mangrove Bay","23/10/2023",25.8697167,34.419,9,2655,9.5,"Deeper reef slope","Animalia","Cnidaria","Hexacorallia","Scleractinia","Merulinidae","Goniastrea","edwardsi","Goniastrea edwardsi","Species",207466
936,"F3F4","Modern","Egypt","El Quseir","Mangrove Bay","23/10/2023",25.8697167,34.419,9,2655,9.5,"Deeper reef slope","Animalia","Cnidaria","Hexacorallia","Scleractinia","Merulinidae","Goniastrea","edwardsi","Goniastrea edwardsi","Species",207466
937,"F3F4","Modern","Egypt","El Quseir","Mangrove Bay","23/10/2023",25.8697167,34.419,4,2655,9.5,"Deeper reef slope","Animalia","Cnidaria","Hexacorallia","Scleractinia","Merulinidae","Goniastrea","edwardsi","Goniastrea edwardsi","Species",207466
938,"F3F4","Modern","Egypt","El Quseir","Mangrove Bay","23/10/2023",25.8697167,34.419,13,2655,9.5,"Deeper reef slope","Animalia","Cnidaria","Hexacorallia","Scleractinia","Merulinidae","Goniastrea","edwardsi","Goniastrea edwardsi","Species",207466
939,"F3F4","Modern","Egypt","El Quseir","Mangrove Bay","23/10/2023",25.8697167,34.419,18,2655,9.5,"Deeper reef slope","Animalia","Cnidaria","Hexacorallia","Scleractinia","Poritidae","Porites","sp.","Porites sp.","Genus",206485
940,"F3F4","Modern","Egypt","El Quseir","Mangrove Bay","23/10/2023",25.8697167,34.419,13,2655,9.5,"Deeper reef slope","Animalia","Cnidaria","Hexacorallia","Scleractinia","Poritidae","Porites","rus","Porites sp.","Genus",207231
941,"F3F4","Modern","Egypt","El Quseir","Mangrove Bay","23/10/2023",25.8697167,34.419,13,2655,9.5,"Deeper reef slope","Animalia","Cnidaria","Hexacorallia","Scleractinia","Poritidae","Porites","sp.","Porites sp.","Genus",206485
942,"F3F4","Modern","Egypt","El Quseir","Mangrove Bay","23/10/2023",25.8697167,34.419,9,2655,9.5,"Deeper reef slope","Animalia","Cnidaria","Hexacorallia","Scleractinia","Poritidae","Porites","sp.","Porites sp.","Genus",206485
943,"F3F4","Modern","Egypt","El Quseir","Mangrove Bay","23/10/2023",25.8697167,34.419,4,2655,9.5,"Deeper reef slope","Animalia","Cnidaria","Hexacorallia","Scleractinia","Poritidae","Porites","sp.","Porites sp.","Genus",206485
944,"F3F4","Modern","Egypt","El Quseir","Mangrove Bay","23/10/2023",25.8697167,34.419,7,2655,9.5,"Deeper reef slope","Animalia","Cnidaria","Hexacorallia","Scleractinia","Merulinidae","Goniastrea","pectinata","Goniastrea pectinata","Species",207464
945,"F3F4","Modern","Egypt","El Quseir","Mangrove Bay","23/10/2023",25.8697167,34.419,21,2655,9.5,"Deeper reef slope","Animalia","Cnidaria","Hexacorallia","Scleractinia","Poritidae","Porites","sp.","Porites sp.","Genus",206485
946,"F3F4","Modern","Egypt","El Quseir","Mangrove Bay","23/10/2023",25.8697167,34.419,23,2655,9.5,"Deeper reef slope","Animalia","Cnidaria","Hexacorallia","Scleractinia","Poritidae","Porites","sp.","Porites sp.","Genus",206485
947,"F3F4","Modern","Egypt","El Quseir","Mangrove Bay","23/10/2023",25.8697167,34.419,18,2655,9.5,"Deeper reef slope","Animalia","Cnidaria","Hexacorallia","Scleractinia","Poritidae","Porites","rus","Porites sp.","Genus",207231
948,"F3F4","Modern","Egypt","El Quseir","Mangrove Bay","23/10/2023",25.8697167,34.419,4,2655,9.5,"Deeper reef slope","Animalia","Cnidaria","Hexacorallia","Scleractinia","Poritidae","Porites","sp.","Porites sp.","Genus",206485
949,"F3F4","Modern","Egypt","El Quseir","Mangrove Bay","23/10/2023",25.8697167,34.419,10,2655,9.5,"Deeper reef slope","Animalia","Cnidaria","Hexacorallia","Scleractinia","Poritidae","Porites","rus","Porites sp.","Genus",207231
950,"F3F4","Modern","Egypt","El Quseir","Mangrove Bay","23/10/2023",25.8697167,34.419,3,2655,9.5,"Deeper reef slope","Animalia","Cnidaria","Hexacorallia","Scleractinia","Poritidae","Porites","rus","Porites sp.","Genus",207231
951,"F3F4","Modern","Egypt","El Quseir","Mangrove Bay","23/10/2023",25.8697167,34.419,8,2655,9.5,"Deeper reef slope","Animalia","Cnidaria","Hexacorallia","Scleractinia","Poritidae","Porites","sp.","Porites sp.","Genus",206485
952,"F3F4","Modern","Egypt","El Quseir","Mangrove Bay","23/10/2023",25.8697167,34.419,7,2655,9.5,"Deeper reef slope","Animalia","Cnidaria","Hexacorallia","Scleractinia","Poritidae","Porites","sp.","Porites sp.","Genus",206485
953,"F3F4","Modern","Egypt","El Quseir","Mangrove Bay","23/10/2023",25.8697167,34.419,4,2655,9.5,"Deeper reef slope","Animalia","Cnidaria","Hexacorallia","Scleractinia","Poritidae","Porites","sp.","Porites sp.","Genus",206485
954,"F3F4","Modern","Egypt","El Quseir","Mangrove Bay","23/10/2023",25.8697167,34.419,5,2655,9.5,"Deeper reef slope","Animalia","Cnidaria","Hexacorallia","Scleractinia","Poritidae","Porites","sp.","Porites sp.","Genus",206485
955,"F3F4","Modern","Egypt","El Quseir","Mangrove Bay","23/10/2023",25.8697167,34.419,51,2655,9.5,"Deeper reef slope","Animalia","Cnidaria","Hexacorallia","Scleractinia","Poritidae","Porites","rus","Porites sp.","Genus",207231
956,"F3F4","Modern","Egypt","El Quseir","Mangrove Bay","23/10/2023",25.8697167,34.419,5,2655,9.5,"Deeper reef slope","Animalia","Cnidaria","Hexacorallia","Scleractinia","Poritidae","Porites","rus","Porites sp.","Genus",207231
957,"F3F4","Modern","Egypt","El Quseir","Mangrove Bay","23/10/2023",25.8697167,34.419,2,2655,9.5,"Deeper reef slope","Animalia","Cnidaria","Hexacorallia","Scleractinia","Poritidae","Porites","sp.","Porites sp.","Genus",206485
958,"F3F4","Modern","Egypt","El Quseir","Mangrove Bay","23/10/2023",25.8697167,34.419,3,2655,9.5,"Deeper reef slope","Animalia","Cnidaria","Hexacorallia","Scleractinia","Merulinidae","Goniastrea","pectinata","Goniastrea pectinata","Species",207464
959,"F3F4","Modern","Egypt","El Quseir","Mangrove Bay","23/10/2023",25.8697167,34.419,3,2655,9.5,"Deeper reef slope","Animalia","Cnidaria","Hexacorallia","Scleractinia","Poritidae","Porites","sp.","Porites sp.","Genus",206485
960,"F3F4","Modern","Egypt","El Quseir","Mangrove Bay","23/10/2023",25.8697167,34.419,4,2655,9.5,"Deeper reef slope","Animalia","Cnidaria","Hexacorallia","Scleractinia","Poritidae","Porites","sp.","Porites sp.","Genus",206485
961,"F3F4","Modern","Egypt","El Quseir","Mangrove Bay","23/10/2023",25.8697167,34.419,11,2655,9.5,"Deeper reef slope","Animalia","Cnidaria","Hexacorallia","Scleractinia","Poritidae","Porites","sp.","Porites sp.","Genus",206485
962,"F3F4","Modern","Egypt","El Quseir","Mangrove Bay","23/10/2023",25.8697167,34.419,5,2655,9.5,"Deeper reef slope","Animalia","Cnidaria","Hexacorallia","Scleractinia","Poritidae","Porites","sp.","Porites sp.","Genus",206485
963,"F3F4","Modern","Egypt","El Quseir","Mangrove Bay","23/10/2023",25.8697167,34.419,8,2655,9.5,"Deeper reef slope","Animalia","Cnidaria","Hexacorallia","Scleractinia","Poritidae","Porites","sp.","Porites sp.","Genus",206485
964,"F3F4","Modern","Egypt","El Quseir","Mangrove Bay","23/10/2023",25.8697167,34.419,4,2655,9.5,"Deeper reef slope","Animalia","Cnidaria","Hexacorallia","Scleractinia","Poritidae","Porites","sp.","Porites sp.","Genus",206485
965,"F3F4","Modern","Egypt","El Quseir","Mangrove Bay","23/10/2023",25.8697167,34.419,8,2655,9.5,"Deeper reef slope","Animalia","Cnidaria","Hexacorallia","Scleractinia","Poritidae","Porites","rus","Porites sp.","Genus",207231
966,"F3F4","Modern","Egypt","El Quseir","Mangrove Bay","23/10/2023",25.8697167,34.419,15,2655,9.5,"Deeper reef slope","Animalia","Cnidaria","Hexacorallia","Scleractinia","Poritidae","Porites","rus","Porites sp.","Genus",207231
967,"F3F4","Modern","Egypt","El Quseir","Mangrove Bay","23/10/2023",25.8697167,34.419,4,2655,9.5,"Deeper reef slope","Animalia","Cnidaria","Hexacorallia","Scleractinia","Poritidae","Porites","sp.","Porites sp.","Genus",206485
968,"F3F4","Modern","Egypt","El Quseir","Mangrove Bay","23/10/2023",25.8697167,34.419,6,2655,9.5,"Deeper reef slope","Animalia","Cnidaria","Hexacorallia","Scleractinia","Poritidae","Porites","sp.","Porites sp.","Genus",206485
969,"F3F4","Modern","Egypt","El Quseir","Mangrove Bay","23/10/2023",25.8697167,34.419,5,2655,9.5,"Deeper reef slope","Animalia","Cnidaria","Hexacorallia","Scleractinia","Poritidae","Porites","sp.","Porites sp.","Genus",206485
970,"F3F4","Modern","Egypt","El Quseir","Mangrove Bay","23/10/2023",25.8697167,34.419,8,2655,9.5,"Deeper reef slope","Animalia","Cnidaria","Hexacorallia","Scleractinia","Poritidae","Porites","sp.","Porites sp.","Genus",206485
971,"F3F4","Modern","Egypt","El Quseir","Mangrove Bay","23/10/2023",25.8697167,34.419,12,2655,9.5,"Deeper reef slope","Animalia","Cnidaria","Hexacorallia","Scleractinia","Poritidae","Porites","sp.","Porites sp.","Genus",206485
972,"F3F4","Modern","Egypt","El Quseir","Mangrove Bay","23/10/2023",25.8697167,34.419,4,2655,9.5,"Deeper reef slope","Animalia","Cnidaria","Hexacorallia","Scleractinia","Poritidae","Porites","sp.","Porites sp.","Genus",206485
973,"F3F4","Modern","Egypt","El Quseir","Mangrove Bay","23/10/2023",25.8697167,34.419,8,2655,9.5,"Deeper reef slope","Animalia","Cnidaria","Hexacorallia","Scleractinia","Poritidae","Porites","rus","Porites sp.","Genus",207231
974,"F3F4","Modern","Egypt","El Quseir","Mangrove Bay","23/10/2023",25.8697167,34.419,11,2655,9.5,"Deeper reef slope","Animalia","Cnidaria","Hexacorallia","Scleractinia","Poritidae","Porites","rus","Porites sp.","Genus",207231
975,"F3F4","Modern","Egypt","El Quseir","Mangrove Bay","23/10/2023",25.8697167,34.419,3,2655,9.5,"Deeper reef slope","Animalia","Cnidaria","Hexacorallia","Scleractinia","Poritidae","Porites","rus","Porites sp.","Genus",207231
976,"F3F4","Modern","Egypt","El Quseir","Mangrove Bay","23/10/2023",25.8697167,34.419,4,2655,9.5,"Deeper reef slope","Animalia","Cnidaria","Hexacorallia","Scleractinia","Poritidae","Porites","sp.","Porites sp.","Genus",206485
977,"F3F4","Modern","Egypt","El Quseir","Mangrove Bay","23/10/2023",25.8697167,34.419,5,2655,9.5,"Deeper reef slope","Animalia","Cnidaria","Hexacorallia","Scleractinia","Fungiidae","Ctenactis","crassa","Ctenactis crassa","Species",288875
978,"F3F4","Modern","Egypt","El Quseir","Mangrove Bay","23/10/2023",25.8697167,34.419,6,2655,9.5,"Deeper reef slope","Animalia","Cnidaria","Hexacorallia","Scleractinia","Poritidae","Porites","rus","Porites sp.","Genus",207231
979,"F5F6","Modern","Egypt","El Quseir","Mangrove Bay","25/10/2023",25.8697167,34.419,14,2556,9.5,"Deeper reef slope","Animalia","Cnidaria","Hexacorallia","Scleractinia","Acroporidae","Acropora","squarrosa","Acropora sp.","Genus",207053
980,"F5F6","Modern","Egypt","El Quseir","Mangrove Bay","25/10/2023",25.8697167,34.419,11,2556,9.5,"Deeper reef slope","Animalia","Cnidaria","Hexacorallia","Scleractinia","Pocilloporidae","Stylophora","sp.","Stylophora sp.","Genus",204068
981,"F5F6","Modern","Egypt","El Quseir","Mangrove Bay","25/10/2023",25.8697167,34.419,6,2556,9.5,"Deeper reef slope","Animalia","Cnidaria","Hexacorallia","Scleractinia","Acroporidae","Montipora","tuberculosa","Montipora tuberculosa","Species",207156
982,"F5F6","Modern","Egypt","El Quseir","Mangrove Bay","25/10/2023",25.8697167,34.419,4,2556,9.5,"Deeper reef slope","Animalia","Cnidaria","Hexacorallia","Scleractinia","Psammocoridae","Psammocora","profundacella","Psammocora profundacella","Species",207271
983,"F5F6","Modern","Egypt","El Quseir","Mangrove Bay","25/10/2023",25.8697167,34.419,7,2556,9.5,"Deeper reef slope","Animalia","Cnidaria","Hexacorallia","Scleractinia","Poritidae","Porites","sp.","Porites sp.","Genus",206485
984,"F5F6","Modern","Egypt","El Quseir","Mangrove Bay","25/10/2023",25.8697167,34.419,7,2556,9.5,"Deeper reef slope","Animalia","Cnidaria","Hexacorallia","Scleractinia","Leptastreidae","Leptastrea","purpurea","Leptastrea purpurea","Species",207470
985,"F5F6","Modern","Egypt","El Quseir","Mangrove Bay","25/10/2023",25.8697167,34.419,5,2556,9.5,"Deeper reef slope","Animalia","Cnidaria","Hexacorallia","Scleractinia","Agariciidae","Pavona","explanulata","Pavona explanulata","Species",207306
986,"F5F6","Modern","Egypt","El Quseir","Mangrove Bay","25/10/2023",25.8697167,34.419,15,2556,9.5,"Deeper reef slope","Animalia","Cnidaria","Hexacorallia","Scleractinia","Poritidae","Porites","sp.","Porites sp.","Genus",206485
987,"F5F6","Modern","Egypt","El Quseir","Mangrove Bay","25/10/2023",25.8697167,34.419,1,2556,9.5,"Deeper reef slope","Animalia","Cnidaria","Hexacorallia","Scleractinia","Agariciidae","Pavona","varians","Pavona varians","Species",207303
988,"F5F6","Modern","Egypt","El Quseir","Mangrove Bay","25/10/2023",25.8697167,34.419,5,2556,9.5,"Deeper reef slope","Animalia","Cnidaria","Hexacorallia","Scleractinia","Coscinaraeidae","Coscinaraea","monile","Coscinaraea monile","Species",207255
989,"F5F6","Modern","Egypt","El Quseir","Mangrove Bay","25/10/2023",25.8697167,34.419,4,2556,9.5,"Deeper reef slope","Animalia","Cnidaria","Hexacorallia","Scleractinia","Psammocoridae","Psammocora","profundacella","Psammocora profundacella","Species",207271
990,"F5F6","Modern","Egypt","El Quseir","Mangrove Bay","25/10/2023",25.8697167,34.419,3,2556,9.5,"Deeper reef slope","Animalia","Cnidaria","Hexacorallia","Scleractinia","Acroporidae","Montipora","tuberculosa","Montipora tuberculosa","Species",207156
991,"F5F6","Modern","Egypt","El Quseir","Mangrove Bay","25/10/2023",25.8697167,34.419,3,2556,9.5,"Deeper reef slope","Animalia","Cnidaria","Hexacorallia","Scleractinia","Poritidae","Porites","sp.","Porites sp.","Genus",206485
992,"F5F6","Modern","Egypt","El Quseir","Mangrove Bay","25/10/2023",25.8697167,34.419,70,2556,9.5,"Deeper reef slope","Animalia","Cnidaria","Hexacorallia","Scleractinia","Poritidae","Porites","sp.","Porites sp.","Genus",206485
993,"F5F6","Modern","Egypt","El Quseir","Mangrove Bay","25/10/2023",25.8697167,34.419,7,2556,9.5,"Deeper reef slope","Animalia","Cnidaria","Hexacorallia","Scleractinia","Poritidae","Porites","rus","Porites sp.","Genus",207231
994,"F5F6","Modern","Egypt","El Quseir","Mangrove Bay","25/10/2023",25.8697167,34.419,12,2556,9.5,"Deeper reef slope","Animalia","Cnidaria","Hexacorallia","Scleractinia","Lobophylliidae","Echinophyllia","sp.","Echinophyllia sp.","Genus",204799
995,"F5F6","Modern","Egypt","El Quseir","Mangrove Bay","25/10/2023",25.8697167,34.419,22,2556,9.5,"Deeper reef slope","Animalia","Cnidaria","Hexacorallia","Scleractinia","Poritidae","Porites","rus","Porites sp.","Genus",207231
996,"F5F6","Modern","Egypt","El Quseir","Mangrove Bay","25/10/2023",25.8697167,34.419,14,2556,9.5,"Deeper reef slope","Animalia","Cnidaria","Hexacorallia","Scleractinia","Poritidae","Porites","rus","Porites sp.","Genus",207231
997,"F5F6","Modern","Egypt","El Quseir","Mangrove Bay","25/10/2023",25.8697167,34.419,52,2556,9.5,"Deeper reef slope","Animalia","Cnidaria","Hexacorallia","Scleractinia","Poritidae","Porites","rus","Porites sp.","Genus",207231
998,"F5F6","Modern","Egypt","El Quseir","Mangrove Bay","25/10/2023",25.8697167,34.419,6,2556,9.5,"Deeper reef slope","Animalia","Cnidaria","Hexacorallia","Scleractinia","Poritidae","Porites","sp.","Porites sp.","Genus",206485
999,"F5F6","Modern","Egypt","El Quseir","Mangrove Bay","25/10/2023",25.8697167,34.419,5,2556,9.5,"Deeper reef slope","Animalia","Cnidaria","Hexacorallia","Scleractinia","Poritidae","Porites","sp.","Porites sp.","Genus",206485
1000,"F5F6","Modern","Egypt","El Quseir","Mangrove Bay","25/10/2023",25.8697167,34.419,17,2556,9.5,"Deeper reef slope","Animalia","Cnidaria","Hexacorallia","Scleractinia","Poritidae","Porites","rus","Porites sp.","Genus",207231
1001,"F5F6","Modern","Egypt","El Quseir","Mangrove Bay","25/10/2023",25.8697167,34.419,4,2556,9.5,"Deeper reef slope","Animalia","Cnidaria","Hexacorallia","Scleractinia","Poritidae","Porites","rus","Porites sp.","Genus",207231
1002,"F5F6","Modern","Egypt","El Quseir","Mangrove Bay","25/10/2023",25.8697167,34.419,2,2556,9.5,"Deeper reef slope","Animalia","Cnidaria","Hexacorallia","Scleractinia","Poritidae","Porites","rus","Porites sp.","Genus",207231
1003,"F5F6","Modern","Egypt","El Quseir","Mangrove Bay","25/10/2023",25.8697167,34.419,3,2556,9.5,"Deeper reef slope","Animalia","Cnidaria","Hexacorallia","Scleractinia","Poritidae","Porites","sp.","Porites sp.","Genus",206485
1004,"F5F6","Modern","Egypt","El Quseir","Mangrove Bay","25/10/2023",25.8697167,34.419,15,2556,9.5,"Deeper reef slope","Animalia","Cnidaria","Hexacorallia","Scleractinia","Poritidae","Porites","rus","Porites sp.","Genus",207231
1005,"F5F6","Modern","Egypt","El Quseir","Mangrove Bay","25/10/2023",25.8697167,34.419,7,2556,9.5,"Deeper reef slope","Animalia","Cnidaria","Hexacorallia","Scleractinia","Poritidae","Porites","rus","Porites sp.","Genus",207231
1006,"F5F6","Modern","Egypt","El Quseir","Mangrove Bay","25/10/2023",25.8697167,34.419,13,2556,9.5,"Deeper reef slope","Animalia","Cnidaria","Hexacorallia","Scleractinia","Poritidae","Porites","rus","Porites sp.","Genus",207231
1007,"F5F6","Modern","Egypt","El Quseir","Mangrove Bay","25/10/2023",25.8697167,34.419,10,2556,9.5,"Deeper reef slope","Animalia","Cnidaria","Hexacorallia","Scleractinia","Poritidae","Porites","rus","Porites sp.","Genus",207231
1008,"F5F6","Modern","Egypt","El Quseir","Mangrove Bay","25/10/2023",25.8697167,34.419,7,2556,9.5,"Deeper reef slope","Animalia","Cnidaria","Hexacorallia","Scleractinia","Poritidae","Porites","rus","Porites sp.","Genus",207231
1009,"F5F6","Modern","Egypt","El Quseir","Mangrove Bay","25/10/2023",25.8697167,34.419,31,2556,9.5,"Deeper reef slope","Animalia","Cnidaria","Hexacorallia","Scleractinia","Poritidae","Porites","rus","Porites sp.","Genus",207231
1010,"F5F6","Modern","Egypt","El Quseir","Mangrove Bay","25/10/2023",25.8697167,34.419,12,2556,9.5,"Deeper reef slope","Animalia","Cnidaria","Hexacorallia","Scleractinia","Poritidae","Porites","sp.","Porites sp.","Genus",206485
1011,"F5F6","Modern","Egypt","El Quseir","Mangrove Bay","25/10/2023",25.8697167,34.419,9,2556,9.5,"Deeper reef slope","Animalia","Cnidaria","Hexacorallia","Scleractinia","Poritidae","Porites","sp.","Porites sp.","Genus",206485
1012,"F5F6","Modern","Egypt","El Quseir","Mangrove Bay","25/10/2023",25.8697167,34.419,11,2556,9.5,"Deeper reef slope","Animalia","Cnidaria","Hexacorallia","Scleractinia","Poritidae","Porites","sp.","Porites sp.","Genus",206485
1013,"F5F6","Modern","Egypt","El Quseir","Mangrove Bay","25/10/2023",25.8697167,34.419,6,2556,9.5,"Deeper reef slope","Animalia","Cnidaria","Hexacorallia","Scleractinia","Poritidae","Porites","sp.","Porites sp.","Genus",206485
1014,"F5F6","Modern","Egypt","El Quseir","Mangrove Bay","25/10/2023",25.8697167,34.419,4,2556,9.5,"Deeper reef slope","Animalia","Cnidaria","Hexacorallia","Scleractinia","Poritidae","Porites","sp.","Porites sp.","Genus",206485
1015,"F5F6","Modern","Egypt","El Quseir","Mangrove Bay","25/10/2023",25.8697167,34.419,4,2556,9.5,"Deeper reef slope","Animalia","Cnidaria","Hydrozoa","Anthoathecata","Milleporidae","Millepora","sp.","Millepora sp.","Genus",205902
1016,"F5F6","Modern","Egypt","El Quseir","Mangrove Bay","25/10/2023",25.8697167,34.419,2,2556,9.5,"Deeper reef slope","Animalia","Cnidaria","Hexacorallia","Scleractinia","Poritidae","Porites","rus","Porites sp.","Genus",207231
1017,"F5F6","Modern","Egypt","El Quseir","Mangrove Bay","25/10/2023",25.8697167,34.419,3,2556,9.5,"Deeper reef slope","Animalia","Cnidaria","Hexacorallia","Scleractinia","Poritidae","Porites","rus","Porites sp.","Genus",207231
1018,"F5F6","Modern","Egypt","El Quseir","Mangrove Bay","25/10/2023",25.8697167,34.419,3,2556,9.5,"Deeper reef slope","Animalia","Cnidaria","Hexacorallia","Scleractinia","Poritidae","Porites","rus","Porites sp.","Genus",207231
1019,"F5F6","Modern","Egypt","El Quseir","Mangrove Bay","25/10/2023",25.8697167,34.419,3,2556,9.5,"Deeper reef slope","Animalia","Cnidaria","Hexacorallia","Scleractinia","Poritidae","Porites","rus","Porites sp.","Genus",207231
1020,"F5F6","Modern","Egypt","El Quseir","Mangrove Bay","25/10/2023",25.8697167,34.419,4,2556,9.5,"Deeper reef slope","Animalia","Cnidaria","Hexacorallia","Scleractinia","Poritidae","Porites","rus","Porites sp.","Genus",207231
1021,"F5F6","Modern","Egypt","El Quseir","Mangrove Bay","25/10/2023",25.8697167,34.419,3,2556,9.5,"Deeper reef slope","Animalia","Cnidaria","Hexacorallia","Scleractinia","Poritidae","Porites","rus","Porites sp.","Genus",207231
1022,"F5F6","Modern","Egypt","El Quseir","Mangrove Bay","25/10/2023",25.8697167,34.419,6,2556,9.5,"Deeper reef slope","Animalia","Cnidaria","Hexacorallia","Scleractinia","Poritidae","Porites","rus","Porites sp.","Genus",207231
1023,"F5F6","Modern","Egypt","El Quseir","Mangrove Bay","25/10/2023",25.8697167,34.419,5,2556,9.5,"Deeper reef slope","Animalia","Cnidaria","Hexacorallia","Scleractinia","Poritidae","Porites","rus","Porites sp.","Genus",207231
1024,"F5F6","Modern","Egypt","El Quseir","Mangrove Bay","25/10/2023",25.8697167,34.419,35,2556,9.5,"Deeper reef slope","Animalia","Cnidaria","Hexacorallia","Scleractinia","Poritidae","Porites","rus","Porites sp.","Genus",207231
1025,"F5F6","Modern","Egypt","El Quseir","Mangrove Bay","25/10/2023",25.8697167,34.419,12,2556,9.5,"Deeper reef slope","Animalia","Cnidaria","Hexacorallia","Scleractinia","Poritidae","Porites","rus","Porites sp.","Genus",207231
1026,"SB_1","MIS5e","Egypt","El Quseir","Sharm el Bahari","06/11/2019",25.86702778,34.41991667,10,2150,NA,"Shallow reef slope","Animalia","Cnidaria","Hexacorallia","Scleractinia","Euphylliidae","Galaxea","fascicularis","Galaxea fascicularis","Species",207366
1027,"SB_1","MIS5e","Egypt","El Quseir","Sharm el Bahari","06/11/2019",25.86702778,34.41991667,28,2150,NA,"Shallow reef slope","Animalia","Cnidaria","Hexacorallia","Scleractinia","Merulinidae","Hydnophora","sp.","Hydnophora sp.","Genus",204976
1028,"SB_1","MIS5e","Egypt","El Quseir","Sharm el Bahari","06/11/2019",25.86702778,34.41991667,12,2150,NA,"Shallow reef slope","Animalia","Cnidaria","Hexacorallia","Scleractinia","Merulinidae","Hydnophora","exesa","Hydnophora exesa","Species",207403
1029,"SB_1","MIS5e","Egypt","El Quseir","Sharm el Bahari","06/11/2019",25.86702778,34.41991667,15,2150,NA,"Shallow reef slope","Animalia","Cnidaria","Hexacorallia","Scleractinia","Poritidae","Porites","sp.","Porites sp.","Genus",206485
1030,"SB_1","MIS5e","Egypt","El Quseir","Sharm el Bahari","06/11/2019",25.86702778,34.41991667,21,2150,NA,"Shallow reef slope","Animalia","Cnidaria","Hexacorallia","Scleractinia","Poritidae","Porites","sp.","Porites sp.","Genus",206485
1031,"SB_1","MIS5e","Egypt","El Quseir","Sharm el Bahari","06/11/2019",25.86702778,34.41991667,42,2150,NA,"Shallow reef slope","Animalia","Cnidaria","Hexacorallia","Scleractinia","Euphylliidae","Galaxea","fascicularis","Galaxea fascicularis","Species",207366
1032,"SB_1","MIS5e","Egypt","El Quseir","Sharm el Bahari","06/11/2019",25.86702778,34.41991667,15,2150,NA,"Shallow reef slope","Animalia","Cnidaria","Hexacorallia","Scleractinia","Merulinidae","Platygyra","sinensis","Platygyra sinensis","Species",207486
1033,"SB_1","MIS5e","Egypt","El Quseir","Sharm el Bahari","06/11/2019",25.86702778,34.41991667,3,2150,NA,"Shallow reef slope","Animalia","Cnidaria","Hexacorallia","Scleractinia","Fungiidae","Fungia","sp.","Fungia sp.","Genus",206375
1034,"SB_1","MIS5e","Egypt","El Quseir","Sharm el Bahari","06/11/2019",25.86702778,34.41991667,52,2150,NA,"Shallow reef slope","Animalia","Cnidaria","Hexacorallia","Scleractinia","Merulinidae","Echinopora","mammiformis","Echinopora mammiformis","Species",288344
1035,"SB_1","MIS5e","Egypt","El Quseir","Sharm el Bahari","06/11/2019",25.86702778,34.41991667,25,2150,NA,"Shallow reef slope","Animalia","Cnidaria","Hexacorallia","Scleractinia","Euphylliidae","Galaxea","fascicularis","Galaxea fascicularis","Species",207366
1036,"SB_1","MIS5e","Egypt","El Quseir","Sharm el Bahari","06/11/2019",25.86702778,34.41991667,5,2150,NA,"Shallow reef slope","Animalia","Cnidaria","Hexacorallia","Scleractinia","Merulinidae","gen.","sp.","Merulinidae","Family",1579843
1037,"SB_1","MIS5e","Egypt","El Quseir","Sharm el Bahari","06/11/2019",25.86702778,34.41991667,13,2150,NA,"Shallow reef slope","Animalia","Cnidaria","Hexacorallia","Scleractinia","Poritidae","Porites","sp.","Porites sp.","Genus",206485
1038,"SB_1","MIS5e","Egypt","El Quseir","Sharm el Bahari","06/11/2019",25.86702778,34.41991667,18,2150,NA,"Shallow reef slope","Animalia","Cnidaria","Hexacorallia","Scleractinia","Poritidae","Porites","sp.","Porites sp.","Genus",206485
1039,"SB_1","MIS5e","Egypt","El Quseir","Sharm el Bahari","06/11/2019",25.86702778,34.41991667,7,2150,NA,"Shallow reef slope","Animalia","Cnidaria","Hexacorallia","Scleractinia","Merulinidae","Echinopora","sp.","Echinopora sp.","Genus",205519
1040,"SB_1","MIS5e","Egypt","El Quseir","Sharm el Bahari","06/11/2019",25.86702778,34.41991667,15,2150,NA,"Shallow reef slope","Animalia","Cnidaria","Hexacorallia","Scleractinia","Merulinidae","Dipsastraea","pallida","Dipsastraea pallida","Species",758233
1041,"SB_1","MIS5e","Egypt","El Quseir","Sharm el Bahari","06/11/2019",25.86702778,34.41991667,37,2150,NA,"Shallow reef slope","Animalia","Cnidaria","Hexacorallia","Scleractinia","Merulinidae","Echinopora","gemmacea","Echinopora gemmacea","Species",207418
1042,"SB_1","MIS5e","Egypt","El Quseir","Sharm el Bahari","06/11/2019",25.86702778,34.41991667,20,2150,NA,"Shallow reef slope","Animalia","Cnidaria","Hexacorallia","Scleractinia","Merulinidae","Platygyra","sp.","Platygyra sp.","Genus",206621
1043,"SB_1","MIS5e","Egypt","El Quseir","Sharm el Bahari","06/11/2019",25.86702778,34.41991667,33,2150,NA,"Shallow reef slope","Animalia","Cnidaria","Hexacorallia","Scleractinia","Merulinidae","Favites","flexuosa","Favites flexuosa","Species",207444
1044,"SB_1","MIS5e","Egypt","El Quseir","Sharm el Bahari","06/11/2019",25.86702778,34.41991667,25,2150,NA,"Shallow reef slope","Animalia","Cnidaria","Hexacorallia","Scleractinia","Lobophylliidae","Lobophyllia","hemprichii","Lobophyllia hemprichii","Species",207392
1045,"SB_1","MIS5e","Egypt","El Quseir","Sharm el Bahari","06/11/2019",25.86702778,34.41991667,14,2150,NA,"Shallow reef slope","Animalia","Cnidaria","Hexacorallia","Scleractinia","Pocilloporidae","Pocillopora","sp.","Pocillopora sp.","Genus",206938
1046,"SB_1","MIS5e","Egypt","El Quseir","Sharm el Bahari","06/11/2019",25.86702778,34.41991667,14,2150,NA,"Shallow reef slope","Animalia","Cnidaria","Hexacorallia","Scleractinia","Poritidae","Porites","sp.","Porites sp.","Genus",206485
1047,"SB_1","MIS5e","Egypt","El Quseir","Sharm el Bahari","06/11/2019",25.86702778,34.41991667,51,2150,NA,"Shallow reef slope","Animalia","Cnidaria","Hexacorallia","Scleractinia","Lobophylliidae","Lobophyllia","corymbosa","Lobophyllia corymbosa","Species",207391
1048,"SB_1","MIS5e","Egypt","El Quseir","Sharm el Bahari","06/11/2019",25.86702778,34.41991667,15,2150,NA,"Shallow reef slope","Animalia","Cnidaria","Hexacorallia","Scleractinia","Euphylliidae","Galaxea","fascicularis","Galaxea fascicularis","Species",207366
1049,"SB_1","MIS5e","Egypt","El Quseir","Sharm el Bahari","06/11/2019",25.86702778,34.41991667,28,2150,NA,"Shallow reef slope","Animalia","Cnidaria","Hexacorallia","Scleractinia","Lobophylliidae","Lobophyllia","hemprichii","Lobophyllia hemprichii","Species",207392
1050,"SB_1","MIS5e","Egypt","El Quseir","Sharm el Bahari","06/11/2019",25.86702778,34.41991667,28,2150,NA,"Shallow reef slope","Animalia","Cnidaria","Hexacorallia","Scleractinia","Merulinidae","Echinopora","gemmacea","Echinopora gemmacea","Species",207418
1051,"SB_1","MIS5e","Egypt","El Quseir","Sharm el Bahari","06/11/2019",25.86702778,34.41991667,18,2150,NA,"Shallow reef slope","Animalia","Cnidaria","Hexacorallia","Scleractinia","Euphylliidae","Galaxea","fascicularis","Galaxea fascicularis","Species",207366
1052,"SB_1","MIS5e","Egypt","El Quseir","Sharm el Bahari","06/11/2019",25.86702778,34.41991667,20,2150,NA,"Shallow reef slope","Animalia","Cnidaria","Hexacorallia","Scleractinia","Euphylliidae","Galaxea","fascicularis","Galaxea fascicularis","Species",207366
1053,"SB_1","MIS5e","Egypt","El Quseir","Sharm el Bahari","06/11/2019",25.86702778,34.41991667,18,2150,NA,"Shallow reef slope","Animalia","Cnidaria","Hexacorallia","Scleractinia","Euphylliidae","Galaxea","fascicularis","Galaxea fascicularis","Species",207366
1054,"SB_1","MIS5e","Egypt","El Quseir","Sharm el Bahari","06/11/2019",25.86702778,34.41991667,9,2150,NA,"Shallow reef slope","Animalia","Cnidaria","Hexacorallia","Scleractinia","Poritidae","Porites","sp.","Porites sp.","Genus",206485
1055,"SB_1","MIS5e","Egypt","El Quseir","Sharm el Bahari","06/11/2019",25.86702778,34.41991667,34,2150,NA,"Shallow reef slope","Animalia","Cnidaria","Hexacorallia","Scleractinia","Euphylliidae","Galaxea","fascicularis","Galaxea fascicularis","Species",207366
1056,"SB_1","MIS5e","Egypt","El Quseir","Sharm el Bahari","06/11/2019",25.86702778,34.41991667,10,2150,NA,"Shallow reef slope","Animalia","Cnidaria","Hexacorallia","Scleractinia","Euphylliidae","Galaxea","fascicularis","Galaxea fascicularis","Species",207366
1057,"SB_1","MIS5e","Egypt","El Quseir","Sharm el Bahari","06/11/2019",25.86702778,34.41991667,41,2150,NA,"Shallow reef slope","Animalia","Cnidaria","Hexacorallia","Scleractinia","Lobophylliidae","Lobophyllia","hemprichii","Lobophyllia hemprichii","Species",207392
1058,"SB_1","MIS5e","Egypt","El Quseir","Sharm el Bahari","06/11/2019",25.86702778,34.41991667,21,2150,NA,"Shallow reef slope","Animalia","Cnidaria","Hexacorallia","Scleractinia","Pocilloporidae","Pocillopora","sp.","Pocillopora sp.","Genus",206938
1059,"SB_1","MIS5e","Egypt","El Quseir","Sharm el Bahari","06/11/2019",25.86702778,34.41991667,9,2150,NA,"Shallow reef slope","Animalia","Cnidaria","Hexacorallia","Scleractinia","Poritidae","Porites","sp.","Porites sp.","Genus",206485
1060,"SB_1","MIS5e","Egypt","El Quseir","Sharm el Bahari","06/11/2019",25.86702778,34.41991667,20,2150,NA,"Shallow reef slope","Animalia","Cnidaria","Hexacorallia","Scleractinia","Merulinidae","Goniastrea","stelligera","Goniastrea stelligera","Species",763067
1061,"SB_1","MIS5e","Egypt","El Quseir","Sharm el Bahari","06/11/2019",25.86702778,34.41991667,35,2150,NA,"Shallow reef slope","Animalia","Cnidaria","Hexacorallia","Scleractinia","Acroporidae","Montipora","sp.","Montipora sp.","Genus",203834
1062,"SB_1","MIS5e","Egypt","El Quseir","Sharm el Bahari","06/11/2019",25.86702778,34.41991667,13,2150,NA,"Shallow reef slope","Animalia","Cnidaria","Hexacorallia","Scleractinia","Merulinidae","Goniastrea","stelligera","Goniastrea stelligera","Species",763067
1063,"SB_1","MIS5e","Egypt","El Quseir","Sharm el Bahari","06/11/2019",25.86702778,34.41991667,26,2150,NA,"Shallow reef slope","Animalia","Cnidaria","Hexacorallia","Scleractinia","Merulinidae","Goniastrea","stelligera","Goniastrea stelligera","Species",763067
1064,"SB_1","MIS5e","Egypt","El Quseir","Sharm el Bahari","06/11/2019",25.86702778,34.41991667,11,2150,NA,"Shallow reef slope","Animalia","Cnidaria","Hexacorallia","Scleractinia","Poritidae","Porites","sp.","Porites sp.","Genus",206485
1065,"SB_1","MIS5e","Egypt","El Quseir","Sharm el Bahari","06/11/2019",25.86702778,34.41991667,21,2150,NA,"Shallow reef slope","Animalia","Cnidaria","Hexacorallia","Scleractinia","Merulinidae","Goniastrea","stelligera","Goniastrea stelligera","Species",763067
1066,"SB_1","MIS5e","Egypt","El Quseir","Sharm el Bahari","06/11/2019",25.86702778,34.41991667,18,2150,NA,"Shallow reef slope","Animalia","Cnidaria","Hexacorallia","Scleractinia","Poritidae","Porites","sp.","Porites sp.","Genus",206485
1067,"SB_1","MIS5e","Egypt","El Quseir","Sharm el Bahari","06/11/2019",25.86702778,34.41991667,244,2150,NA,"Shallow reef slope","Animalia","Cnidaria","Hexacorallia","Scleractinia","Merulinidae","Goniastrea","stelligera","Goniastrea stelligera","Species",763067
1068,"SB_1","MIS5e","Egypt","El Quseir","Sharm el Bahari","06/11/2019",25.86702778,34.41991667,15,2150,NA,"Shallow reef slope","Animalia","Cnidaria","Hydrozoa","Anthoathecata","Milleporidae","Millepora","sp.","Millepora sp.","Genus",205902
1069,"SB_1","MIS5e","Egypt","El Quseir","Sharm el Bahari","06/11/2019",25.86702778,34.41991667,255,2150,NA,"Shallow reef slope","Animalia","Cnidaria","Hexacorallia","Scleractinia","Merulinidae","Goniastrea","stelligera","Goniastrea stelligera","Species",763067
1070,"SB_1","MIS5e","Egypt","El Quseir","Sharm el Bahari","06/11/2019",25.86702778,34.41991667,15,2150,NA,"Shallow reef slope","Animalia","Cnidaria","Hexacorallia","Scleractinia","Acroporidae","Acropora","sp.","Acropora sp.","Genus",205469
1071,"SB_1","MIS5e","Egypt","El Quseir","Sharm el Bahari","06/11/2019",25.86702778,34.41991667,45,2150,NA,"Shallow reef slope","Animalia","Cnidaria","Hexacorallia","Scleractinia","Poritidae","Porites","sp.","Porites sp.","Genus",206485
1072,"SB_2","MIS5e","Egypt","El Quseir","Sharm el Bahari","06/11/2019",25.866694,34.420361,4,2164,NA,"Shallow reef slope","Animalia","Cnidaria","Hexacorallia","Scleractinia","Pocilloporidae","Pocillopora","sp.","Pocillopora sp.","Genus",206938
1073,"SB_2","MIS5e","Egypt","El Quseir","Sharm el Bahari","06/11/2019",25.866694,34.420361,30,2164,NA,"Shallow reef slope","Animalia","Cnidaria","Hexacorallia","Scleractinia","Pocilloporidae","Pocillopora","sp.","Pocillopora sp.","Genus",206938
1074,"SB_2","MIS5e","Egypt","El Quseir","Sharm el Bahari","06/11/2019",25.866694,34.420361,21,2164,NA,"Shallow reef slope","Animalia","Cnidaria","Hexacorallia","Scleractinia","Pocilloporidae","gen.","sp.","Pocilloporidae","Family",135079
1075,"SB_2","MIS5e","Egypt","El Quseir","Sharm el Bahari","06/11/2019",25.866694,34.420361,13,2164,NA,"Shallow reef slope","Animalia","Cnidaria","Hexacorallia","Scleractinia","Poritidae","Porites","sp.","Porites sp.","Genus",206485
1076,"SB_2","MIS5e","Egypt","El Quseir","Sharm el Bahari","06/11/2019",25.866694,34.420361,3,2164,NA,"Shallow reef slope","Animalia","Cnidaria","Hydrozoa","Anthoathecata","Milleporidae","Millepora","sp.","Millepora sp.","Genus",205902
1077,"SB_2","MIS5e","Egypt","El Quseir","Sharm el Bahari","06/11/2019",25.866694,34.420361,16,2164,NA,"Shallow reef slope","Animalia","Cnidaria","Hexacorallia","Scleractinia","Merulinidae","Goniastrea","stelligera","Goniastrea stelligera","Species",763067
1078,"SB_2","MIS5e","Egypt","El Quseir","Sharm el Bahari","06/11/2019",25.866694,34.420361,9,2164,NA,"Shallow reef slope","Animalia","Cnidaria","Hexacorallia","Scleractinia","Poritidae","Porites","sp.","Porites sp.","Genus",206485
1079,"SB_2","MIS5e","Egypt","El Quseir","Sharm el Bahari","06/11/2019",25.866694,34.420361,12,2164,NA,"Shallow reef slope","Animalia","Cnidaria","Hexacorallia","Scleractinia","Euphylliidae","Galaxea","fascicularis","Galaxea fascicularis","Species",207366
1080,"SB_2","MIS5e","Egypt","El Quseir","Sharm el Bahari","06/11/2019",25.866694,34.420361,19,2164,NA,"Shallow reef slope","Animalia","Cnidaria","Hexacorallia","Scleractinia","Euphylliidae","Galaxea","fascicularis","Galaxea fascicularis","Species",207366
1081,"SB_2","MIS5e","Egypt","El Quseir","Sharm el Bahari","06/11/2019",25.866694,34.420361,19,2164,NA,"Shallow reef slope","Animalia","Cnidaria","Hexacorallia","Scleractinia","Poritidae","Porites","sp.","Porites sp.","Genus",206485
1082,"SB_2","MIS5e","Egypt","El Quseir","Sharm el Bahari","06/11/2019",25.866694,34.420361,15,2164,NA,"Shallow reef slope","Animalia","Cnidaria","Hexacorallia","Scleractinia","Pocilloporidae","gen.","sp.","Pocilloporidae","Family",135079
1083,"SB_2","MIS5e","Egypt","El Quseir","Sharm el Bahari","06/11/2019",25.866694,34.420361,22,2164,NA,"Shallow reef slope","Animalia","Cnidaria","Hexacorallia","Scleractinia","Merulinidae","Platygyra","crosslandi","Platygyra crosslandi","Species",207488
1084,"SB_2","MIS5e","Egypt","El Quseir","Sharm el Bahari","06/11/2019",25.866694,34.420361,20,2164,NA,"Shallow reef slope","Animalia","Cnidaria","Hexacorallia","Scleractinia","Euphylliidae","Galaxea","fascicularis","Galaxea fascicularis","Species",207366
1085,"SB_2","MIS5e","Egypt","El Quseir","Sharm el Bahari","06/11/2019",25.866694,34.420361,83,2164,NA,"Shallow reef slope","Animalia","Cnidaria","Hexacorallia","Scleractinia","Merulinidae","Echinopora","gemmacea","Echinopora gemmacea","Species",207418
1086,"SB_2","MIS5e","Egypt","El Quseir","Sharm el Bahari","06/11/2019",25.866694,34.420361,7,2164,NA,"Shallow reef slope","Animalia","Cnidaria","Hexacorallia","Scleractinia","Acroporidae","Acropora","sp.","Acropora sp.","Genus",205469
1087,"SB_2","MIS5e","Egypt","El Quseir","Sharm el Bahari","06/11/2019",25.866694,34.420361,27,2164,NA,"Shallow reef slope","Animalia","Cnidaria","Hexacorallia","Scleractinia","Merulinidae","Echinopora","sp.","Echinopora sp.","Genus",205519
1088,"SB_2","MIS5e","Egypt","El Quseir","Sharm el Bahari","06/11/2019",25.866694,34.420361,28,2164,NA,"Shallow reef slope","Animalia","Cnidaria","Hexacorallia","Scleractinia","Poritidae","Porites","sp.","Porites sp.","Genus",206485
1089,"SB_2","MIS5e","Egypt","El Quseir","Sharm el Bahari","06/11/2019",25.866694,34.420361,20,2164,NA,"Shallow reef slope","Animalia","Cnidaria","Hexacorallia","Scleractinia","Poritidae","Porites","sp.","Porites sp.","Genus",206485
1090,"SB_2","MIS5e","Egypt","El Quseir","Sharm el Bahari","06/11/2019",25.866694,34.420361,57,2164,NA,"Shallow reef slope","Animalia","Cnidaria","Hexacorallia","Scleractinia","Merulinidae","Goniastrea","stelligera","Goniastrea stelligera","Species",763067
1091,"SB_2","MIS5e","Egypt","El Quseir","Sharm el Bahari","06/11/2019",25.866694,34.420361,36,2164,NA,"Shallow reef slope","Animalia","Cnidaria","Hexacorallia","Scleractinia","Merulinidae","Goniastrea","retiformis","Goniastrea retiformis","Species",207461
1092,"SB_2","MIS5e","Egypt","El Quseir","Sharm el Bahari","06/11/2019",25.866694,34.420361,8,2164,NA,"Shallow reef slope","Animalia","Cnidaria","Hexacorallia","Scleractinia","Acroporidae","Acropora","sp.","Acropora sp.","Genus",205469
1093,"SB_2","MIS5e","Egypt","El Quseir","Sharm el Bahari","06/11/2019",25.866694,34.420361,49,2164,NA,"Shallow reef slope","Animalia","Cnidaria","Hexacorallia","Scleractinia","Merulinidae","Echinopora","sp.","Echinopora sp.","Genus",205519
1094,"SB_2","MIS5e","Egypt","El Quseir","Sharm el Bahari","06/11/2019",25.866694,34.420361,38,2164,NA,"Shallow reef slope","Animalia","Cnidaria","Hexacorallia","Scleractinia","Euphylliidae","Galaxea","fascicularis","Galaxea fascicularis","Species",207366
1095,"SB_2","MIS5e","Egypt","El Quseir","Sharm el Bahari","06/11/2019",25.866694,34.420361,29,2164,NA,"Shallow reef slope","Animalia","Cnidaria","Hexacorallia","Scleractinia","Dendrophylliidae","Turbinaria","mesenterina","Turbinaria mesenterina","Species",207511
1096,"SB_2","MIS5e","Egypt","El Quseir","Sharm el Bahari","06/11/2019",25.866694,34.420361,64,2164,NA,"Shallow reef slope","Animalia","Cnidaria","Hexacorallia","Scleractinia","Euphylliidae","Galaxea","fascicularis","Galaxea fascicularis","Species",207366
1097,"SB_2","MIS5e","Egypt","El Quseir","Sharm el Bahari","06/11/2019",25.866694,34.420361,32,2164,NA,"Shallow reef slope","Animalia","Cnidaria","Hexacorallia","Scleractinia","Pocilloporidae","gen.","sp.","Pocilloporidae","Family",135079
1098,"SB_2","MIS5e","Egypt","El Quseir","Sharm el Bahari","06/11/2019",25.866694,34.420361,10,2164,NA,"Shallow reef slope","Animalia","Cnidaria","Hexacorallia","Scleractinia","Acroporidae","Acropora","sp.","Acropora sp.","Genus",205469
1099,"SB_2","MIS5e","Egypt","El Quseir","Sharm el Bahari","06/11/2019",25.866694,34.420361,140,2164,NA,"Shallow reef slope","Animalia","Cnidaria","Hexacorallia","Scleractinia","Poritidae","Porites","sp.","Porites sp.","Genus",206485
1100,"SB_2","MIS5e","Egypt","El Quseir","Sharm el Bahari","06/11/2019",25.866694,34.420361,35,2164,NA,"Shallow reef slope","Animalia","Cnidaria","Hexacorallia","Scleractinia","Poritidae","Porites","sp.","Porites sp.","Genus",206485
1101,"SB_2","MIS5e","Egypt","El Quseir","Sharm el Bahari","06/11/2019",25.866694,34.420361,63,2164,NA,"Shallow reef slope","Animalia","Cnidaria","Hexacorallia","Scleractinia","Lobophylliidae","Lobophyllia","hemprichii","Lobophyllia hemprichii","Species",207392
1102,"SB_2","MIS5e","Egypt","El Quseir","Sharm el Bahari","06/11/2019",25.866694,34.420361,121,2164,NA,"Shallow reef slope","Animalia","Cnidaria","Hexacorallia","Scleractinia","Pocilloporidae","Pocillopora","sp.","Pocillopora sp.","Genus",206938
1103,"SB_2","MIS5e","Egypt","El Quseir","Sharm el Bahari","06/11/2019",25.866694,34.420361,56,2164,NA,"Shallow reef slope","Animalia","Cnidaria","Hexacorallia","Scleractinia","Lobophylliidae","Lobophyllia","sp.","Lobophyllia sp.","Genus",205310
1104,"SB_2","MIS5e","Egypt","El Quseir","Sharm el Bahari","06/11/2019",25.866694,34.420361,26,2164,NA,"Shallow reef slope","Animalia","Cnidaria","Hexacorallia","Scleractinia","Leptastreidae","Leptastrea","bottae","Leptastrea bottae","Species",207476
1105,"SB_2","MIS5e","Egypt","El Quseir","Sharm el Bahari","06/11/2019",25.866694,34.420361,16,2164,NA,"Shallow reef slope","Animalia","Cnidaria","Hexacorallia","Scleractinia","Merulinidae","Favites","chinensis","Favites chinensis","Species",207451
1106,"SB_2","MIS5e","Egypt","El Quseir","Sharm el Bahari","06/11/2019",25.866694,34.420361,11,2164,NA,"Shallow reef slope","Animalia","Cnidaria","Hexacorallia","Scleractinia","Pocilloporidae","gen.","sp.","Pocilloporidae","Family",135079
1107,"SB_2","MIS5e","Egypt","El Quseir","Sharm el Bahari","06/11/2019",25.866694,34.420361,11,2164,NA,"Shallow reef slope","Animalia","Cnidaria","Hexacorallia","Scleractinia","Acroporidae","Montipora","aequituberculata","Montipora aequituberculata","Species",207144
1108,"SB_2","MIS5e","Egypt","El Quseir","Sharm el Bahari","06/11/2019",25.866694,34.420361,12,2164,NA,"Shallow reef slope","Animalia","Cnidaria","Hydrozoa","Anthoathecata","Milleporidae","Millepora","sp.","Millepora sp.","Genus",205902
1109,"SB_2","MIS5e","Egypt","El Quseir","Sharm el Bahari","06/11/2019",25.866694,34.420361,11,2164,NA,"Shallow reef slope","Animalia","Cnidaria","Hexacorallia","Scleractinia","Pocilloporidae","gen.","sp.","Pocilloporidae","Family",135079
1110,"SB_2","MIS5e","Egypt","El Quseir","Sharm el Bahari","06/11/2019",25.866694,34.420361,23,2164,NA,"Shallow reef slope","Animalia","Cnidaria","Hexacorallia","Scleractinia","Poritidae","Porites","sp.","Porites sp.","Genus",206485
1111,"SB_2","MIS5e","Egypt","El Quseir","Sharm el Bahari","06/11/2019",25.866694,34.420361,36,2164,NA,"Shallow reef slope","Animalia","Cnidaria","Hexacorallia","Scleractinia","Pocilloporidae","gen.","sp.","Pocilloporidae","Family",135079
1112,"SB_2","MIS5e","Egypt","El Quseir","Sharm el Bahari","06/11/2019",25.866694,34.420361,36,2164,NA,"Shallow reef slope","Animalia","Cnidaria","Hexacorallia","Scleractinia","Poritidae","Porites","sp.","Porites sp.","Genus",206485
1113,"SB_2","MIS5e","Egypt","El Quseir","Sharm el Bahari","06/11/2019",25.866694,34.420361,8,2164,NA,"Shallow reef slope","Animalia","Cnidaria","Hydrozoa","Anthoathecata","Milleporidae","Millepora","sp.","Millepora sp.","Genus",205902
1114,"SB_2","MIS5e","Egypt","El Quseir","Sharm el Bahari","06/11/2019",25.866694,34.420361,37,2164,NA,"Shallow reef slope","Animalia","Cnidaria","Hexacorallia","Scleractinia","Merulinidae","Echinopora","gemmacea","Echinopora gemmacea","Species",207418
1115,"SB_2","MIS5e","Egypt","El Quseir","Sharm el Bahari","06/11/2019",25.866694,34.420361,25,2164,NA,"Shallow reef slope","Animalia","Cnidaria","Hexacorallia","Scleractinia","Pocilloporidae","Pocillopora","sp.","Pocillopora sp.","Genus",206938
1116,"SB_2","MIS5e","Egypt","El Quseir","Sharm el Bahari","06/11/2019",25.866694,34.420361,11,2164,NA,"Shallow reef slope","Animalia","Cnidaria","Hexacorallia","Scleractinia","Pocilloporidae","Pocillopora","sp.","Pocillopora sp.","Genus",206938
1117,"SB_2","MIS5e","Egypt","El Quseir","Sharm el Bahari","06/11/2019",25.866694,34.420361,20,2164,NA,"Shallow reef slope","Animalia","Cnidaria","Hexacorallia","Scleractinia","Lobophylliidae","Lobophyllia","sp.","Lobophyllia sp.","Genus",205310
1118,"SB_2","MIS5e","Egypt","El Quseir","Sharm el Bahari","06/11/2019",25.866694,34.420361,13,2164,NA,"Shallow reef slope","Animalia","Cnidaria","Hexacorallia","Scleractinia","Pocilloporidae","gen.","sp.","Pocilloporidae","Family",135079
1119,"SB_2","MIS5e","Egypt","El Quseir","Sharm el Bahari","06/11/2019",25.866694,34.420361,17,2164,NA,"Shallow reef slope","Animalia","Cnidaria","Hexacorallia","Scleractinia","Lobophylliidae","Lobophyllia","sp.","Lobophyllia sp.","Genus",205310
1120,"SB_2","MIS5e","Egypt","El Quseir","Sharm el Bahari","06/11/2019",25.866694,34.420361,24,2164,NA,"Shallow reef slope","Animalia","Cnidaria","Hexacorallia","Scleractinia","Merulinidae","Echinopora","sp.","Echinopora sp.","Genus",205519
1121,"SB_2","MIS5e","Egypt","El Quseir","Sharm el Bahari","06/11/2019",25.866694,34.420361,101,2164,NA,"Shallow reef slope","Animalia","Cnidaria","Hexacorallia","Scleractinia","Merulinidae","Platygyra","sinensis","Platygyra sinensis","Species",207486
1122,"SB_2","MIS5e","Egypt","El Quseir","Sharm el Bahari","06/11/2019",25.866694,34.420361,77,2164,NA,"Shallow reef slope","Animalia","Cnidaria","Hexacorallia","Scleractinia","Euphylliidae","Galaxea","fascicularis","Galaxea fascicularis","Species",207366
1123,"SB_2","MIS5e","Egypt","El Quseir","Sharm el Bahari","06/11/2019",25.866694,34.420361,20,2164,NA,"Shallow reef slope","Animalia","Cnidaria","Hexacorallia","Scleractinia","Pocilloporidae","gen.","sp.","Pocilloporidae","Family",135079
1124,"SB_2","MIS5e","Egypt","El Quseir","Sharm el Bahari","06/11/2019",25.866694,34.420361,93,2164,NA,"Shallow reef slope","Animalia","Cnidaria","Hexacorallia","Scleractinia","Poritidae","Porites","sp.","Porites sp.","Genus",206485
1125,"SB_3","MIS5e","Egypt","El Quseir","Sharm el Bahari","07/11/2019",25.866694,34.420306,42,2382,NA,"Shallow reef slope","Animalia","Cnidaria","Hexacorallia","Scleractinia","Merulinidae","Dipsastraea","pallida","Dipsastraea pallida","Species",758233
1126,"SB_3","MIS5e","Egypt","El Quseir","Sharm el Bahari","07/11/2019",25.866694,34.420306,8,2382,NA,"Shallow reef slope","Animalia","Cnidaria","Hexacorallia","Scleractinia","Poritidae","Porites","sp.","Porites sp.","Genus",206485
1127,"SB_3","MIS5e","Egypt","El Quseir","Sharm el Bahari","07/11/2019",25.866694,34.420306,13,2382,NA,"Shallow reef slope","Animalia","Cnidaria","Hexacorallia","Scleractinia","Acroporidae","Acropora","sp.","Acropora sp.","Genus",205469
1128,"SB_3","MIS5e","Egypt","El Quseir","Sharm el Bahari","07/11/2019",25.866694,34.420306,17,2382,NA,"Shallow reef slope","Animalia","Cnidaria","Hexacorallia","Scleractinia","Pocilloporidae","Pocillopora","sp.","Pocillopora sp.","Genus",206938
1129,"SB_3","MIS5e","Egypt","El Quseir","Sharm el Bahari","07/11/2019",25.866694,34.420306,14,2382,NA,"Shallow reef slope","Animalia","Cnidaria","Hexacorallia","Scleractinia","Merulinidae","Echinopora","sp.","Echinopora sp.","Genus",205519
1130,"SB_3","MIS5e","Egypt","El Quseir","Sharm el Bahari","07/11/2019",25.866694,34.420306,13,2382,NA,"Shallow reef slope","Animalia","Cnidaria","Hexacorallia","Scleractinia","Pocilloporidae","Pocillopora","sp.","Pocillopora sp.","Genus",206938
1131,"SB_3","MIS5e","Egypt","El Quseir","Sharm el Bahari","07/11/2019",25.866694,34.420306,37,2382,NA,"Shallow reef slope","Animalia","Cnidaria","Hexacorallia","Scleractinia","Merulinidae","Echinopora","gemmacea","Echinopora gemmacea","Species",207418
1132,"SB_3","MIS5e","Egypt","El Quseir","Sharm el Bahari","07/11/2019",25.866694,34.420306,17,2382,NA,"Shallow reef slope","Animalia","Cnidaria","Hexacorallia","Scleractinia","Pocilloporidae","Pocillopora","sp.","Pocillopora sp.","Genus",206938
1133,"SB_3","MIS5e","Egypt","El Quseir","Sharm el Bahari","07/11/2019",25.866694,34.420306,3,2382,NA,"Shallow reef slope","Animalia","Cnidaria","Hexacorallia","Scleractinia","Fungiidae","gen.","sp.","Fungiidae","Family",196100
1134,"SB_3","MIS5e","Egypt","El Quseir","Sharm el Bahari","07/11/2019",25.866694,34.420306,32,2382,NA,"Shallow reef slope","Animalia","Cnidaria","Hexacorallia","Scleractinia","Merulinidae","Echinopora","sp.","Echinopora sp.","Genus",205519
1135,"SB_3","MIS5e","Egypt","El Quseir","Sharm el Bahari","07/11/2019",25.866694,34.420306,8,2382,NA,"Shallow reef slope","Animalia","Cnidaria","Hexacorallia","Scleractinia","Poritidae","Porites","sp.","Porites sp.","Genus",206485
1136,"SB_3","MIS5e","Egypt","El Quseir","Sharm el Bahari","07/11/2019",25.866694,34.420306,18,2382,NA,"Shallow reef slope","Animalia","Cnidaria","Hexacorallia","Scleractinia","Merulinidae","Echinopora","sp.","Echinopora sp.","Genus",205519
1137,"SB_3","MIS5e","Egypt","El Quseir","Sharm el Bahari","07/11/2019",25.866694,34.420306,8,2382,NA,"Shallow reef slope","Animalia","Cnidaria","Hexacorallia","Scleractinia","Euphylliidae","Galaxea","fascicularis","Galaxea fascicularis","Species",207366
1138,"SB_3","MIS5e","Egypt","El Quseir","Sharm el Bahari","07/11/2019",25.866694,34.420306,9,2382,NA,"Shallow reef slope","Animalia","Cnidaria","Hexacorallia","Scleractinia","Acroporidae","Acropora","sp.","Acropora sp.","Genus",205469
1139,"SB_3","MIS5e","Egypt","El Quseir","Sharm el Bahari","07/11/2019",25.866694,34.420306,15,2382,NA,"Shallow reef slope","Animalia","Cnidaria","Hexacorallia","Scleractinia","Merulinidae","Dipsastraea","pallida","Dipsastraea pallida","Species",758233
1140,"SB_3","MIS5e","Egypt","El Quseir","Sharm el Bahari","07/11/2019",25.866694,34.420306,4,2382,NA,"Shallow reef slope","Animalia","Cnidaria","Hexacorallia","Scleractinia","Poritidae","Porites","sp.","Porites sp.","Genus",206485
1141,"SB_3","MIS5e","Egypt","El Quseir","Sharm el Bahari","07/11/2019",25.866694,34.420306,8,2382,NA,"Shallow reef slope","Animalia","Cnidaria","Hexacorallia","Scleractinia","Acroporidae","Acropora","sp.","Acropora sp.","Genus",205469
1142,"SB_3","MIS5e","Egypt","El Quseir","Sharm el Bahari","07/11/2019",25.866694,34.420306,75,2382,NA,"Shallow reef slope","Animalia","Cnidaria","Hexacorallia","Scleractinia","Poritidae","Porites","sp.","Porites sp.","Genus",206485
1143,"SB_3","MIS5e","Egypt","El Quseir","Sharm el Bahari","07/11/2019",25.866694,34.420306,46,2382,NA,"Shallow reef slope","Animalia","Cnidaria","Hexacorallia","Scleractinia","Lobophylliidae","Lobophyllia","sp.","Lobophyllia sp.","Genus",205310
1144,"SB_3","MIS5e","Egypt","El Quseir","Sharm el Bahari","07/11/2019",25.866694,34.420306,26,2382,NA,"Shallow reef slope","Animalia","Cnidaria","Hexacorallia","Scleractinia","Euphylliidae","Galaxea","fascicularis","Galaxea fascicularis","Species",207366
1145,"SB_3","MIS5e","Egypt","El Quseir","Sharm el Bahari","07/11/2019",25.866694,34.420306,84,2382,NA,"Shallow reef slope","Animalia","Cnidaria","Hexacorallia","Scleractinia","Lobophylliidae","Lobophyllia","hemprichii","Lobophyllia hemprichii","Species",207392
1146,"SB_3","MIS5e","Egypt","El Quseir","Sharm el Bahari","07/11/2019",25.866694,34.420306,37,2382,NA,"Shallow reef slope","Animalia","Cnidaria","Hexacorallia","Scleractinia","Dendrophylliidae","Turbinaria","sp.","Turbinaria sp.","Genus",206641
1147,"SB_3","MIS5e","Egypt","El Quseir","Sharm el Bahari","07/11/2019",25.866694,34.420306,31,2382,NA,"Shallow reef slope","Animalia","Cnidaria","Hexacorallia","Scleractinia","Lobophylliidae","Lobophyllia","hemprichii","Lobophyllia hemprichii","Species",207392
1148,"SB_3","MIS5e","Egypt","El Quseir","Sharm el Bahari","07/11/2019",25.866694,34.420306,41,2382,NA,"Shallow reef slope","Animalia","Cnidaria","Hexacorallia","Scleractinia","Lobophylliidae","Lobophyllia","hemprichii","Lobophyllia hemprichii","Species",207392
1149,"SB_3","MIS5e","Egypt","El Quseir","Sharm el Bahari","07/11/2019",25.866694,34.420306,44,2382,NA,"Shallow reef slope","Animalia","Cnidaria","Hexacorallia","Scleractinia","Merulinidae","Dipsastraea","pallida","Dipsastraea pallida","Species",758233
1150,"SB_3","MIS5e","Egypt","El Quseir","Sharm el Bahari","07/11/2019",25.866694,34.420306,19,2382,NA,"Shallow reef slope","Animalia","Cnidaria","Hexacorallia","Scleractinia","Euphylliidae","Galaxea","fascicularis","Galaxea fascicularis","Species",207366
1151,"SB_3","MIS5e","Egypt","El Quseir","Sharm el Bahari","07/11/2019",25.866694,34.420306,15,2382,NA,"Shallow reef slope","Animalia","Cnidaria","Hexacorallia","Scleractinia","Pocilloporidae","Pocillopora","sp.","Pocillopora sp.","Genus",206938
1152,"SB_3","MIS5e","Egypt","El Quseir","Sharm el Bahari","07/11/2019",25.866694,34.420306,47,2382,NA,"Shallow reef slope","Animalia","Cnidaria","Hexacorallia","Scleractinia","Lobophylliidae","Lobophyllia","sp.","Lobophyllia sp.","Genus",205310
1153,"SB_3","MIS5e","Egypt","El Quseir","Sharm el Bahari","07/11/2019",25.866694,34.420306,19,2382,NA,"Shallow reef slope","Animalia","Cnidaria","Hexacorallia","Scleractinia","Merulinidae","Goniastrea","stelligera","Goniastrea stelligera","Species",763067
1154,"SB_3","MIS5e","Egypt","El Quseir","Sharm el Bahari","07/11/2019",25.866694,34.420306,19,2382,NA,"Shallow reef slope","Animalia","Cnidaria","Hexacorallia","Scleractinia","Merulinidae","Goniastrea","stelligera","Goniastrea stelligera","Species",763067
1155,"SB_3","MIS5e","Egypt","El Quseir","Sharm el Bahari","07/11/2019",25.866694,34.420306,5,2382,NA,"Shallow reef slope","Animalia","Cnidaria","Hexacorallia","Scleractinia","Euphylliidae","Galaxea","fascicularis","Galaxea fascicularis","Species",207366
1156,"SB_3","MIS5e","Egypt","El Quseir","Sharm el Bahari","07/11/2019",25.866694,34.420306,10,2382,NA,"Shallow reef slope","Animalia","Cnidaria","Hexacorallia","Scleractinia","Merulinidae","Cyphastrea","sp.","Cyphastrea sp.","Genus",206488
1157,"SB_3","MIS5e","Egypt","El Quseir","Sharm el Bahari","07/11/2019",25.866694,34.420306,13,2382,NA,"Shallow reef slope","Animalia","Cnidaria","Hexacorallia","Scleractinia","Pocilloporidae","Pocillopora","sp.","Pocillopora sp.","Genus",206938
1158,"SB_3","MIS5e","Egypt","El Quseir","Sharm el Bahari","07/11/2019",25.866694,34.420306,5,2382,NA,"Shallow reef slope","Animalia","Cnidaria","Hexacorallia","Scleractinia","Merulinidae","Goniastrea","stelligera","Goniastrea stelligera","Species",763067
1159,"SB_3","MIS5e","Egypt","El Quseir","Sharm el Bahari","07/11/2019",25.866694,34.420306,8,2382,NA,"Shallow reef slope","Animalia","Cnidaria","Hexacorallia","Scleractinia","Fungiidae","gen.","sp.","Fungiidae","Family",196100
1160,"SB_3","MIS5e","Egypt","El Quseir","Sharm el Bahari","07/11/2019",25.866694,34.420306,22,2382,NA,"Shallow reef slope","Animalia","Cnidaria","Hexacorallia","Scleractinia","Merulinidae","Favites","chinensis","Favites chinensis","Species",207451
1161,"SB_3","MIS5e","Egypt","El Quseir","Sharm el Bahari","07/11/2019",25.866694,34.420306,11,2382,NA,"Shallow reef slope","Animalia","Cnidaria","Hexacorallia","Scleractinia","Euphylliidae","Galaxea","fascicularis","Galaxea fascicularis","Species",207366
1162,"SB_3","MIS5e","Egypt","El Quseir","Sharm el Bahari","07/11/2019",25.866694,34.420306,27,2382,NA,"Shallow reef slope","Animalia","Cnidaria","Hexacorallia","Scleractinia","Pocilloporidae","gen.","sp.","Pocilloporidae","Family",135079
1163,"SB_3","MIS5e","Egypt","El Quseir","Sharm el Bahari","07/11/2019",25.866694,34.420306,23,2382,NA,"Shallow reef slope","Animalia","Cnidaria","Hexacorallia","Scleractinia","Euphylliidae","Galaxea","fascicularis","Galaxea fascicularis","Species",207366
1164,"SB_3","MIS5e","Egypt","El Quseir","Sharm el Bahari","07/11/2019",25.866694,34.420306,18,2382,NA,"Shallow reef slope","Animalia","Cnidaria","Hexacorallia","Scleractinia","Euphylliidae","Galaxea","fascicularis","Galaxea fascicularis","Species",207366
1165,"SB_3","MIS5e","Egypt","El Quseir","Sharm el Bahari","07/11/2019",25.866694,34.420306,53,2382,NA,"Shallow reef slope","Animalia","Cnidaria","Hexacorallia","Scleractinia","Merulinidae","Platygyra","lamellina","Platygyra lamellina","Species",207487
1166,"SB_3","MIS5e","Egypt","El Quseir","Sharm el Bahari","07/11/2019",25.866694,34.420306,41,2382,NA,"Shallow reef slope","Animalia","Cnidaria","Hydrozoa","Anthoathecata","Milleporidae","Millepora","platyphylla","Millepora sp.","Genus",210730
1167,"SB_3","MIS5e","Egypt","El Quseir","Sharm el Bahari","07/11/2019",25.866694,34.420306,25,2382,NA,"Shallow reef slope","Animalia","Cnidaria","Hexacorallia","Scleractinia","Pocilloporidae","Pocillopora","sp.","Pocillopora sp.","Genus",206938
1168,"SB_3","MIS5e","Egypt","El Quseir","Sharm el Bahari","07/11/2019",25.866694,34.420306,14,2382,NA,"Shallow reef slope","Animalia","Cnidaria","Hexacorallia","Scleractinia","Merulinidae","Echinopora","gemmacea","Echinopora gemmacea","Species",207418
1169,"SB_3","MIS5e","Egypt","El Quseir","Sharm el Bahari","07/11/2019",25.866694,34.420306,6,2382,NA,"Shallow reef slope","Animalia","Cnidaria","Hydrozoa","Anthoathecata","Milleporidae","Millepora","sp.","Millepora sp.","Genus",205902
1170,"SB_3","MIS5e","Egypt","El Quseir","Sharm el Bahari","07/11/2019",25.866694,34.420306,12,2382,NA,"Shallow reef slope","Animalia","Cnidaria","Hexacorallia","Scleractinia","Merulinidae","Echinopora","gemmacea","Echinopora gemmacea","Species",207418
1171,"SB_3","MIS5e","Egypt","El Quseir","Sharm el Bahari","07/11/2019",25.866694,34.420306,37,2382,NA,"Shallow reef slope","Animalia","Cnidaria","Hydrozoa","Anthoathecata","Milleporidae","Millepora","sp.","Millepora sp.","Genus",205902
1172,"SB_3","MIS5e","Egypt","El Quseir","Sharm el Bahari","07/11/2019",25.866694,34.420306,25,2382,NA,"Shallow reef slope","Animalia","Cnidaria","Hexacorallia","Scleractinia","Merulinidae","Echinopora","gemmacea","Echinopora gemmacea","Species",207418
1173,"SB_3","MIS5e","Egypt","El Quseir","Sharm el Bahari","07/11/2019",25.866694,34.420306,3,2382,NA,"Shallow reef slope","Animalia","Cnidaria","Hexacorallia","Scleractinia","Leptastreidae","Leptastrea","bottae","Leptastrea bottae","Species",207476
1174,"SB_3","MIS5e","Egypt","El Quseir","Sharm el Bahari","07/11/2019",25.866694,34.420306,45,2382,NA,"Shallow reef slope","Animalia","Cnidaria","Hexacorallia","Scleractinia","Pocilloporidae","Pocillopora","sp.","Pocillopora sp.","Genus",206938
1175,"SB_3","MIS5e","Egypt","El Quseir","Sharm el Bahari","07/11/2019",25.866694,34.420306,25,2382,NA,"Shallow reef slope","Animalia","Cnidaria","Hexacorallia","Scleractinia","Merulinidae","Hydnophora","microconos","Hydnophora microconos","Species",207402
1176,"SB_3","MIS5e","Egypt","El Quseir","Sharm el Bahari","07/11/2019",25.866694,34.420306,10,2382,NA,"Shallow reef slope","Animalia","Cnidaria","Hexacorallia","Scleractinia","Poritidae","Porites","sp.","Porites sp.","Genus",206485
1177,"SB_3","MIS5e","Egypt","El Quseir","Sharm el Bahari","07/11/2019",25.866694,34.420306,45,2382,NA,"Shallow reef slope","Animalia","Cnidaria","Hexacorallia","Scleractinia","Pocilloporidae","Pocillopora","sp.","Pocillopora sp.","Genus",206938
1178,"SB_3","MIS5e","Egypt","El Quseir","Sharm el Bahari","07/11/2019",25.866694,34.420306,31,2382,NA,"Shallow reef slope","Animalia","Cnidaria","Hexacorallia","Scleractinia","Pocilloporidae","Pocillopora","sp.","Pocillopora sp.","Genus",206938
1179,"SB_3","MIS5e","Egypt","El Quseir","Sharm el Bahari","07/11/2019",25.866694,34.420306,6,2382,NA,"Shallow reef slope","Animalia","Cnidaria","Hexacorallia","Scleractinia","Merulinidae","Goniastrea","sp.","Goniastrea sp.","Genus",205082
1180,"SB_3","MIS5e","Egypt","El Quseir","Sharm el Bahari","07/11/2019",25.866694,34.420306,10,2382,NA,"Shallow reef slope","Animalia","Cnidaria","Hexacorallia","Scleractinia","Merulinidae","Goniastrea","stelligera","Goniastrea stelligera","Species",763067
1181,"SB_3","MIS5e","Egypt","El Quseir","Sharm el Bahari","07/11/2019",25.866694,34.420306,18,2382,NA,"Shallow reef slope","Animalia","Cnidaria","Hexacorallia","Scleractinia","Pocilloporidae","Pocillopora","sp.","Pocillopora sp.","Genus",206938
1182,"SB_3","MIS5e","Egypt","El Quseir","Sharm el Bahari","07/11/2019",25.866694,34.420306,4,2382,NA,"Shallow reef slope","Animalia","Cnidaria","Hydrozoa","Anthoathecata","Milleporidae","Millepora","sp.","Millepora sp.","Genus",205902
1183,"SB_3","MIS5e","Egypt","El Quseir","Sharm el Bahari","07/11/2019",25.866694,34.420306,52,2382,NA,"Shallow reef slope","Animalia","Cnidaria","Hexacorallia","Scleractinia","Merulinidae","Echinopora","gemmacea","Echinopora gemmacea","Species",207418
1184,"SB_3","MIS5e","Egypt","El Quseir","Sharm el Bahari","07/11/2019",25.866694,34.420306,6,2382,NA,"Shallow reef slope","Animalia","Cnidaria","Hexacorallia","Scleractinia","Acroporidae","Acropora","sp.","Acropora sp.","Genus",205469
1185,"SB_3","MIS5e","Egypt","El Quseir","Sharm el Bahari","07/11/2019",25.866694,34.420306,12,2382,NA,"Shallow reef slope","Animalia","Cnidaria","Hexacorallia","Scleractinia","Lobophylliidae","Lobophyllia","hemprichii","Lobophyllia hemprichii","Species",207392
1186,"SB_3","MIS5e","Egypt","El Quseir","Sharm el Bahari","07/11/2019",25.866694,34.420306,25,2382,NA,"Shallow reef slope","Animalia","Cnidaria","Hexacorallia","Scleractinia","Lobophylliidae","Lobophyllia","hemprichii","Lobophyllia hemprichii","Species",207392
1187,"SB_3","MIS5e","Egypt","El Quseir","Sharm el Bahari","07/11/2019",25.866694,34.420306,10,2382,NA,"Shallow reef slope","Animalia","Cnidaria","Hexacorallia","Scleractinia","Pocilloporidae","Pocillopora","sp.","Pocillopora sp.","Genus",206938
1188,"SB_3","MIS5e","Egypt","El Quseir","Sharm el Bahari","07/11/2019",25.866694,34.420306,30,2382,NA,"Shallow reef slope","Animalia","Cnidaria","Hexacorallia","Scleractinia","Lobophylliidae","Lobophyllia","hemprichii","Lobophyllia hemprichii","Species",207392
1189,"SB_4","MIS5e","Egypt","El Quseir","Sharm el Bahari","07/11/2019",25.866333,34.420444,54,2000,NA,"Shallow reef slope","Animalia","Cnidaria","Hexacorallia","Scleractinia","Merulinidae","Dipsastraea","sp.","Dipsastraea sp.","Genus",718746
1190,"SB_4","MIS5e","Egypt","El Quseir","Sharm el Bahari","07/11/2019",25.866333,34.420444,6,2000,NA,"Shallow reef slope","Animalia","Cnidaria","Hexacorallia","Scleractinia","Poritidae","Porites","sp.","Porites sp.","Genus",206485
1191,"SB_4","MIS5e","Egypt","El Quseir","Sharm el Bahari","07/11/2019",25.866333,34.420444,16,2000,NA,"Shallow reef slope","Animalia","Cnidaria","Hexacorallia","Scleractinia","Merulinidae","Echinopora","sp.","Echinopora sp.","Genus",205519
1192,"SB_4","MIS5e","Egypt","El Quseir","Sharm el Bahari","07/11/2019",25.866333,34.420444,80,2000,NA,"Shallow reef slope","Animalia","Cnidaria","Hexacorallia","Scleractinia","Euphylliidae","Galaxea","fascicularis","Galaxea fascicularis","Species",207366
1193,"SB_4","MIS5e","Egypt","El Quseir","Sharm el Bahari","07/11/2019",25.866333,34.420444,42,2000,NA,"Shallow reef slope","Animalia","Cnidaria","Hexacorallia","Scleractinia","Merulinidae","Dipsastraea","sp.","Dipsastraea sp.","Genus",718746
1194,"SB_4","MIS5e","Egypt","El Quseir","Sharm el Bahari","07/11/2019",25.866333,34.420444,43,2000,NA,"Shallow reef slope","Animalia","Cnidaria","Hexacorallia","Scleractinia","Acroporidae","Montipora","sp.","Montipora sp.","Genus",203834
1195,"SB_4","MIS5e","Egypt","El Quseir","Sharm el Bahari","07/11/2019",25.866333,34.420444,39,2000,NA,"Shallow reef slope","Animalia","Cnidaria","Hexacorallia","Scleractinia","Merulinidae","Dipsastraea","sp.","Dipsastraea sp.","Genus",718746
1196,"SB_4","MIS5e","Egypt","El Quseir","Sharm el Bahari","07/11/2019",25.866333,34.420444,25,2000,NA,"Shallow reef slope","Animalia","Cnidaria","Hexacorallia","Scleractinia","Euphylliidae","Galaxea","fascicularis","Galaxea fascicularis","Species",207366
1197,"SB_4","MIS5e","Egypt","El Quseir","Sharm el Bahari","07/11/2019",25.866333,34.420444,8,2000,NA,"Shallow reef slope","Animalia","Cnidaria","Hexacorallia","Scleractinia","Poritidae","Porites","sp.","Porites sp.","Genus",206485
1198,"SB_4","MIS5e","Egypt","El Quseir","Sharm el Bahari","07/11/2019",25.866333,34.420444,30,2000,NA,"Shallow reef slope","Animalia","Cnidaria","Hexacorallia","Scleractinia","Merulinidae","Dipsastraea","pallida","Dipsastraea pallida","Species",758233
1199,"SB_4","MIS5e","Egypt","El Quseir","Sharm el Bahari","07/11/2019",25.866333,34.420444,54,2000,NA,"Shallow reef slope","Animalia","Cnidaria","Hexacorallia","Scleractinia","Merulinidae","Goniastrea","stelligera","Goniastrea stelligera","Species",763067
1200,"SB_4","MIS5e","Egypt","El Quseir","Sharm el Bahari","07/11/2019",25.866333,34.420444,18,2000,NA,"Shallow reef slope","Animalia","Cnidaria","Hexacorallia","Scleractinia","Poritidae","Porites","sp.","Porites sp.","Genus",206485
1201,"SB_4","MIS5e","Egypt","El Quseir","Sharm el Bahari","07/11/2019",25.866333,34.420444,45,2000,NA,"Shallow reef slope","Animalia","Cnidaria","Hexacorallia","Scleractinia","Merulinidae","Goniastrea","stelligera","Goniastrea stelligera","Species",763067
1202,"SB_4","MIS5e","Egypt","El Quseir","Sharm el Bahari","07/11/2019",25.866333,34.420444,33,2000,NA,"Shallow reef slope","Animalia","Cnidaria","Hexacorallia","Scleractinia","Merulinidae","Goniastrea","stelligera","Goniastrea stelligera","Species",763067
1203,"SB_4","MIS5e","Egypt","El Quseir","Sharm el Bahari","07/11/2019",25.866333,34.420444,19,2000,NA,"Shallow reef slope","Animalia","Cnidaria","Hexacorallia","Scleractinia","Poritidae","Porites","sp.","Porites sp.","Genus",206485
1204,"SB_4","MIS5e","Egypt","El Quseir","Sharm el Bahari","07/11/2019",25.866333,34.420444,166,2000,NA,"Shallow reef slope","Animalia","Cnidaria","Hexacorallia","Scleractinia","Merulinidae","Goniastrea","stelligera","Goniastrea stelligera","Species",763067
1205,"SB_4","MIS5e","Egypt","El Quseir","Sharm el Bahari","07/11/2019",25.866333,34.420444,23,2000,NA,"Shallow reef slope","Animalia","Cnidaria","Hexacorallia","Scleractinia","Pocilloporidae","Pocillopora","sp.","Pocillopora sp.","Genus",206938
1206,"SB_4","MIS5e","Egypt","El Quseir","Sharm el Bahari","07/11/2019",25.866333,34.420444,36,2000,NA,"Shallow reef slope","Animalia","Cnidaria","Hexacorallia","Scleractinia","Poritidae","Porites","sp.","Porites sp.","Genus",206485
1207,"SB_4","MIS5e","Egypt","El Quseir","Sharm el Bahari","07/11/2019",25.866333,34.420444,43,2000,NA,"Shallow reef slope","Animalia","Cnidaria","Hexacorallia","Scleractinia","Merulinidae","Goniastrea","stelligera","Goniastrea stelligera","Species",763067
1208,"SB_4","MIS5e","Egypt","El Quseir","Sharm el Bahari","07/11/2019",25.866333,34.420444,11,2000,NA,"Shallow reef slope","Animalia","Cnidaria","Hexacorallia","Scleractinia","Merulinidae","Goniastrea","stelligera","Goniastrea stelligera","Species",763067
1209,"SB_4","MIS5e","Egypt","El Quseir","Sharm el Bahari","07/11/2019",25.866333,34.420444,41,2000,NA,"Shallow reef slope","Animalia","Cnidaria","Hexacorallia","Scleractinia","Pocilloporidae","gen.","sp.","Pocilloporidae","Family",135079
1210,"SB_4","MIS5e","Egypt","El Quseir","Sharm el Bahari","07/11/2019",25.866333,34.420444,22,2000,NA,"Shallow reef slope","Animalia","Cnidaria","Hexacorallia","Scleractinia","Poritidae","Porites","sp.","Porites sp.","Genus",206485
1211,"SB_4","MIS5e","Egypt","El Quseir","Sharm el Bahari","07/11/2019",25.866333,34.420444,15,2000,NA,"Shallow reef slope","Animalia","Cnidaria","Hexacorallia","Scleractinia","Pocilloporidae","Pocillopora","sp.","Pocillopora sp.","Genus",206938
1212,"SB_4","MIS5e","Egypt","El Quseir","Sharm el Bahari","07/11/2019",25.866333,34.420444,20,2000,NA,"Shallow reef slope","Animalia","Cnidaria","Hexacorallia","Scleractinia","Merulinidae","Echinopora","sp.","Echinopora sp.","Genus",205519
1213,"SB_4","MIS5e","Egypt","El Quseir","Sharm el Bahari","07/11/2019",25.866333,34.420444,5,2000,NA,"Shallow reef slope","Animalia","Cnidaria","Hexacorallia","Scleractinia","Acroporidae","Acropora","sp.","Acropora sp.","Genus",205469
1214,"SB_4","MIS5e","Egypt","El Quseir","Sharm el Bahari","07/11/2019",25.866333,34.420444,28,2000,NA,"Shallow reef slope","Animalia","Cnidaria","Hexacorallia","Scleractinia","Merulinidae","Echinopora","sp.","Echinopora sp.","Genus",205519
1215,"SB_4","MIS5e","Egypt","El Quseir","Sharm el Bahari","07/11/2019",25.866333,34.420444,11,2000,NA,"Shallow reef slope","Animalia","Cnidaria","Hexacorallia","Scleractinia","Merulinidae","Favites","pentagona","Favites pentagona","Species",207446
1216,"SB_4","MIS5e","Egypt","El Quseir","Sharm el Bahari","07/11/2019",25.866333,34.420444,45,2000,NA,"Shallow reef slope","Animalia","Cnidaria","Hexacorallia","Scleractinia","Euphylliidae","Galaxea","fascicularis","Galaxea fascicularis","Species",207366
1217,"SB_4","MIS5e","Egypt","El Quseir","Sharm el Bahari","07/11/2019",25.866333,34.420444,31,2000,NA,"Shallow reef slope","Animalia","Cnidaria","Hydrozoa","Anthoathecata","Milleporidae","Millepora","sp.","Millepora sp.","Genus",205902
1218,"SB_4","MIS5e","Egypt","El Quseir","Sharm el Bahari","07/11/2019",25.866333,34.420444,14,2000,NA,"Shallow reef slope","Animalia","Cnidaria","Hexacorallia","Scleractinia","Euphylliidae","Galaxea","fascicularis","Galaxea fascicularis","Species",207366
1219,"SB_4","MIS5e","Egypt","El Quseir","Sharm el Bahari","07/11/2019",25.866333,34.420444,23,2000,NA,"Shallow reef slope","Animalia","Cnidaria","Hexacorallia","Scleractinia","Merulinidae","Echinopora","sp.","Echinopora sp.","Genus",205519
1220,"SB_4","MIS5e","Egypt","El Quseir","Sharm el Bahari","07/11/2019",25.866333,34.420444,31,2000,NA,"Shallow reef slope","Animalia","Cnidaria","Hexacorallia","Scleractinia","Euphylliidae","Galaxea","fascicularis","Galaxea fascicularis","Species",207366
1221,"SB_4","MIS5e","Egypt","El Quseir","Sharm el Bahari","07/11/2019",25.866333,34.420444,31,2000,NA,"Shallow reef slope","Animalia","Cnidaria","Hexacorallia","Scleractinia","Merulinidae","Platygyra","sinensis","Platygyra sinensis","Species",207486
1222,"SB_4","MIS5e","Egypt","El Quseir","Sharm el Bahari","07/11/2019",25.866333,34.420444,23,2000,NA,"Shallow reef slope","Animalia","Cnidaria","Hexacorallia","Scleractinia","Euphylliidae","Galaxea","fascicularis","Galaxea fascicularis","Species",207366
1223,"SB_4","MIS5e","Egypt","El Quseir","Sharm el Bahari","07/11/2019",25.866333,34.420444,21,2000,NA,"Shallow reef slope","Animalia","Cnidaria","Hexacorallia","Scleractinia","Pocilloporidae","Pocillopora","sp.","Pocillopora sp.","Genus",206938
1224,"SB_4","MIS5e","Egypt","El Quseir","Sharm el Bahari","07/11/2019",25.866333,34.420444,36,2000,NA,"Shallow reef slope","Animalia","Cnidaria","Hexacorallia","Scleractinia","Merulinidae","Echinopora","sp.","Echinopora sp.","Genus",205519
1225,"SB_4","MIS5e","Egypt","El Quseir","Sharm el Bahari","07/11/2019",25.866333,34.420444,66,2000,NA,"Shallow reef slope","Animalia","Cnidaria","Hexacorallia","Scleractinia","Lobophylliidae","Lobophyllia","hemprichii","Lobophyllia hemprichii","Species",207392
1226,"SB_4","MIS5e","Egypt","El Quseir","Sharm el Bahari","07/11/2019",25.866333,34.420444,30,2000,NA,"Shallow reef slope","Animalia","Cnidaria","Hexacorallia","Scleractinia","Pocilloporidae","Pocillopora","sp.","Pocillopora sp.","Genus",206938
1227,"SB_4","MIS5e","Egypt","El Quseir","Sharm el Bahari","07/11/2019",25.866333,34.420444,35,2000,NA,"Shallow reef slope","Animalia","Cnidaria","Hexacorallia","Scleractinia","Merulinidae","Goniastrea","stelligera","Goniastrea stelligera","Species",763067
1228,"SB_4","MIS5e","Egypt","El Quseir","Sharm el Bahari","07/11/2019",25.866333,34.420444,13,2000,NA,"Shallow reef slope","Animalia","Cnidaria","Hexacorallia","Scleractinia","Pocilloporidae","Pocillopora","sp.","Pocillopora sp.","Genus",206938
1229,"SB_4","MIS5e","Egypt","El Quseir","Sharm el Bahari","07/11/2019",25.866333,34.420444,17,2000,NA,"Shallow reef slope","Animalia","Cnidaria","Hexacorallia","Scleractinia","Pocilloporidae","Pocillopora","sp.","Pocillopora sp.","Genus",206938
1230,"SB_4","MIS5e","Egypt","El Quseir","Sharm el Bahari","07/11/2019",25.866333,34.420444,42,2000,NA,"Shallow reef slope","Animalia","Cnidaria","Hexacorallia","Scleractinia","Merulinidae","Echinopora","sp.","Echinopora sp.","Genus",205519
1231,"SB_4","MIS5e","Egypt","El Quseir","Sharm el Bahari","07/11/2019",25.866333,34.420444,10,2000,NA,"Shallow reef slope","Animalia","Cnidaria","Hexacorallia","Scleractinia","Euphylliidae","Galaxea","fascicularis","Galaxea fascicularis","Species",207366
1232,"SB_4","MIS5e","Egypt","El Quseir","Sharm el Bahari","07/11/2019",25.866333,34.420444,17,2000,NA,"Shallow reef slope","Animalia","Cnidaria","Hexacorallia","Scleractinia","Merulinidae","Leptoria","phrygia","Leptoria phrygia","Species",207477
1233,"SB_4","MIS5e","Egypt","El Quseir","Sharm el Bahari","07/11/2019",25.866333,34.420444,23,2000,NA,"Shallow reef slope","Animalia","Cnidaria","Hexacorallia","Scleractinia","Poritidae","Porites","sp.","Porites sp.","Genus",206485
1234,"SB_4","MIS5e","Egypt","El Quseir","Sharm el Bahari","07/11/2019",25.866333,34.420444,5,2000,NA,"Shallow reef slope","Animalia","Cnidaria","Hexacorallia","Scleractinia","Pocilloporidae","gen.","sp.","Pocilloporidae","Family",135079
1235,"SB_4","MIS5e","Egypt","El Quseir","Sharm el Bahari","07/11/2019",25.866333,34.420444,13,2000,NA,"Shallow reef slope","Animalia","Cnidaria","Hexacorallia","Scleractinia","Euphylliidae","Galaxea","fascicularis","Galaxea fascicularis","Species",207366
1236,"SB_5","MIS5e","Egypt","El Quseir","Sharm el Bahari","11/11/2019",25.867139,34.419611,80,2255,NA,"Reef edge","Animalia","Cnidaria","Hexacorallia","Scleractinia","Poritidae","Porites","sp.","Porites sp.","Genus",206485
1237,"SB_5","MIS5e","Egypt","El Quseir","Sharm el Bahari","11/11/2019",25.867139,34.419611,22,2255,NA,"Reef edge","Animalia","Cnidaria","Hydrozoa","Anthoathecata","Milleporidae","Millepora","sp.","Millepora sp.","Genus",205902
1238,"SB_5","MIS5e","Egypt","El Quseir","Sharm el Bahari","11/11/2019",25.867139,34.419611,10,2255,NA,"Reef edge","Animalia","Cnidaria","Hexacorallia","Scleractinia","Euphylliidae","Galaxea","fascicularis","Galaxea fascicularis","Species",207366
1239,"SB_5","MIS5e","Egypt","El Quseir","Sharm el Bahari","11/11/2019",25.867139,34.419611,39,2255,NA,"Reef edge","Animalia","Cnidaria","Hexacorallia","Scleractinia","Merulinidae","Favites","chinensis","Favites chinensis","Species",207451
1240,"SB_5","MIS5e","Egypt","El Quseir","Sharm el Bahari","11/11/2019",25.867139,34.419611,35,2255,NA,"Reef edge","Animalia","Cnidaria","Hexacorallia","Scleractinia","Pocilloporidae","Pocillopora","sp.","Pocillopora sp.","Genus",206938
1241,"SB_5","MIS5e","Egypt","El Quseir","Sharm el Bahari","11/11/2019",25.867139,34.419611,58,2255,NA,"Reef edge","Animalia","Cnidaria","Hydrozoa","Anthoathecata","Milleporidae","Millepora","sp.","Millepora sp.","Genus",205902
1242,"SB_5","MIS5e","Egypt","El Quseir","Sharm el Bahari","11/11/2019",25.867139,34.419611,149,2255,NA,"Reef edge","Animalia","Cnidaria","Hexacorallia","Scleractinia","Poritidae","Porites","sp.","Porites sp.","Genus",206485
1243,"SB_5","MIS5e","Egypt","El Quseir","Sharm el Bahari","11/11/2019",25.867139,34.419611,9,2255,NA,"Reef edge","Animalia","Cnidaria","Hexacorallia","Scleractinia","Merulinidae","Dipsastraea","speciosa","Dipsastraea speciosa","Species",758219
1244,"SB_5","MIS5e","Egypt","El Quseir","Sharm el Bahari","11/11/2019",25.867139,34.419611,42,2255,NA,"Reef edge","Animalia","Cnidaria","Hydrozoa","Anthoathecata","Milleporidae","Millepora","sp.","Millepora sp.","Genus",205902
1245,"SB_5","MIS5e","Egypt","El Quseir","Sharm el Bahari","11/11/2019",25.867139,34.419611,17,2255,NA,"Reef edge","Animalia","Cnidaria","Hexacorallia","Scleractinia","Astrocoeniidae","Stylocoeniella","sp.","Stylocoeniella sp.","Genus",204053
1246,"SB_5","MIS5e","Egypt","El Quseir","Sharm el Bahari","11/11/2019",25.867139,34.419611,40,2255,NA,"Reef edge","Animalia","Cnidaria","Hexacorallia","Scleractinia","Poritidae","Porites","sp.","Porites sp.","Genus",206485
1247,"SB_5","MIS5e","Egypt","El Quseir","Sharm el Bahari","11/11/2019",25.867139,34.419611,82,2255,NA,"Reef edge","Animalia","Cnidaria","Hydrozoa","Anthoathecata","Milleporidae","Millepora","sp.","Millepora sp.","Genus",205902
1248,"SB_5","MIS5e","Egypt","El Quseir","Sharm el Bahari","11/11/2019",25.867139,34.419611,509,2255,NA,"Reef edge","Animalia","Cnidaria","Hexacorallia","Scleractinia","Poritidae","Porites","sp.","Porites sp.","Genus",206485
1249,"SB_5","MIS5e","Egypt","El Quseir","Sharm el Bahari","11/11/2019",25.867139,34.419611,59,2255,NA,"Reef edge","Animalia","Cnidaria","Hexacorallia","Scleractinia","Merulinidae","Echinopora","mammiformis","Echinopora mammiformis","Species",288344
1250,"SB_5","MIS5e","Egypt","El Quseir","Sharm el Bahari","11/11/2019",25.867139,34.419611,48,2255,NA,"Reef edge","Animalia","Cnidaria","Hexacorallia","Scleractinia","Poritidae","Porites","sp.","Porites sp.","Genus",206485
1251,"SB_5","MIS5e","Egypt","El Quseir","Sharm el Bahari","11/11/2019",25.867139,34.419611,8,2255,NA,"Reef edge","Animalia","Cnidaria","Hexacorallia","Scleractinia","Merulinidae","Echinopora","sp.","Echinopora sp.","Genus",205519
1252,"SB_5","MIS5e","Egypt","El Quseir","Sharm el Bahari","11/11/2019",25.867139,34.419611,44,2255,NA,"Reef edge","Animalia","Cnidaria","Hexacorallia","Scleractinia","Pocilloporidae","Pocillopora","sp.","Pocillopora sp.","Genus",206938
1253,"SB_5","MIS5e","Egypt","El Quseir","Sharm el Bahari","11/11/2019",25.867139,34.419611,40,2255,NA,"Reef edge","Animalia","Cnidaria","Hexacorallia","Scleractinia","Merulinidae","Echinopora","sp.","Echinopora sp.","Genus",205519
1254,"SB_5","MIS5e","Egypt","El Quseir","Sharm el Bahari","11/11/2019",25.867139,34.419611,13,2255,NA,"Reef edge","Animalia","Cnidaria","Hexacorallia","Scleractinia","Acroporidae","Acropora","sp.","Acropora sp.","Genus",205469
1255,"SB_5","MIS5e","Egypt","El Quseir","Sharm el Bahari","11/11/2019",25.867139,34.419611,25,2255,NA,"Reef edge","Animalia","Cnidaria","Hexacorallia","Scleractinia","Merulinidae","Echinopora","sp.","Echinopora sp.","Genus",205519
1256,"SB_5","MIS5e","Egypt","El Quseir","Sharm el Bahari","11/11/2019",25.867139,34.419611,80,2255,NA,"Reef edge","Animalia","Cnidaria","Hexacorallia","Scleractinia","Poritidae","Porites","sp.","Porites sp.","Genus",206485
1257,"SB_5","MIS5e","Egypt","El Quseir","Sharm el Bahari","11/11/2019",25.867139,34.419611,138,2255,NA,"Reef edge","Animalia","Cnidaria","Hexacorallia","Scleractinia","Poritidae","Porites","sp.","Porites sp.","Genus",206485
1258,"SB_5","MIS5e","Egypt","El Quseir","Sharm el Bahari","11/11/2019",25.867139,34.419611,21,2255,NA,"Reef edge","Animalia","Cnidaria","Hexacorallia","Scleractinia","Pocilloporidae","Pocillopora","sp.","Pocillopora sp.","Genus",206938
1259,"SB_5","MIS5e","Egypt","El Quseir","Sharm el Bahari","11/11/2019",25.867139,34.419611,72,2255,NA,"Reef edge","Animalia","Cnidaria","Hydrozoa","Anthoathecata","Milleporidae","Millepora","sp.","Millepora sp.","Genus",205902
1260,"SB_5","MIS5e","Egypt","El Quseir","Sharm el Bahari","11/11/2019",25.867139,34.419611,9,2255,NA,"Reef edge","Animalia","Cnidaria","Hexacorallia","Scleractinia","Merulinidae","Goniastrea","stelligera","Goniastrea stelligera","Species",763067
1261,"SB_5","MIS5e","Egypt","El Quseir","Sharm el Bahari","11/11/2019",25.867139,34.419611,10,2255,NA,"Reef edge","Animalia","Cnidaria","Hexacorallia","Scleractinia","Acroporidae","Acropora","sp.","Acropora sp.","Genus",205469
1262,"SB_5","MIS5e","Egypt","El Quseir","Sharm el Bahari","11/11/2019",25.867139,34.419611,16,2255,NA,"Reef edge","Animalia","Cnidaria","Hexacorallia","Scleractinia","Acroporidae","Acropora","sp.","Acropora sp.","Genus",205469
1263,"SB_5","MIS5e","Egypt","El Quseir","Sharm el Bahari","11/11/2019",25.867139,34.419611,20,2255,NA,"Reef edge","Animalia","Cnidaria","Hexacorallia","Scleractinia","Acroporidae","Acropora","sp.","Acropora sp.","Genus",205469
1264,"SB_5","MIS5e","Egypt","El Quseir","Sharm el Bahari","11/11/2019",25.867139,34.419611,19,2255,NA,"Reef edge","Animalia","Cnidaria","Hexacorallia","Scleractinia","Acroporidae","Acropora","sp.","Acropora sp.","Genus",205469
1265,"SB_5","MIS5e","Egypt","El Quseir","Sharm el Bahari","11/11/2019",25.867139,34.419611,33,2255,NA,"Reef edge","Animalia","Cnidaria","Hexacorallia","Scleractinia","Merulinidae","Echinopora","sp.","Echinopora sp.","Genus",205519
1266,"SB_5","MIS5e","Egypt","El Quseir","Sharm el Bahari","11/11/2019",25.867139,34.419611,20,2255,NA,"Reef edge","Animalia","Cnidaria","Hexacorallia","Scleractinia","Pocilloporidae","Pocillopora","sp.","Pocillopora sp.","Genus",206938
1267,"SB_5","MIS5e","Egypt","El Quseir","Sharm el Bahari","11/11/2019",25.867139,34.419611,79,2255,NA,"Reef edge","Animalia","Cnidaria","Hexacorallia","Scleractinia","Poritidae","Porites","sp.","Porites sp.","Genus",206485
1268,"SB_5","MIS5e","Egypt","El Quseir","Sharm el Bahari","11/11/2019",25.867139,34.419611,12,2255,NA,"Reef edge","Animalia","Cnidaria","Hexacorallia","Scleractinia","Lobophylliidae","Lobophyllia","sp.","Lobophyllia sp.","Genus",205310
1269,"SB_5","MIS5e","Egypt","El Quseir","Sharm el Bahari","11/11/2019",25.867139,34.419611,23,2255,NA,"Reef edge","Animalia","Cnidaria","Hexacorallia","Scleractinia","Pocilloporidae","Pocillopora","sp.","Pocillopora sp.","Genus",206938
1270,"SB_5","MIS5e","Egypt","El Quseir","Sharm el Bahari","11/11/2019",25.867139,34.419611,18,2255,NA,"Reef edge","Animalia","Cnidaria","Hexacorallia","Scleractinia","Poritidae","Porites","sp.","Porites sp.","Genus",206485
1271,"SB_5","MIS5e","Egypt","El Quseir","Sharm el Bahari","11/11/2019",25.867139,34.419611,14,2255,NA,"Reef edge","Animalia","Cnidaria","Hexacorallia","Scleractinia","Lobophylliidae","Lobophyllia","hemprichii","Lobophyllia hemprichii","Species",207392
1272,"SB_5","MIS5e","Egypt","El Quseir","Sharm el Bahari","11/11/2019",25.867139,34.419611,15,2255,NA,"Reef edge","Animalia","Cnidaria","Hexacorallia","Scleractinia","Pocilloporidae","Pocillopora","sp.","Pocillopora sp.","Genus",206938
1273,"SB_5","MIS5e","Egypt","El Quseir","Sharm el Bahari","11/11/2019",25.867139,34.419611,15,2255,NA,"Reef edge","Animalia","Cnidaria","Hexacorallia","Scleractinia","Euphylliidae","Galaxea","fascicularis","Galaxea fascicularis","Species",207366
1274,"SB_5","MIS5e","Egypt","El Quseir","Sharm el Bahari","11/11/2019",25.867139,34.419611,18,2255,NA,"Reef edge","Animalia","Cnidaria","Hexacorallia","Scleractinia","Acroporidae","Acropora","sp.","Acropora sp.","Genus",205469
1275,"SB_5","MIS5e","Egypt","El Quseir","Sharm el Bahari","11/11/2019",25.867139,34.419611,17,2255,NA,"Reef edge","Animalia","Cnidaria","Hexacorallia","Scleractinia","Pocilloporidae","Pocillopora","sp.","Pocillopora sp.","Genus",206938
1276,"SB_6","MIS5e","Egypt","El Quseir","Sharm el Bahari","11/11/2019",25.866639,34.418194,16,2016,NA,"Reef edge","Animalia","Cnidaria","Hexacorallia","Scleractinia","Pocilloporidae","Pocillopora","sp.","Pocillopora sp.","Genus",206938
1277,"SB_6","MIS5e","Egypt","El Quseir","Sharm el Bahari","11/11/2019",25.866639,34.418194,31,2016,NA,"Reef edge","Animalia","Cnidaria","Hexacorallia","Scleractinia","Dendrophylliidae","Turbinaria","mesenterina","Turbinaria mesenterina","Species",207511
1278,"SB_6","MIS5e","Egypt","El Quseir","Sharm el Bahari","11/11/2019",25.866639,34.418194,19,2016,NA,"Reef edge","Animalia","Cnidaria","Hexacorallia","Scleractinia","Acroporidae","Acropora","sp.","Acropora sp.","Genus",205469
1279,"SB_6","MIS5e","Egypt","El Quseir","Sharm el Bahari","11/11/2019",25.866639,34.418194,17,2016,NA,"Reef edge","Animalia","Cnidaria","Hexacorallia","Scleractinia","Merulinidae","Platygyra","daedalea","Platygyra daedalea","Species",207489
1280,"SB_6","MIS5e","Egypt","El Quseir","Sharm el Bahari","11/11/2019",25.866639,34.418194,18,2016,NA,"Reef edge","Animalia","Cnidaria","Hexacorallia","Scleractinia","Acroporidae","Acropora","sp.","Acropora sp.","Genus",205469
1281,"SB_6","MIS5e","Egypt","El Quseir","Sharm el Bahari","11/11/2019",25.866639,34.418194,2,2016,NA,"Reef edge","Animalia","Cnidaria","Hydrozoa","Anthoathecata","Milleporidae","Millepora","sp.","Millepora sp.","Genus",205902
1282,"SB_6","MIS5e","Egypt","El Quseir","Sharm el Bahari","11/11/2019",25.866639,34.418194,30,2016,NA,"Reef edge","Animalia","Cnidaria","Hexacorallia","Scleractinia","Merulinidae","Platygyra","sp.","Platygyra sp.","Genus",206621
1283,"SB_6","MIS5e","Egypt","El Quseir","Sharm el Bahari","11/11/2019",25.866639,34.418194,13,2016,NA,"Reef edge","Animalia","Cnidaria","Hydrozoa","Anthoathecata","Milleporidae","Millepora","sp.","Millepora sp.","Genus",205902
1284,"SB_6","MIS5e","Egypt","El Quseir","Sharm el Bahari","11/11/2019",25.866639,34.418194,40,2016,NA,"Reef edge","Animalia","Cnidaria","Hexacorallia","Scleractinia","Poritidae","Porites","sp.","Porites sp.","Genus",206485
1285,"SB_6","MIS5e","Egypt","El Quseir","Sharm el Bahari","11/11/2019",25.866639,34.418194,11,2016,NA,"Reef edge","Animalia","Cnidaria","Hexacorallia","Scleractinia","Merulinidae","Echinopora","sp.","Echinopora sp.","Genus",205519
1286,"SB_6","MIS5e","Egypt","El Quseir","Sharm el Bahari","11/11/2019",25.866639,34.418194,6,2016,NA,"Reef edge","Animalia","Cnidaria","Hexacorallia","Scleractinia","Acroporidae","Acropora","sp.","Acropora sp.","Genus",205469
1287,"SB_6","MIS5e","Egypt","El Quseir","Sharm el Bahari","11/11/2019",25.866639,34.418194,21,2016,NA,"Reef edge","Animalia","Cnidaria","Hydrozoa","Anthoathecata","Milleporidae","Millepora","sp.","Millepora sp.","Genus",205902
1288,"SB_6","MIS5e","Egypt","El Quseir","Sharm el Bahari","11/11/2019",25.866639,34.418194,17,2016,NA,"Reef edge","Animalia","Cnidaria","Hexacorallia","Scleractinia","Merulinidae","Echinopora","sp.","Echinopora sp.","Genus",205519
1289,"SB_6","MIS5e","Egypt","El Quseir","Sharm el Bahari","11/11/2019",25.866639,34.418194,31,2016,NA,"Reef edge","Animalia","Cnidaria","Hexacorallia","Scleractinia","Euphylliidae","Galaxea","fascicularis","Galaxea fascicularis","Species",207366
1290,"SB_6","MIS5e","Egypt","El Quseir","Sharm el Bahari","11/11/2019",25.866639,34.418194,23,2016,NA,"Reef edge","Animalia","Cnidaria","Hexacorallia","Scleractinia","Merulinidae","Echinopora","gemmacea","Echinopora gemmacea","Species",207418
1291,"SB_6","MIS5e","Egypt","El Quseir","Sharm el Bahari","11/11/2019",25.866639,34.418194,18,2016,NA,"Reef edge","Animalia","Cnidaria","Hexacorallia","Scleractinia","Euphylliidae","Galaxea","fascicularis","Galaxea fascicularis","Species",207366
1292,"SB_6","MIS5e","Egypt","El Quseir","Sharm el Bahari","11/11/2019",25.866639,34.418194,53,2016,NA,"Reef edge","Animalia","Cnidaria","Hexacorallia","Scleractinia","fam.","gen.","sp.","Scleractinia","Order",1363
1293,"SB_6","MIS5e","Egypt","El Quseir","Sharm el Bahari","11/11/2019",25.866639,34.418194,20,2016,NA,"Reef edge","Animalia","Cnidaria","Hexacorallia","Scleractinia","Euphylliidae","Galaxea","fascicularis","Galaxea fascicularis","Species",207366
1294,"SB_6","MIS5e","Egypt","El Quseir","Sharm el Bahari","11/11/2019",25.866639,34.418194,72,2016,NA,"Reef edge","Animalia","Cnidaria","Hexacorallia","Scleractinia","Merulinidae","Goniastrea","stelligera","Goniastrea stelligera","Species",763067
1295,"SB_6","MIS5e","Egypt","El Quseir","Sharm el Bahari","11/11/2019",25.866639,34.418194,12,2016,NA,"Reef edge","Animalia","Cnidaria","Hydrozoa","Anthoathecata","Milleporidae","Millepora","sp.","Millepora sp.","Genus",205902
1296,"SB_6","MIS5e","Egypt","El Quseir","Sharm el Bahari","11/11/2019",25.866639,34.418194,6,2016,NA,"Reef edge","Animalia","Cnidaria","Hexacorallia","Scleractinia","fam.","gen.","sp.","Scleractinia","Order",1363
1297,"SB_6","MIS5e","Egypt","El Quseir","Sharm el Bahari","11/11/2019",25.866639,34.418194,5,2016,NA,"Reef edge","Animalia","Cnidaria","Hydrozoa","Anthoathecata","Milleporidae","Millepora","sp.","Millepora sp.","Genus",205902
1298,"SB_6","MIS5e","Egypt","El Quseir","Sharm el Bahari","11/11/2019",25.866639,34.418194,15,2016,NA,"Reef edge","Animalia","Cnidaria","Hexacorallia","Scleractinia","Merulinidae","Goniastrea","stelligera","Goniastrea stelligera","Species",763067
1299,"SB_6","MIS5e","Egypt","El Quseir","Sharm el Bahari","11/11/2019",25.866639,34.418194,63,2016,NA,"Reef edge","Animalia","Cnidaria","Hydrozoa","Anthoathecata","Milleporidae","Millepora","sp.","Millepora sp.","Genus",205902
1300,"SB_6","MIS5e","Egypt","El Quseir","Sharm el Bahari","11/11/2019",25.866639,34.418194,41,2016,NA,"Reef edge","Animalia","Cnidaria","Hexacorallia","Scleractinia","fam.","gen.","sp.","Scleractinia","Order",1363
1301,"SB_6","MIS5e","Egypt","El Quseir","Sharm el Bahari","11/11/2019",25.866639,34.418194,17,2016,NA,"Reef edge","Animalia","Cnidaria","Hexacorallia","Scleractinia","Euphylliidae","Galaxea","fascicularis","Galaxea fascicularis","Species",207366
1302,"SB_6","MIS5e","Egypt","El Quseir","Sharm el Bahari","11/11/2019",25.866639,34.418194,14,2016,NA,"Reef edge","Animalia","Cnidaria","Hydrozoa","Anthoathecata","Milleporidae","Millepora","sp.","Millepora sp.","Genus",205902
1303,"SB_6","MIS5e","Egypt","El Quseir","Sharm el Bahari","11/11/2019",25.866639,34.418194,20,2016,NA,"Reef edge","Animalia","Cnidaria","Hexacorallia","Scleractinia","Poritidae","Porites","sp.","Porites sp.","Genus",206485
1304,"SB_6","MIS5e","Egypt","El Quseir","Sharm el Bahari","11/11/2019",25.866639,34.418194,13,2016,NA,"Reef edge","Animalia","Cnidaria","Hexacorallia","Scleractinia","Euphylliidae","Galaxea","fascicularis","Galaxea fascicularis","Species",207366
1305,"SB_6","MIS5e","Egypt","El Quseir","Sharm el Bahari","11/11/2019",25.866639,34.418194,25,2016,NA,"Reef edge","Animalia","Cnidaria","Hexacorallia","Scleractinia","Merulinidae","Goniastrea","stelligera","Goniastrea stelligera","Species",763067
1306,"SB_6","MIS5e","Egypt","El Quseir","Sharm el Bahari","11/11/2019",25.866639,34.418194,34,2016,NA,"Reef edge","Animalia","Cnidaria","Hexacorallia","Scleractinia","Merulinidae","Goniastrea","stelligera","Goniastrea stelligera","Species",763067
1307,"SB_6","MIS5e","Egypt","El Quseir","Sharm el Bahari","11/11/2019",25.866639,34.418194,21,2016,NA,"Reef edge","Animalia","Cnidaria","Hexacorallia","Scleractinia","Merulinidae","Cyphastrea","microphthalma","Cyphastrea microphthalma","Species",207416
1308,"SB_6","MIS5e","Egypt","El Quseir","Sharm el Bahari","11/11/2019",25.866639,34.418194,8,2016,NA,"Reef edge","Animalia","Cnidaria","Hydrozoa","Anthoathecata","Milleporidae","Millepora","sp.","Millepora sp.","Genus",205902
1309,"SB_6","MIS5e","Egypt","El Quseir","Sharm el Bahari","11/11/2019",25.866639,34.418194,11,2016,NA,"Reef edge","Animalia","Cnidaria","Hexacorallia","Scleractinia","Caryophylliidae","Polycyathus","sp.","Polycyathus sp.","Genus",135098
1310,"SB_6","MIS5e","Egypt","El Quseir","Sharm el Bahari","11/11/2019",25.866639,34.418194,36,2016,NA,"Reef edge","Animalia","Cnidaria","Hexacorallia","Scleractinia","Merulinidae","Echinopora","sp.","Echinopora sp.","Genus",205519
1311,"SB_6","MIS5e","Egypt","El Quseir","Sharm el Bahari","11/11/2019",25.866639,34.418194,17,2016,NA,"Reef edge","Animalia","Cnidaria","Hexacorallia","Scleractinia","Merulinidae","Platygyra","sinensis","Platygyra sinensis","Species",207486
1312,"SB_6","MIS5e","Egypt","El Quseir","Sharm el Bahari","11/11/2019",25.866639,34.418194,88,2016,NA,"Reef edge","Animalia","Cnidaria","Hexacorallia","Scleractinia","Poritidae","Porites","sp.","Porites sp.","Genus",206485
1313,"SB_6","MIS5e","Egypt","El Quseir","Sharm el Bahari","11/11/2019",25.866639,34.418194,15,2016,NA,"Reef edge","Animalia","Cnidaria","Hydrozoa","Anthoathecata","Milleporidae","Millepora","sp.","Millepora sp.","Genus",205902
1314,"SB_6","MIS5e","Egypt","El Quseir","Sharm el Bahari","11/11/2019",25.866639,34.418194,43,2016,NA,"Reef edge","Animalia","Cnidaria","Hexacorallia","Scleractinia","Euphylliidae","Galaxea","astreata","Galaxea astreata","Species",207368
1315,"SB_6","MIS5e","Egypt","El Quseir","Sharm el Bahari","11/11/2019",25.866639,34.418194,26,2016,NA,"Reef edge","Animalia","Cnidaria","Hydrozoa","Anthoathecata","Milleporidae","Millepora","sp.","Millepora sp.","Genus",205902
1316,"SB_6","MIS5e","Egypt","El Quseir","Sharm el Bahari","11/11/2019",25.866639,34.418194,18,2016,NA,"Reef edge","Animalia","Cnidaria","Hexacorallia","Scleractinia","Pocilloporidae","Pocillopora","sp.","Pocillopora sp.","Genus",206938
1317,"SB_6","MIS5e","Egypt","El Quseir","Sharm el Bahari","11/11/2019",25.866639,34.418194,21,2016,NA,"Reef edge","Animalia","Cnidaria","Hexacorallia","Scleractinia","Merulinidae","Echinopora","sp.","Echinopora sp.","Genus",205519
1318,"SB_6","MIS5e","Egypt","El Quseir","Sharm el Bahari","11/11/2019",25.866639,34.418194,20,2016,NA,"Reef edge","Animalia","Cnidaria","Hexacorallia","Scleractinia","Merulinidae","Echinopora","sp.","Echinopora sp.","Genus",205519
1319,"SB_6","MIS5e","Egypt","El Quseir","Sharm el Bahari","11/11/2019",25.866639,34.418194,15,2016,NA,"Reef edge","Animalia","Cnidaria","Hexacorallia","Scleractinia","Merulinidae","Echinopora","sp.","Echinopora sp.","Genus",205519
1320,"SB_6","MIS5e","Egypt","El Quseir","Sharm el Bahari","11/11/2019",25.866639,34.418194,7,2016,NA,"Reef edge","Animalia","Cnidaria","Hexacorallia","Scleractinia","Acroporidae","Acropora","sp.","Acropora sp.","Genus",205469
1321,"SB_6","MIS5e","Egypt","El Quseir","Sharm el Bahari","11/11/2019",25.866639,34.418194,13,2016,NA,"Reef edge","Animalia","Cnidaria","Hexacorallia","Scleractinia","Merulinidae","Favites","flexuosa","Favites flexuosa","Species",207444
1322,"SB_6","MIS5e","Egypt","El Quseir","Sharm el Bahari","11/11/2019",25.866639,34.418194,25,2016,NA,"Reef edge","Animalia","Cnidaria","Hexacorallia","Scleractinia","Euphylliidae","Galaxea","fascicularis","Galaxea fascicularis","Species",207366
1323,"SB_6","MIS5e","Egypt","El Quseir","Sharm el Bahari","11/11/2019",25.866639,34.418194,72,2016,NA,"Reef edge","Animalia","Cnidaria","Hexacorallia","Scleractinia","Merulinidae","Echinopora","sp.","Echinopora sp.","Genus",205519
1324,"SB_6","MIS5e","Egypt","El Quseir","Sharm el Bahari","11/11/2019",25.866639,34.418194,43,2016,NA,"Reef edge","Animalia","Cnidaria","Hexacorallia","Scleractinia","Lobophylliidae","Lobophyllia","hemprichii","Lobophyllia hemprichii","Species",207392
1325,"SB_6","MIS5e","Egypt","El Quseir","Sharm el Bahari","11/11/2019",25.866639,34.418194,45,2016,NA,"Reef edge","Animalia","Cnidaria","Hexacorallia","Scleractinia","Merulinidae","Leptoria","phrygia","Leptoria phrygia","Species",207477
1326,"SB_6","MIS5e","Egypt","El Quseir","Sharm el Bahari","11/11/2019",25.866639,34.418194,25,2016,NA,"Reef edge","Animalia","Cnidaria","Hexacorallia","Scleractinia","Merulinidae","Echinopora","sp.","Echinopora sp.","Genus",205519
1327,"SB_6","MIS5e","Egypt","El Quseir","Sharm el Bahari","11/11/2019",25.866639,34.418194,16,2016,NA,"Reef edge","Animalia","Cnidaria","Hydrozoa","Anthoathecata","Milleporidae","Millepora","sp.","Millepora sp.","Genus",205902
1328,"SB_6","MIS5e","Egypt","El Quseir","Sharm el Bahari","11/11/2019",25.866639,34.418194,28,2016,NA,"Reef edge","Animalia","Cnidaria","Hexacorallia","Scleractinia","Merulinidae","Dipsastraea","pallida","Dipsastraea pallida","Species",758233
1329,"SB_6","MIS5e","Egypt","El Quseir","Sharm el Bahari","11/11/2019",25.866639,34.418194,36,2016,NA,"Reef edge","Animalia","Cnidaria","Hexacorallia","Scleractinia","Lobophylliidae","Lobophyllia","sp.","Lobophyllia sp.","Genus",205310
1330,"SB_6","MIS5e","Egypt","El Quseir","Sharm el Bahari","11/11/2019",25.866639,34.418194,26,2016,NA,"Reef edge","Animalia","Cnidaria","Hexacorallia","Scleractinia","Merulinidae","Leptoria","phrygia","Leptoria phrygia","Species",207477
1331,"SB_6","MIS5e","Egypt","El Quseir","Sharm el Bahari","11/11/2019",25.866639,34.418194,30,2016,NA,"Reef edge","Animalia","Cnidaria","Hexacorallia","Scleractinia","Pocilloporidae","Pocillopora","sp.","Pocillopora sp.","Genus",206938
1332,"SB_6","MIS5e","Egypt","El Quseir","Sharm el Bahari","11/11/2019",25.866639,34.418194,45,2016,NA,"Reef edge","Animalia","Cnidaria","Hydrozoa","Anthoathecata","Milleporidae","Millepora","sp.","Millepora sp.","Genus",205902
1333,"SB_6","MIS5e","Egypt","El Quseir","Sharm el Bahari","11/11/2019",25.866639,34.418194,20,2016,NA,"Reef edge","Animalia","Cnidaria","Hexacorallia","Scleractinia","Pocilloporidae","Pocillopora","sp.","Pocillopora sp.","Genus",206938
1334,"SB_6","MIS5e","Egypt","El Quseir","Sharm el Bahari","11/11/2019",25.866639,34.418194,36,2016,NA,"Reef edge","Animalia","Cnidaria","Hexacorallia","Scleractinia","Merulinidae","Leptoria","phrygia","Leptoria phrygia","Species",207477
1335,"SB_6","MIS5e","Egypt","El Quseir","Sharm el Bahari","11/11/2019",25.866639,34.418194,15,2016,NA,"Reef edge","Animalia","Cnidaria","Hydrozoa","Anthoathecata","Milleporidae","Millepora","sp.","Millepora sp.","Genus",205902
1336,"SB_6","MIS5e","Egypt","El Quseir","Sharm el Bahari","11/11/2019",25.866639,34.418194,16,2016,NA,"Reef edge","Animalia","Cnidaria","Hexacorallia","Scleractinia","Acroporidae","Acropora","sp.","Acropora sp.","Genus",205469
1337,"SB_6","MIS5e","Egypt","El Quseir","Sharm el Bahari","11/11/2019",25.866639,34.418194,82,2016,NA,"Reef edge","Animalia","Cnidaria","Hexacorallia","Scleractinia","Poritidae","Porites","sp.","Porites sp.","Genus",206485
1338,"SB_7","MIS5e","Egypt","El Quseir","Sharm el Bahari","12/11/2019",25.866528,34.418111,33,2060,NA,"Reef edge","Animalia","Cnidaria","Hexacorallia","Scleractinia","Merulinidae","Hydnophora","microconos","Hydnophora microconos","Species",207402
1339,"SB_7","MIS5e","Egypt","El Quseir","Sharm el Bahari","12/11/2019",25.866528,34.418111,17,2060,NA,"Reef edge","Animalia","Cnidaria","Hexacorallia","Scleractinia","Merulinidae","Echinopora","sp.","Echinopora sp.","Genus",205519
1340,"SB_7","MIS5e","Egypt","El Quseir","Sharm el Bahari","12/11/2019",25.866528,34.418111,23,2060,NA,"Reef edge","Animalia","Cnidaria","Hexacorallia","Scleractinia","Pocilloporidae","Pocillopora","sp.","Pocillopora sp.","Genus",206938
1341,"SB_7","MIS5e","Egypt","El Quseir","Sharm el Bahari","12/11/2019",25.866528,34.418111,27,2060,NA,"Reef edge","Animalia","Cnidaria","Hydrozoa","Anthoathecata","Milleporidae","Millepora","sp.","Millepora sp.","Genus",205902
1342,"SB_7","MIS5e","Egypt","El Quseir","Sharm el Bahari","12/11/2019",25.866528,34.418111,44,2060,NA,"Reef edge","Animalia","Cnidaria","Hexacorallia","Scleractinia","Poritidae","Porites","sp.","Porites sp.","Genus",206485
1343,"SB_7","MIS5e","Egypt","El Quseir","Sharm el Bahari","12/11/2019",25.866528,34.418111,17,2060,NA,"Reef edge","Animalia","Cnidaria","Hexacorallia","Scleractinia","Merulinidae","Echinopora","sp.","Echinopora sp.","Genus",205519
1344,"SB_7","MIS5e","Egypt","El Quseir","Sharm el Bahari","12/11/2019",25.866528,34.418111,10,2060,NA,"Reef edge","Animalia","Cnidaria","Hexacorallia","Scleractinia","Acroporidae","Acropora","sp.","Acropora sp.","Genus",205469
1345,"SB_7","MIS5e","Egypt","El Quseir","Sharm el Bahari","12/11/2019",25.866528,34.418111,9,2060,NA,"Reef edge","Animalia","Cnidaria","Hydrozoa","Anthoathecata","Milleporidae","Millepora","sp.","Millepora sp.","Genus",205902
1346,"SB_7","MIS5e","Egypt","El Quseir","Sharm el Bahari","12/11/2019",25.866528,34.418111,7,2060,NA,"Reef edge","Animalia","Cnidaria","Hexacorallia","Scleractinia","Acroporidae","Acropora","sp.","Acropora sp.","Genus",205469
1347,"SB_7","MIS5e","Egypt","El Quseir","Sharm el Bahari","12/11/2019",25.866528,34.418111,18,2060,NA,"Reef edge","Animalia","Cnidaria","Hydrozoa","Anthoathecata","Milleporidae","Millepora","sp.","Millepora sp.","Genus",205902
1348,"SB_7","MIS5e","Egypt","El Quseir","Sharm el Bahari","12/11/2019",25.866528,34.418111,114,2060,NA,"Reef edge","Animalia","Cnidaria","Hexacorallia","Scleractinia","Poritidae","Porites","sp.","Porites sp.","Genus",206485
1349,"SB_7","MIS5e","Egypt","El Quseir","Sharm el Bahari","12/11/2019",25.866528,34.418111,43,2060,NA,"Reef edge","Animalia","Cnidaria","Hexacorallia","Scleractinia","Merulinidae","Echinopora","sp.","Echinopora sp.","Genus",205519
1350,"SB_7","MIS5e","Egypt","El Quseir","Sharm el Bahari","12/11/2019",25.866528,34.418111,18,2060,NA,"Reef edge","Animalia","Cnidaria","Hexacorallia","Scleractinia","Euphylliidae","Galaxea","fascicularis","Galaxea fascicularis","Species",207366
1351,"SB_7","MIS5e","Egypt","El Quseir","Sharm el Bahari","12/11/2019",25.866528,34.418111,325,2060,NA,"Reef edge","Animalia","Cnidaria","Hexacorallia","Scleractinia","Poritidae","Porites","sp.","Porites sp.","Genus",206485
1352,"SB_7","MIS5e","Egypt","El Quseir","Sharm el Bahari","12/11/2019",25.866528,34.418111,15,2060,NA,"Reef edge","Animalia","Cnidaria","Hydrozoa","Anthoathecata","Milleporidae","Millepora","sp.","Millepora sp.","Genus",205902
1353,"SB_7","MIS5e","Egypt","El Quseir","Sharm el Bahari","12/11/2019",25.866528,34.418111,14,2060,NA,"Reef edge","Animalia","Cnidaria","Hexacorallia","Scleractinia","Acroporidae","Acropora","sp.","Acropora sp.","Genus",205469
1354,"SB_7","MIS5e","Egypt","El Quseir","Sharm el Bahari","12/11/2019",25.866528,34.418111,24,2060,NA,"Reef edge","Animalia","Cnidaria","Hydrozoa","Anthoathecata","Milleporidae","Millepora","sp.","Millepora sp.","Genus",205902
1355,"SB_7","MIS5e","Egypt","El Quseir","Sharm el Bahari","12/11/2019",25.866528,34.418111,6,2060,NA,"Reef edge","Animalia","Cnidaria","Hexacorallia","Scleractinia","Poritidae","Porites","sp.","Porites sp.","Genus",206485
1356,"SB_7","MIS5e","Egypt","El Quseir","Sharm el Bahari","12/11/2019",25.866528,34.418111,12,2060,NA,"Reef edge","Animalia","Cnidaria","Hexacorallia","Scleractinia","Acroporidae","Acropora","sp.","Acropora sp.","Genus",205469
1357,"SB_7","MIS5e","Egypt","El Quseir","Sharm el Bahari","12/11/2019",25.866528,34.418111,113,2060,NA,"Reef edge","Animalia","Cnidaria","Hexacorallia","Scleractinia","Poritidae","Porites","sp.","Porites sp.","Genus",206485
1358,"SB_7","MIS5e","Egypt","El Quseir","Sharm el Bahari","12/11/2019",25.866528,34.418111,140,2060,NA,"Reef edge","Animalia","Cnidaria","Hexacorallia","Scleractinia","Merulinidae","Echinopora","sp.","Echinopora sp.","Genus",205519
1359,"SB_7","MIS5e","Egypt","El Quseir","Sharm el Bahari","12/11/2019",25.866528,34.418111,149,2060,NA,"Reef edge","Animalia","Cnidaria","Hexacorallia","Scleractinia","Poritidae","Porites","sp.","Porites sp.","Genus",206485
1360,"SB_7","MIS5e","Egypt","El Quseir","Sharm el Bahari","12/11/2019",25.866528,34.418111,38,2060,NA,"Reef edge","Animalia","Cnidaria","Hydrozoa","Anthoathecata","Milleporidae","Millepora","sp.","Millepora sp.","Genus",205902
1361,"SB_7","MIS5e","Egypt","El Quseir","Sharm el Bahari","12/11/2019",25.866528,34.418111,23,2060,NA,"Reef edge","Animalia","Cnidaria","Hexacorallia","Scleractinia","Acroporidae","Acropora","sp.","Acropora sp.","Genus",205469
1362,"SB_7","MIS5e","Egypt","El Quseir","Sharm el Bahari","12/11/2019",25.866528,34.418111,17,2060,NA,"Reef edge","Animalia","Cnidaria","Hexacorallia","Scleractinia","Merulinidae","Echinopora","sp.","Echinopora sp.","Genus",205519
1363,"SB_7","MIS5e","Egypt","El Quseir","Sharm el Bahari","12/11/2019",25.866528,34.418111,29,2060,NA,"Reef edge","Animalia","Cnidaria","Hexacorallia","Scleractinia","Lobophylliidae","Lobophyllia","hemprichii","Lobophyllia hemprichii","Species",207392
1364,"SB_7","MIS5e","Egypt","El Quseir","Sharm el Bahari","12/11/2019",25.866528,34.418111,20,2060,NA,"Reef edge","Animalia","Cnidaria","Hydrozoa","Anthoathecata","Milleporidae","Millepora","sp.","Millepora sp.","Genus",205902
1365,"SB_7","MIS5e","Egypt","El Quseir","Sharm el Bahari","12/11/2019",25.866528,34.418111,28,2060,NA,"Reef edge","Animalia","Cnidaria","Hexacorallia","Scleractinia","Pocilloporidae","Pocillopora","sp.","Pocillopora sp.","Genus",206938
1366,"SB_7","MIS5e","Egypt","El Quseir","Sharm el Bahari","12/11/2019",25.866528,34.418111,53,2060,NA,"Reef edge","Animalia","Cnidaria","Hexacorallia","Scleractinia","Poritidae","Porites","sp.","Porites sp.","Genus",206485
1367,"SB_7","MIS5e","Egypt","El Quseir","Sharm el Bahari","12/11/2019",25.866528,34.418111,50,2060,NA,"Reef edge","Animalia","Cnidaria","Hexacorallia","Scleractinia","Merulinidae","Platygyra","acuta","Platygyra acuta","Species",289203
1368,"SB_7","MIS5e","Egypt","El Quseir","Sharm el Bahari","12/11/2019",25.866528,34.418111,25,2060,NA,"Reef edge","Animalia","Cnidaria","Hexacorallia","Scleractinia","Poritidae","Porites","sp.","Porites sp.","Genus",206485
1369,"SB_7","MIS5e","Egypt","El Quseir","Sharm el Bahari","12/11/2019",25.866528,34.418111,50,2060,NA,"Reef edge","Animalia","Cnidaria","Hexacorallia","Scleractinia","Merulinidae","Echinopora","sp.","Echinopora sp.","Genus",205519
1370,"SB_7","MIS5e","Egypt","El Quseir","Sharm el Bahari","12/11/2019",25.866528,34.418111,19,2060,NA,"Reef edge","Animalia","Cnidaria","Hexacorallia","Scleractinia","Poritidae","Porites","sp.","Porites sp.","Genus",206485
1371,"SB_7","MIS5e","Egypt","El Quseir","Sharm el Bahari","12/11/2019",25.866528,34.418111,25,2060,NA,"Reef edge","Animalia","Cnidaria","Hydrozoa","Anthoathecata","Milleporidae","Millepora","sp.","Millepora sp.","Genus",205902
1372,"SB_7","MIS5e","Egypt","El Quseir","Sharm el Bahari","12/11/2019",25.866528,34.418111,20,2060,NA,"Reef edge","Animalia","Cnidaria","Hexacorallia","Scleractinia","Poritidae","Porites","sp.","Porites sp.","Genus",206485
1373,"SB_7","MIS5e","Egypt","El Quseir","Sharm el Bahari","12/11/2019",25.866528,34.418111,25,2060,NA,"Reef edge","Animalia","Cnidaria","Hydrozoa","Anthoathecata","Milleporidae","Millepora","sp.","Millepora sp.","Genus",205902
1374,"SB_7","MIS5e","Egypt","El Quseir","Sharm el Bahari","12/11/2019",25.866528,34.418111,41,2060,NA,"Reef edge","Animalia","Cnidaria","Hexacorallia","Scleractinia","Merulinidae","Goniastrea","stelligera","Goniastrea stelligera","Species",763067
1375,"SB_7","MIS5e","Egypt","El Quseir","Sharm el Bahari","12/11/2019",25.866528,34.418111,49,2060,NA,"Reef edge","Animalia","Cnidaria","Hexacorallia","Scleractinia","Merulinidae","Echinopora","sp.","Echinopora sp.","Genus",205519
1376,"SB_7","MIS5e","Egypt","El Quseir","Sharm el Bahari","12/11/2019",25.866528,34.418111,117,2060,NA,"Reef edge","Animalia","Cnidaria","Hexacorallia","Scleractinia","Poritidae","Porites","sp.","Porites sp.","Genus",206485
