"Index","LT","Age","Country","Locality","Site","Date","GPS Latitude N","GPS Longitude E","End-Start (Intercept)","Genus","Species","AphiaID","Depth [m]","ReefZone","Category"
1,"A1A2","Modern","Egypt","El Quseir","Mangrove Bay","22/10/2023",25.87015,34.41968333,5,"Acropora","digitifera",207045,1,"Reef edge","ACB"
2,"A1A2","Modern","Egypt","El Quseir","Mangrove Bay","22/10/2023",25.87015,34.41968333,26,NA,NA,NA,1,"Reef edge",NA
2,"A1A2","Modern","Egypt","El Quseir","Mangrove Bay","22/10/2023",25.87015,34.41968333,26,NA,NA,NA,1,"Reef edge",NA
3,"A1A2","Modern","Egypt","El Quseir","Mangrove Bay","22/10/2023",25.87015,34.41968333,1,NA,NA,NA,1,"Reef edge",NA
4,"A1A2","Modern","Egypt","El Quseir","Mangrove Bay","22/10/2023",25.87015,34.41968333,12,NA,NA,NA,1,"Reef edge",NA
4,"A1A2","Modern","Egypt","El Quseir","Mangrove Bay","22/10/2023",25.87015,34.41968333,12,NA,NA,NA,1,"Reef edge",NA
5,"A1A2","Modern","Egypt","El Quseir","Mangrove Bay","22/10/2023",25.87015,34.41968333,5,NA,NA,NA,1,"Reef edge",NA
6,"A1A2","Modern","Egypt","El Quseir","Mangrove Bay","22/10/2023",25.87015,34.41968333,8,NA,NA,NA,1,"Reef edge",NA
7,"A1A2","Modern","Egypt","El Quseir","Mangrove Bay","22/10/2023",25.87015,34.41968333,4,NA,NA,NA,1,"Reef edge",NA
8,"A1A2","Modern","Egypt","El Quseir","Mangrove Bay","22/10/2023",25.87015,34.41968333,20,NA,NA,NA,1,"Reef edge",NA
8,"A1A2","Modern","Egypt","El Quseir","Mangrove Bay","22/10/2023",25.87015,34.41968333,20,NA,NA,NA,1,"Reef edge",NA
9,"A1A2","Modern","Egypt","El Quseir","Mangrove Bay","22/10/2023",25.87015,34.41968333,28,NA,NA,NA,1,"Reef edge",NA
10,"A1A2","Modern","Egypt","El Quseir","Mangrove Bay","22/10/2023",25.87015,34.41968333,2,NA,NA,NA,1,"Reef edge",NA
11,"A1A2","Modern","Egypt","El Quseir","Mangrove Bay","22/10/2023",25.87015,34.41968333,8,NA,NA,NA,1,"Reef edge",NA
12,"A1A2","Modern","Egypt","El Quseir","Mangrove Bay","22/10/2023",25.87015,34.41968333,8,NA,NA,NA,1,"Reef edge",NA
13,"A1A2","Modern","Egypt","El Quseir","Mangrove Bay","22/10/2023",25.87015,34.41968333,12,NA,NA,NA,1,"Reef edge",NA
13,"A1A2","Modern","Egypt","El Quseir","Mangrove Bay","22/10/2023",25.87015,34.41968333,12,NA,NA,NA,1,"Reef edge",NA
14,"A1A2","Modern","Egypt","El Quseir","Mangrove Bay","22/10/2023",25.87015,34.41968333,6,NA,NA,NA,1,"Reef edge",NA
14,"A1A2","Modern","Egypt","El Quseir","Mangrove Bay","22/10/2023",25.87015,34.41968333,6,NA,NA,NA,1,"Reef edge",NA
15,"A1A2","Modern","Egypt","El Quseir","Mangrove Bay","22/10/2023",25.87015,34.41968333,12,NA,NA,NA,1,"Reef edge",NA
15,"A1A2","Modern","Egypt","El Quseir","Mangrove Bay","22/10/2023",25.87015,34.41968333,12,NA,NA,NA,1,"Reef edge",NA
16,"A1A2","Modern","Egypt","El Quseir","Mangrove Bay","22/10/2023",25.87015,34.41968333,3,NA,NA,NA,1,"Reef edge",NA
16,"A1A2","Modern","Egypt","El Quseir","Mangrove Bay","22/10/2023",25.87015,34.41968333,3,NA,NA,NA,1,"Reef edge",NA
17,"A1A2","Modern","Egypt","El Quseir","Mangrove Bay","22/10/2023",25.87015,34.41968333,10,NA,NA,NA,1,"Reef edge",NA
17,"A1A2","Modern","Egypt","El Quseir","Mangrove Bay","22/10/2023",25.87015,34.41968333,10,NA,NA,NA,1,"Reef edge",NA
18,"A1A2","Modern","Egypt","El Quseir","Mangrove Bay","22/10/2023",25.87015,34.41968333,7,NA,NA,NA,1,"Reef edge",NA
19,"A1A2","Modern","Egypt","El Quseir","Mangrove Bay","22/10/2023",25.87015,34.41968333,24,NA,NA,NA,1,"Reef edge",NA
20,"A1A2","Modern","Egypt","El Quseir","Mangrove Bay","22/10/2023",25.87015,34.41968333,39,NA,NA,NA,1,"Reef edge",NA
21,"A1A2","Modern","Egypt","El Quseir","Mangrove Bay","22/10/2023",25.87015,34.41968333,10,NA,NA,NA,1,"Reef edge",NA
21,"A1A2","Modern","Egypt","El Quseir","Mangrove Bay","22/10/2023",25.87015,34.41968333,10,NA,NA,NA,1,"Reef edge",NA
22,"A1A2","Modern","Egypt","El Quseir","Mangrove Bay","22/10/2023",25.87015,34.41968333,3,"Pocillopora","verrucosa",206954,1,"Reef edge","CB"
23,"A1A2","Modern","Egypt","El Quseir","Mangrove Bay","22/10/2023",25.87015,34.41968333,5,"Pocillopora","verrucosa",206954,1,"Reef edge","CB"
24,"A1A2","Modern","Egypt","El Quseir","Mangrove Bay","22/10/2023",25.87015,34.41968333,16,"Pocillopora","verrucosa",206954,1,"Reef edge","CB"
25,"A1A2","Modern","Egypt","El Quseir","Mangrove Bay","22/10/2023",25.87015,34.41968333,6,"Pocillopora","verrucosa",206954,1,"Reef edge","CB"
26,"A1A2","Modern","Egypt","El Quseir","Mangrove Bay","22/10/2023",25.87015,34.41968333,17,"Pocillopora","verrucosa",206954,1,"Reef edge","CB"
27,"A1A2","Modern","Egypt","El Quseir","Mangrove Bay","22/10/2023",25.87015,34.41968333,27,"Pocillopora","verrucosa",206954,1,"Reef edge","CB"
28,"A1A2","Modern","Egypt","El Quseir","Mangrove Bay","22/10/2023",25.87015,34.41968333,13,"Pocillopora","verrucosa",206954,1,"Reef edge","CB"
29,"A1A2","Modern","Egypt","El Quseir","Mangrove Bay","22/10/2023",25.87015,34.41968333,8,"Pocillopora","verrucosa",206954,1,"Reef edge","CB"
30,"A1A2","Modern","Egypt","El Quseir","Mangrove Bay","22/10/2023",25.87015,34.41968333,10,"Pocillopora","verrucosa",206954,1,"Reef edge","CB"
31,"A1A2","Modern","Egypt","El Quseir","Mangrove Bay","22/10/2023",25.87015,34.41968333,18,"Pocillopora","verrucosa",206954,1,"Reef edge","CB"
32,"A1A2","Modern","Egypt","El Quseir","Mangrove Bay","22/10/2023",25.87015,34.41968333,13,"Pocillopora","verrucosa",206954,1,"Reef edge","CB"
33,"A1A2","Modern","Egypt","El Quseir","Mangrove Bay","22/10/2023",25.87015,34.41968333,12,"Pocillopora","verrucosa",206954,1,"Reef edge","CB"
34,"A1A2","Modern","Egypt","El Quseir","Mangrove Bay","22/10/2023",25.87015,34.41968333,5,"Pocillopora","verrucosa",206954,1,"Reef edge","CB"
35,"A1A2","Modern","Egypt","El Quseir","Mangrove Bay","22/10/2023",25.87015,34.41968333,24,"Pocillopora","verrucosa",206954,1,"Reef edge","CB"
36,"A1A2","Modern","Egypt","El Quseir","Mangrove Bay","22/10/2023",25.87015,34.41968333,11,"Montipora","sp.",203834,1,"Reef edge","CD"
37,"A1A2","Modern","Egypt","El Quseir","Mangrove Bay","22/10/2023",25.87015,34.41968333,2,"Cyphastrea","sp.",206488,1,"Reef edge","CE"
38,"A1A2","Modern","Egypt","El Quseir","Mangrove Bay","22/10/2023",25.87015,34.41968333,8,"Porites","sp.",206485,1,"Reef edge","CM"
39,"A1A2","Modern","Egypt","El Quseir","Mangrove Bay","22/10/2023",25.87015,34.41968333,5,"Porites","sp.",206485,1,"Reef edge","CM"
40,"A1A2","Modern","Egypt","El Quseir","Mangrove Bay","22/10/2023",25.87015,34.41968333,29,"Porites","sp.",206485,1,"Reef edge","CM"
41,"A1A2","Modern","Egypt","El Quseir","Mangrove Bay","22/10/2023",25.87015,34.41968333,5,"Porites","sp.",206485,1,"Reef edge","CM"
42,"A1A2","Modern","Egypt","El Quseir","Mangrove Bay","22/10/2023",25.87015,34.41968333,8,"Porites","sp.",206485,1,"Reef edge","CM"
43,"A1A2","Modern","Egypt","El Quseir","Mangrove Bay","22/10/2023",25.87015,34.41968333,12,"Goniastrea","edwardsi",207466,1,"Reef edge","CM"
44,"A1A2","Modern","Egypt","El Quseir","Mangrove Bay","22/10/2023",25.87015,34.41968333,7,"Porites","sp.",206485,1,"Reef edge","CM"
45,"A1A2","Modern","Egypt","El Quseir","Mangrove Bay","22/10/2023",25.87015,34.41968333,10,"Porites","sp.",206485,1,"Reef edge","CM"
46,"A1A2","Modern","Egypt","El Quseir","Mangrove Bay","22/10/2023",25.87015,34.41968333,6,"Dipsastraea","matthaii",758240,1,"Reef edge","CM"
47,"A1A2","Modern","Egypt","El Quseir","Mangrove Bay","22/10/2023",25.87015,34.41968333,5,"Millepora","exaesa",210728,1,"Reef edge","CME"
48,"A1A2","Modern","Egypt","El Quseir","Mangrove Bay","22/10/2023",25.87015,34.41968333,19,"Millepora","exaesa",210728,1,"Reef edge","CME"
49,"A1A2","Modern","Egypt","El Quseir","Mangrove Bay","22/10/2023",25.87015,34.41968333,5,"Millepora","dichotoma",210733,1,"Reef edge","CME"
50,"A1A2","Modern","Egypt","El Quseir","Mangrove Bay","22/10/2023",25.87015,34.41968333,28,"Millepora","dichotoma",210733,1,"Reef edge","CME"
51,"A1A2","Modern","Egypt","El Quseir","Mangrove Bay","22/10/2023",25.87015,34.41968333,2,"Millepora","platyphylla",210730,1,"Reef edge","CME"
52,"A1A2","Modern","Egypt","El Quseir","Mangrove Bay","22/10/2023",25.87015,34.41968333,12,"Millepora","dichotoma",210733,1,"Reef edge","CME"
53,"A1A2","Modern","Egypt","El Quseir","Mangrove Bay","22/10/2023",25.87015,34.41968333,9,"Millepora","dichotoma",210733,1,"Reef edge","CME"
54,"A1A2","Modern","Egypt","El Quseir","Mangrove Bay","22/10/2023",25.87015,34.41968333,2,"Millepora","platyphylla",210730,1,"Reef edge","CME"
55,"A1A2","Modern","Egypt","El Quseir","Mangrove Bay","22/10/2023",25.87015,34.41968333,20,"Millepora","dichotoma",210733,1,"Reef edge","CME"
56,"A1A2","Modern","Egypt","El Quseir","Mangrove Bay","22/10/2023",25.87015,34.41968333,8,"Millepora","dichotoma",210733,1,"Reef edge","CME"
57,"A1A2","Modern","Egypt","El Quseir","Mangrove Bay","22/10/2023",25.87015,34.41968333,33,"Millepora","dichotoma",210733,1,"Reef edge","CME"
58,"A1A2","Modern","Egypt","El Quseir","Mangrove Bay","22/10/2023",25.87015,34.41968333,31,"Millepora","dichotoma",210733,1,"Reef edge","CME"
59,"A1A2","Modern","Egypt","El Quseir","Mangrove Bay","22/10/2023",25.87015,34.41968333,93,"Millepora","dichotoma",210733,1,"Reef edge","CME"
60,"A1A2","Modern","Egypt","El Quseir","Mangrove Bay","22/10/2023",25.87015,34.41968333,10,"Millepora","dichotoma",210733,1,"Reef edge","CME"
61,"A1A2","Modern","Egypt","El Quseir","Mangrove Bay","22/10/2023",25.87015,34.41968333,11,"Millepora","exaesa",210728,1,"Reef edge","CME"
62,"A1A2","Modern","Egypt","El Quseir","Mangrove Bay","22/10/2023",25.87015,34.41968333,78,"Millepora","dichotoma",210733,1,"Reef edge","CME"
63,"A1A2","Modern","Egypt","El Quseir","Mangrove Bay","22/10/2023",25.87015,34.41968333,9,"Millepora","exaesa",210728,1,"Reef edge","CME"
64,"A1A2","Modern","Egypt","El Quseir","Mangrove Bay","22/10/2023",25.87015,34.41968333,37,"Millepora","dichotoma",210733,1,"Reef edge","CME"
65,"A1A2","Modern","Egypt","El Quseir","Mangrove Bay","22/10/2023",25.87015,34.41968333,236,"Millepora","dichotoma",210733,1,"Reef edge","CME"
66,"A1A2","Modern","Egypt","El Quseir","Mangrove Bay","22/10/2023",25.87015,34.41968333,21,"Millepora","platyphylla",210730,1,"Reef edge","CME"
67,"A1A2","Modern","Egypt","El Quseir","Mangrove Bay","22/10/2023",25.87015,34.41968333,12,"Millepora","dichotoma",210733,1,"Reef edge","CME"
68,"A1A2","Modern","Egypt","El Quseir","Mangrove Bay","22/10/2023",25.87015,34.41968333,50,"Millepora","dichotoma",210733,1,"Reef edge","CME"
69,"A1A2","Modern","Egypt","El Quseir","Mangrove Bay","22/10/2023",25.87015,34.41968333,26,"Millepora","dichotoma",210733,1,"Reef edge","CME"
70,"A1A2","Modern","Egypt","El Quseir","Mangrove Bay","22/10/2023",25.87015,34.41968333,11,"Millepora","dichotoma",210733,1,"Reef edge","CME"
71,"A1A2","Modern","Egypt","El Quseir","Mangrove Bay","22/10/2023",25.87015,34.41968333,75,"Millepora","dichotoma",210733,1,"Reef edge","CME"
72,"A1A2","Modern","Egypt","El Quseir","Mangrove Bay","22/10/2023",25.87015,34.41968333,15,"Millepora","dichotoma",210733,1,"Reef edge","CME"
73,"A1A2","Modern","Egypt","El Quseir","Mangrove Bay","22/10/2023",25.87015,34.41968333,9,"Tridacna","maxima",207675,1,"Reef edge","MOLL"
74,"A1A2","Modern","Egypt","El Quseir","Mangrove Bay","22/10/2023",25.87015,34.41968333,2,"Ceraesignum","maximum",766307,1,"Reef edge","MOLL"
75,"A1A2","Modern","Egypt","El Quseir","Mangrove Bay","22/10/2023",25.87015,34.41968333,2,"Tridacna","maxima",207675,1,"Reef edge","MOLL"
76,"A1A2","Modern","Egypt","El Quseir","Mangrove Bay","22/10/2023",25.87015,34.41968333,4,"Echinometra","mathaei",213383,1,"Reef edge","OT"
77,"A1A2","Modern","Egypt","El Quseir","Mangrove Bay","22/10/2023",25.87015,34.41968333,40,NA,NA,NA,1,"Reef edge",NA
78,"A1A2","Modern","Egypt","El Quseir","Mangrove Bay","22/10/2023",25.87015,34.41968333,3,NA,NA,NA,1,"Reef edge",NA
78,"A1A2","Modern","Egypt","El Quseir","Mangrove Bay","22/10/2023",25.87015,34.41968333,3,NA,NA,NA,1,"Reef edge",NA
79,"A1A2","Modern","Egypt","El Quseir","Mangrove Bay","22/10/2023",25.87015,34.41968333,56,NA,NA,NA,1,"Reef edge",NA
80,"A1A2","Modern","Egypt","El Quseir","Mangrove Bay","22/10/2023",25.87015,34.41968333,10,NA,NA,NA,1,"Reef edge",NA
80,"A1A2","Modern","Egypt","El Quseir","Mangrove Bay","22/10/2023",25.87015,34.41968333,10,NA,NA,NA,1,"Reef edge",NA
81,"A1A2","Modern","Egypt","El Quseir","Mangrove Bay","22/10/2023",25.87015,34.41968333,3,NA,NA,NA,1,"Reef edge",NA
81,"A1A2","Modern","Egypt","El Quseir","Mangrove Bay","22/10/2023",25.87015,34.41968333,3,NA,NA,NA,1,"Reef edge",NA
82,"A1A2","Modern","Egypt","El Quseir","Mangrove Bay","22/10/2023",25.87015,34.41968333,19,NA,NA,NA,1,"Reef edge",NA
83,"A1A2","Modern","Egypt","El Quseir","Mangrove Bay","22/10/2023",25.87015,34.41968333,10,NA,NA,NA,1,"Reef edge",NA
83,"A1A2","Modern","Egypt","El Quseir","Mangrove Bay","22/10/2023",25.87015,34.41968333,10,NA,NA,NA,1,"Reef edge",NA
84,"A1A2","Modern","Egypt","El Quseir","Mangrove Bay","22/10/2023",25.87015,34.41968333,15,NA,NA,NA,1,"Reef edge",NA
85,"A1A2","Modern","Egypt","El Quseir","Mangrove Bay","22/10/2023",25.87015,34.41968333,11,NA,NA,NA,1,"Reef edge",NA
86,"A1A2","Modern","Egypt","El Quseir","Mangrove Bay","22/10/2023",25.87015,34.41968333,6,NA,NA,NA,1,"Reef edge",NA
86,"A1A2","Modern","Egypt","El Quseir","Mangrove Bay","22/10/2023",25.87015,34.41968333,6,NA,NA,NA,1,"Reef edge",NA
87,"A1A2","Modern","Egypt","El Quseir","Mangrove Bay","22/10/2023",25.87015,34.41968333,10,NA,NA,NA,1,"Reef edge",NA
87,"A1A2","Modern","Egypt","El Quseir","Mangrove Bay","22/10/2023",25.87015,34.41968333,10,NA,NA,NA,1,"Reef edge",NA
88,"A1A2","Modern","Egypt","El Quseir","Mangrove Bay","22/10/2023",25.87015,34.41968333,14,NA,NA,NA,1,"Reef edge",NA
89,"A1A2","Modern","Egypt","El Quseir","Mangrove Bay","22/10/2023",25.87015,34.41968333,26,NA,NA,NA,1,"Reef edge",NA
89,"A1A2","Modern","Egypt","El Quseir","Mangrove Bay","22/10/2023",25.87015,34.41968333,26,NA,NA,NA,1,"Reef edge",NA
90,"A1A2","Modern","Egypt","El Quseir","Mangrove Bay","22/10/2023",25.87015,34.41968333,6,NA,NA,NA,1,"Reef edge",NA
90,"A1A2","Modern","Egypt","El Quseir","Mangrove Bay","22/10/2023",25.87015,34.41968333,6,NA,NA,NA,1,"Reef edge",NA
91,"A1A2","Modern","Egypt","El Quseir","Mangrove Bay","22/10/2023",25.87015,34.41968333,31,NA,NA,NA,1,"Reef edge",NA
92,"A1A2","Modern","Egypt","El Quseir","Mangrove Bay","22/10/2023",25.87015,34.41968333,40,NA,NA,NA,1,"Reef edge",NA
93,"A1A2","Modern","Egypt","El Quseir","Mangrove Bay","22/10/2023",25.87015,34.41968333,26,NA,NA,NA,1,"Reef edge",NA
93,"A1A2","Modern","Egypt","El Quseir","Mangrove Bay","22/10/2023",25.87015,34.41968333,26,NA,NA,NA,1,"Reef edge",NA
94,"A1A2","Modern","Egypt","El Quseir","Mangrove Bay","22/10/2023",25.87015,34.41968333,36,NA,NA,NA,1,"Reef edge",NA
95,"A1A2","Modern","Egypt","El Quseir","Mangrove Bay","22/10/2023",25.87015,34.41968333,20,NA,NA,NA,1,"Reef edge",NA
95,"A1A2","Modern","Egypt","El Quseir","Mangrove Bay","22/10/2023",25.87015,34.41968333,20,NA,NA,NA,1,"Reef edge",NA
96,"A1A2","Modern","Egypt","El Quseir","Mangrove Bay","22/10/2023",25.87015,34.41968333,31,NA,NA,NA,1,"Reef edge",NA
97,"A1A2","Modern","Egypt","El Quseir","Mangrove Bay","22/10/2023",25.87015,34.41968333,44,NA,NA,NA,1,"Reef edge",NA
98,"A1A2","Modern","Egypt","El Quseir","Mangrove Bay","22/10/2023",25.87015,34.41968333,12,NA,NA,NA,1,"Reef edge",NA
98,"A1A2","Modern","Egypt","El Quseir","Mangrove Bay","22/10/2023",25.87015,34.41968333,12,NA,NA,NA,1,"Reef edge",NA
99,"A1A2","Modern","Egypt","El Quseir","Mangrove Bay","22/10/2023",25.87015,34.41968333,58,NA,NA,NA,1,"Reef edge",NA
100,"A1A2","Modern","Egypt","El Quseir","Mangrove Bay","22/10/2023",25.87015,34.41968333,47,NA,NA,NA,1,"Reef edge",NA
101,"A1A2","Modern","Egypt","El Quseir","Mangrove Bay","22/10/2023",25.87015,34.41968333,69,NA,NA,NA,1,"Reef edge",NA
102,"A1A2","Modern","Egypt","El Quseir","Mangrove Bay","22/10/2023",25.87015,34.41968333,18,NA,NA,NA,1,"Reef edge",NA
103,"A1A2","Modern","Egypt","El Quseir","Mangrove Bay","22/10/2023",25.87015,34.41968333,26,NA,NA,NA,1,"Reef edge",NA
103,"A1A2","Modern","Egypt","El Quseir","Mangrove Bay","22/10/2023",25.87015,34.41968333,26,NA,NA,NA,1,"Reef edge",NA
104,"A3A4","Modern","Egypt","El Quseir","Mangrove Bay","23/10/2023",25.87015,34.41968333,4,NA,NA,NA,1,"Reef edge",NA
104,"A3A4","Modern","Egypt","El Quseir","Mangrove Bay","23/10/2023",25.87015,34.41968333,4,NA,NA,NA,1,"Reef edge",NA
105,"A3A4","Modern","Egypt","El Quseir","Mangrove Bay","23/10/2023",25.87015,34.41968333,10,NA,NA,NA,1,"Reef edge",NA
105,"A3A4","Modern","Egypt","El Quseir","Mangrove Bay","23/10/2023",25.87015,34.41968333,10,NA,NA,NA,1,"Reef edge",NA
105,"A3A4","Modern","Egypt","El Quseir","Mangrove Bay","23/10/2023",25.87015,34.41968333,10,NA,NA,NA,1,"Reef edge",NA
106,"A3A4","Modern","Egypt","El Quseir","Mangrove Bay","23/10/2023",25.87015,34.41968333,4,NA,NA,NA,1,"Reef edge",NA
106,"A3A4","Modern","Egypt","El Quseir","Mangrove Bay","23/10/2023",25.87015,34.41968333,4,NA,NA,NA,1,"Reef edge",NA
107,"A3A4","Modern","Egypt","El Quseir","Mangrove Bay","23/10/2023",25.87015,34.41968333,18,"Acropora","sp.",205469,1,"Reef edge","ACB"
108,"A3A4","Modern","Egypt","El Quseir","Mangrove Bay","23/10/2023",25.87015,34.41968333,12,"Acropora","sp.",205469,1,"Reef edge","ACB"
109,"A3A4","Modern","Egypt","El Quseir","Mangrove Bay","23/10/2023",25.87015,34.41968333,16,NA,NA,NA,1,"Reef edge",NA
109,"A3A4","Modern","Egypt","El Quseir","Mangrove Bay","23/10/2023",25.87015,34.41968333,16,NA,NA,NA,1,"Reef edge",NA
110,"A3A4","Modern","Egypt","El Quseir","Mangrove Bay","23/10/2023",25.87015,34.41968333,20,NA,NA,NA,1,"Reef edge",NA
110,"A3A4","Modern","Egypt","El Quseir","Mangrove Bay","23/10/2023",25.87015,34.41968333,20,NA,NA,NA,1,"Reef edge",NA
111,"A3A4","Modern","Egypt","El Quseir","Mangrove Bay","23/10/2023",25.87015,34.41968333,5,NA,NA,NA,1,"Reef edge",NA
111,"A3A4","Modern","Egypt","El Quseir","Mangrove Bay","23/10/2023",25.87015,34.41968333,5,NA,NA,NA,1,"Reef edge",NA
112,"A3A4","Modern","Egypt","El Quseir","Mangrove Bay","23/10/2023",25.87015,34.41968333,15,NA,NA,NA,1,"Reef edge",NA
112,"A3A4","Modern","Egypt","El Quseir","Mangrove Bay","23/10/2023",25.87015,34.41968333,15,NA,NA,NA,1,"Reef edge",NA
113,"A3A4","Modern","Egypt","El Quseir","Mangrove Bay","23/10/2023",25.87015,34.41968333,6,NA,NA,NA,1,"Reef edge",NA
114,"A3A4","Modern","Egypt","El Quseir","Mangrove Bay","23/10/2023",25.87015,34.41968333,3,NA,NA,NA,1,"Reef edge",NA
114,"A3A4","Modern","Egypt","El Quseir","Mangrove Bay","23/10/2023",25.87015,34.41968333,3,NA,NA,NA,1,"Reef edge",NA
115,"A3A4","Modern","Egypt","El Quseir","Mangrove Bay","23/10/2023",25.87015,34.41968333,28,NA,NA,NA,1,"Reef edge",NA
116,"A3A4","Modern","Egypt","El Quseir","Mangrove Bay","23/10/2023",25.87015,34.41968333,3,NA,NA,NA,1,"Reef edge",NA
116,"A3A4","Modern","Egypt","El Quseir","Mangrove Bay","23/10/2023",25.87015,34.41968333,3,NA,NA,NA,1,"Reef edge",NA
117,"A3A4","Modern","Egypt","El Quseir","Mangrove Bay","23/10/2023",25.87015,34.41968333,3,NA,NA,NA,1,"Reef edge",NA
117,"A3A4","Modern","Egypt","El Quseir","Mangrove Bay","23/10/2023",25.87015,34.41968333,3,NA,NA,NA,1,"Reef edge",NA
118,"A3A4","Modern","Egypt","El Quseir","Mangrove Bay","23/10/2023",25.87015,34.41968333,9,NA,NA,NA,1,"Reef edge",NA
119,"A3A4","Modern","Egypt","El Quseir","Mangrove Bay","23/10/2023",25.87015,34.41968333,35,NA,NA,NA,1,"Reef edge",NA
120,"A3A4","Modern","Egypt","El Quseir","Mangrove Bay","23/10/2023",25.87015,34.41968333,11,NA,NA,NA,1,"Reef edge",NA
121,"A3A4","Modern","Egypt","El Quseir","Mangrove Bay","23/10/2023",25.87015,34.41968333,31,NA,NA,NA,1,"Reef edge",NA
121,"A3A4","Modern","Egypt","El Quseir","Mangrove Bay","23/10/2023",25.87015,34.41968333,31,NA,NA,NA,1,"Reef edge",NA
122,"A3A4","Modern","Egypt","El Quseir","Mangrove Bay","23/10/2023",25.87015,34.41968333,6,NA,NA,NA,1,"Reef edge",NA
123,"A3A4","Modern","Egypt","El Quseir","Mangrove Bay","23/10/2023",25.87015,34.41968333,35,NA,NA,NA,1,"Reef edge",NA
124,"A3A4","Modern","Egypt","El Quseir","Mangrove Bay","23/10/2023",25.87015,34.41968333,7,NA,NA,NA,1,"Reef edge",NA
125,"A3A4","Modern","Egypt","El Quseir","Mangrove Bay","23/10/2023",25.87015,34.41968333,16,NA,NA,NA,1,"Reef edge",NA
125,"A3A4","Modern","Egypt","El Quseir","Mangrove Bay","23/10/2023",25.87015,34.41968333,16,NA,NA,NA,1,"Reef edge",NA
126,"A3A4","Modern","Egypt","El Quseir","Mangrove Bay","23/10/2023",25.87015,34.41968333,10,NA,NA,NA,1,"Reef edge",NA
126,"A3A4","Modern","Egypt","El Quseir","Mangrove Bay","23/10/2023",25.87015,34.41968333,10,NA,NA,NA,1,"Reef edge",NA
126,"A3A4","Modern","Egypt","El Quseir","Mangrove Bay","23/10/2023",25.87015,34.41968333,10,NA,NA,NA,1,"Reef edge",NA
127,"A3A4","Modern","Egypt","El Quseir","Mangrove Bay","23/10/2023",25.87015,34.41968333,12,NA,NA,NA,1,"Reef edge",NA
128,"A3A4","Modern","Egypt","El Quseir","Mangrove Bay","23/10/2023",25.87015,34.41968333,30,NA,NA,NA,1,"Reef edge",NA
128,"A3A4","Modern","Egypt","El Quseir","Mangrove Bay","23/10/2023",25.87015,34.41968333,30,NA,NA,NA,1,"Reef edge",NA
129,"A3A4","Modern","Egypt","El Quseir","Mangrove Bay","23/10/2023",25.87015,34.41968333,8,NA,NA,NA,1,"Reef edge",NA
129,"A3A4","Modern","Egypt","El Quseir","Mangrove Bay","23/10/2023",25.87015,34.41968333,8,NA,NA,NA,1,"Reef edge",NA
130,"A3A4","Modern","Egypt","El Quseir","Mangrove Bay","23/10/2023",25.87015,34.41968333,18,NA,NA,NA,1,"Reef edge",NA
131,"A3A4","Modern","Egypt","El Quseir","Mangrove Bay","23/10/2023",25.87015,34.41968333,8,"Pocillopora","verrucosa",206954,1,"Reef edge","CB"
132,"A3A4","Modern","Egypt","El Quseir","Mangrove Bay","23/10/2023",25.87015,34.41968333,3,"Pocillopora","verrucosa",206954,1,"Reef edge","CB"
133,"A3A4","Modern","Egypt","El Quseir","Mangrove Bay","23/10/2023",25.87015,34.41968333,3,"Pocillopora","verrucosa",206954,1,"Reef edge","CB"
134,"A3A4","Modern","Egypt","El Quseir","Mangrove Bay","23/10/2023",25.87015,34.41968333,19,"Pocillopora","verrucosa",206954,1,"Reef edge","CB"
135,"A3A4","Modern","Egypt","El Quseir","Mangrove Bay","23/10/2023",25.87015,34.41968333,12,"Pocillopora","verrucosa",206954,1,"Reef edge","CB"
136,"A3A4","Modern","Egypt","El Quseir","Mangrove Bay","23/10/2023",25.87015,34.41968333,26,"Pocillopora","verrucosa",206954,1,"Reef edge","CB"
137,"A3A4","Modern","Egypt","El Quseir","Mangrove Bay","23/10/2023",25.87015,34.41968333,27,"Pocillopora","verrucosa",206954,1,"Reef edge","CB"
138,"A3A4","Modern","Egypt","El Quseir","Mangrove Bay","23/10/2023",25.87015,34.41968333,30,"Pocillopora","verrucosa",206954,1,"Reef edge","CB"
139,"A3A4","Modern","Egypt","El Quseir","Mangrove Bay","23/10/2023",25.87015,34.41968333,30,"Pocillopora","verrucosa",206954,1,"Reef edge","CB"
140,"A3A4","Modern","Egypt","El Quseir","Mangrove Bay","23/10/2023",25.87015,34.41968333,15,"Pocillopora","verrucosa",206954,1,"Reef edge","CB"
141,"A3A4","Modern","Egypt","El Quseir","Mangrove Bay","23/10/2023",25.87015,34.41968333,3,"Pocillopora","verrucosa",206954,1,"Reef edge","CB"
142,"A3A4","Modern","Egypt","El Quseir","Mangrove Bay","23/10/2023",25.87015,34.41968333,50,"Pocillopora","verrucosa",206954,1,"Reef edge","CB"
143,"A3A4","Modern","Egypt","El Quseir","Mangrove Bay","23/10/2023",25.87015,34.41968333,10,"Pocillopora","verrucosa",206954,1,"Reef edge","CB"
144,"A3A4","Modern","Egypt","El Quseir","Mangrove Bay","23/10/2023",25.87015,34.41968333,11,"Pocillopora","verrucosa",206954,1,"Reef edge","CB"
145,"A3A4","Modern","Egypt","El Quseir","Mangrove Bay","23/10/2023",25.87015,34.41968333,7,"Montipora","tuberculosa",207156,1,"Reef edge","CE"
146,"A3A4","Modern","Egypt","El Quseir","Mangrove Bay","23/10/2023",25.87015,34.41968333,3,"Dipsastraea","pallida",758233,1,"Reef edge","CM"
147,"A3A4","Modern","Egypt","El Quseir","Mangrove Bay","23/10/2023",25.87015,34.41968333,4,"Dipsastraea","matthaii",758240,1,"Reef edge","CM"
148,"A3A4","Modern","Egypt","El Quseir","Mangrove Bay","23/10/2023",25.87015,34.41968333,43,"Millepora","dichotoma",210733,1,"Reef edge","CME"
149,"A3A4","Modern","Egypt","El Quseir","Mangrove Bay","23/10/2023",25.87015,34.41968333,4,"Millepora","exaesa",210728,1,"Reef edge","CME"
150,"A3A4","Modern","Egypt","El Quseir","Mangrove Bay","23/10/2023",25.87015,34.41968333,11,"Millepora","exaesa",210728,1,"Reef edge","CME"
151,"A3A4","Modern","Egypt","El Quseir","Mangrove Bay","23/10/2023",25.87015,34.41968333,3,"Millepora","exaesa",210728,1,"Reef edge","CME"
152,"A3A4","Modern","Egypt","El Quseir","Mangrove Bay","23/10/2023",25.87015,34.41968333,145,"Millepora","dichotoma",210733,1,"Reef edge","CME"
153,"A3A4","Modern","Egypt","El Quseir","Mangrove Bay","23/10/2023",25.87015,34.41968333,26,"Millepora","dichotoma",210733,1,"Reef edge","CME"
154,"A3A4","Modern","Egypt","El Quseir","Mangrove Bay","23/10/2023",25.87015,34.41968333,20,"Millepora","dichotoma",210733,1,"Reef edge","CME"
155,"A3A4","Modern","Egypt","El Quseir","Mangrove Bay","23/10/2023",25.87015,34.41968333,4,"Millepora","platyphylla",210730,1,"Reef edge","CME"
156,"A3A4","Modern","Egypt","El Quseir","Mangrove Bay","23/10/2023",25.87015,34.41968333,10,"Millepora","dichotoma",210733,1,"Reef edge","CME"
157,"A3A4","Modern","Egypt","El Quseir","Mangrove Bay","23/10/2023",25.87015,34.41968333,15,"Millepora","dichotoma",210733,1,"Reef edge","CME"
158,"A3A4","Modern","Egypt","El Quseir","Mangrove Bay","23/10/2023",25.87015,34.41968333,63,"Millepora","dichotoma",210733,1,"Reef edge","CME"
159,"A3A4","Modern","Egypt","El Quseir","Mangrove Bay","23/10/2023",25.87015,34.41968333,46,"Millepora","dichotoma",210733,1,"Reef edge","CME"
160,"A3A4","Modern","Egypt","El Quseir","Mangrove Bay","23/10/2023",25.87015,34.41968333,6,"Millepora","dichotoma",210733,1,"Reef edge","CME"
161,"A3A4","Modern","Egypt","El Quseir","Mangrove Bay","23/10/2023",25.87015,34.41968333,5,"Millepora","platyphylla",210730,1,"Reef edge","CME"
162,"A3A4","Modern","Egypt","El Quseir","Mangrove Bay","23/10/2023",25.87015,34.41968333,100,"Millepora","dichotoma",210733,1,"Reef edge","CME"
163,"A3A4","Modern","Egypt","El Quseir","Mangrove Bay","23/10/2023",25.87015,34.41968333,9,"Millepora","exaesa",210728,1,"Reef edge","CME"
164,"A3A4","Modern","Egypt","El Quseir","Mangrove Bay","23/10/2023",25.87015,34.41968333,113,"Millepora","dichotoma",210733,1,"Reef edge","CME"
165,"A3A4","Modern","Egypt","El Quseir","Mangrove Bay","23/10/2023",25.87015,34.41968333,10,"Porites","sp.",206485,1,"Reef edge","CS"
166,"A3A4","Modern","Egypt","El Quseir","Mangrove Bay","23/10/2023",25.87015,34.41968333,5,"Porites","sp.",206485,1,"Reef edge","CS"
167,"A3A4","Modern","Egypt","El Quseir","Mangrove Bay","23/10/2023",25.87015,34.41968333,5,"Porites","sp.",206485,1,"Reef edge","CS"
168,"A3A4","Modern","Egypt","El Quseir","Mangrove Bay","23/10/2023",25.87015,34.41968333,4,"Cyphastrea","sp.",206488,1,"Reef edge","CS"
169,"A3A4","Modern","Egypt","El Quseir","Mangrove Bay","23/10/2023",25.87015,34.41968333,2,"Cyphastrea","sp.",206488,1,"Reef edge","CS"
170,"A3A4","Modern","Egypt","El Quseir","Mangrove Bay","23/10/2023",25.87015,34.41968333,14,"Tridacna","maxima",207675,1,"Reef edge","MOLL"
171,"A3A4","Modern","Egypt","El Quseir","Mangrove Bay","23/10/2023",25.87015,34.41968333,5,"Tridacna","maxima",207675,1,"Reef edge","MOLL"
172,"A3A4","Modern","Egypt","El Quseir","Mangrove Bay","23/10/2023",25.87015,34.41968333,15,NA,NA,NA,1,"Reef edge",NA
172,"A3A4","Modern","Egypt","El Quseir","Mangrove Bay","23/10/2023",25.87015,34.41968333,15,NA,NA,NA,1,"Reef edge",NA
173,"A3A4","Modern","Egypt","El Quseir","Mangrove Bay","23/10/2023",25.87015,34.41968333,27,NA,NA,NA,1,"Reef edge",NA
174,"A3A4","Modern","Egypt","El Quseir","Mangrove Bay","23/10/2023",25.87015,34.41968333,8,NA,NA,NA,1,"Reef edge",NA
174,"A3A4","Modern","Egypt","El Quseir","Mangrove Bay","23/10/2023",25.87015,34.41968333,8,NA,NA,NA,1,"Reef edge",NA
175,"A3A4","Modern","Egypt","El Quseir","Mangrove Bay","23/10/2023",25.87015,34.41968333,10,NA,NA,NA,1,"Reef edge",NA
175,"A3A4","Modern","Egypt","El Quseir","Mangrove Bay","23/10/2023",25.87015,34.41968333,10,NA,NA,NA,1,"Reef edge",NA
175,"A3A4","Modern","Egypt","El Quseir","Mangrove Bay","23/10/2023",25.87015,34.41968333,10,NA,NA,NA,1,"Reef edge",NA
176,"A3A4","Modern","Egypt","El Quseir","Mangrove Bay","23/10/2023",25.87015,34.41968333,13,NA,NA,NA,1,"Reef edge",NA
177,"A3A4","Modern","Egypt","El Quseir","Mangrove Bay","23/10/2023",25.87015,34.41968333,19,NA,NA,NA,1,"Reef edge",NA
178,"A3A4","Modern","Egypt","El Quseir","Mangrove Bay","23/10/2023",25.87015,34.41968333,36,NA,NA,NA,1,"Reef edge",NA
179,"A3A4","Modern","Egypt","El Quseir","Mangrove Bay","23/10/2023",25.87015,34.41968333,23,NA,NA,NA,1,"Reef edge",NA
180,"A3A4","Modern","Egypt","El Quseir","Mangrove Bay","23/10/2023",25.87015,34.41968333,30,NA,NA,NA,1,"Reef edge",NA
180,"A3A4","Modern","Egypt","El Quseir","Mangrove Bay","23/10/2023",25.87015,34.41968333,30,NA,NA,NA,1,"Reef edge",NA
181,"A3A4","Modern","Egypt","El Quseir","Mangrove Bay","23/10/2023",25.87015,34.41968333,19,NA,NA,NA,1,"Reef edge",NA
182,"A3A4","Modern","Egypt","El Quseir","Mangrove Bay","23/10/2023",25.87015,34.41968333,8,NA,NA,NA,1,"Reef edge",NA
182,"A3A4","Modern","Egypt","El Quseir","Mangrove Bay","23/10/2023",25.87015,34.41968333,8,NA,NA,NA,1,"Reef edge",NA
183,"A3A4","Modern","Egypt","El Quseir","Mangrove Bay","23/10/2023",25.87015,34.41968333,4,NA,NA,NA,1,"Reef edge",NA
183,"A3A4","Modern","Egypt","El Quseir","Mangrove Bay","23/10/2023",25.87015,34.41968333,4,NA,NA,NA,1,"Reef edge",NA
184,"A3A4","Modern","Egypt","El Quseir","Mangrove Bay","23/10/2023",25.87015,34.41968333,5,NA,NA,NA,1,"Reef edge",NA
184,"A3A4","Modern","Egypt","El Quseir","Mangrove Bay","23/10/2023",25.87015,34.41968333,5,NA,NA,NA,1,"Reef edge",NA
185,"A3A4","Modern","Egypt","El Quseir","Mangrove Bay","23/10/2023",25.87015,34.41968333,20,NA,NA,NA,1,"Reef edge",NA
185,"A3A4","Modern","Egypt","El Quseir","Mangrove Bay","23/10/2023",25.87015,34.41968333,20,NA,NA,NA,1,"Reef edge",NA
186,"A3A4","Modern","Egypt","El Quseir","Mangrove Bay","23/10/2023",25.87015,34.41968333,31,NA,NA,NA,1,"Reef edge",NA
186,"A3A4","Modern","Egypt","El Quseir","Mangrove Bay","23/10/2023",25.87015,34.41968333,31,NA,NA,NA,1,"Reef edge",NA
187,"A3A4","Modern","Egypt","El Quseir","Mangrove Bay","23/10/2023",25.87015,34.41968333,10,NA,NA,NA,1,"Reef edge",NA
187,"A3A4","Modern","Egypt","El Quseir","Mangrove Bay","23/10/2023",25.87015,34.41968333,10,NA,NA,NA,1,"Reef edge",NA
187,"A3A4","Modern","Egypt","El Quseir","Mangrove Bay","23/10/2023",25.87015,34.41968333,10,NA,NA,NA,1,"Reef edge",NA
188,"A3A4","Modern","Egypt","El Quseir","Mangrove Bay","23/10/2023",25.87015,34.41968333,45,NA,NA,NA,1,"Reef edge",NA
189,"A3A4","Modern","Egypt","El Quseir","Mangrove Bay","23/10/2023",25.87015,34.41968333,10,NA,NA,NA,1,"Reef edge",NA
189,"A3A4","Modern","Egypt","El Quseir","Mangrove Bay","23/10/2023",25.87015,34.41968333,10,NA,NA,NA,1,"Reef edge",NA
189,"A3A4","Modern","Egypt","El Quseir","Mangrove Bay","23/10/2023",25.87015,34.41968333,10,NA,NA,NA,1,"Reef edge",NA
190,"A3A4","Modern","Egypt","El Quseir","Mangrove Bay","23/10/2023",25.87015,34.41968333,3,NA,NA,NA,1,"Reef edge",NA
190,"A3A4","Modern","Egypt","El Quseir","Mangrove Bay","23/10/2023",25.87015,34.41968333,3,NA,NA,NA,1,"Reef edge",NA
191,"A3A4","Modern","Egypt","El Quseir","Mangrove Bay","23/10/2023",25.87015,34.41968333,16,NA,NA,NA,1,"Reef edge",NA
191,"A3A4","Modern","Egypt","El Quseir","Mangrove Bay","23/10/2023",25.87015,34.41968333,16,NA,NA,NA,1,"Reef edge",NA
192,"A3A4","Modern","Egypt","El Quseir","Mangrove Bay","23/10/2023",25.87015,34.41968333,20,NA,NA,NA,1,"Reef edge",NA
192,"A3A4","Modern","Egypt","El Quseir","Mangrove Bay","23/10/2023",25.87015,34.41968333,20,NA,NA,NA,1,"Reef edge",NA
193,"A3A4","Modern","Egypt","El Quseir","Mangrove Bay","23/10/2023",25.87015,34.41968333,22,NA,NA,NA,1,"Reef edge",NA
194,"A3A4","Modern","Egypt","El Quseir","Mangrove Bay","23/10/2023",25.87015,34.41968333,13,NA,NA,NA,1,"Reef edge",NA
195,"A3A4","Modern","Egypt","El Quseir","Mangrove Bay","23/10/2023",25.87015,34.41968333,20,NA,NA,NA,1,"Reef edge",NA
195,"A3A4","Modern","Egypt","El Quseir","Mangrove Bay","23/10/2023",25.87015,34.41968333,20,NA,NA,NA,1,"Reef edge",NA
196,"A3A4","Modern","Egypt","El Quseir","Mangrove Bay","23/10/2023",25.87015,34.41968333,24,NA,NA,NA,1,"Reef edge",NA
197,"A3A4","Modern","Egypt","El Quseir","Mangrove Bay","23/10/2023",25.87015,34.41968333,30,NA,NA,NA,1,"Reef edge",NA
197,"A3A4","Modern","Egypt","El Quseir","Mangrove Bay","23/10/2023",25.87015,34.41968333,30,NA,NA,NA,1,"Reef edge",NA
198,"A3A4","Modern","Egypt","El Quseir","Mangrove Bay","23/10/2023",25.87015,34.41968333,50,NA,NA,NA,1,"Reef edge",NA
199,"A3A4","Modern","Egypt","El Quseir","Mangrove Bay","23/10/2023",25.87015,34.41968333,70,NA,NA,NA,1,"Reef edge",NA
200,"A3A4","Modern","Egypt","El Quseir","Mangrove Bay","23/10/2023",25.87015,34.41968333,25,NA,NA,NA,1,"Reef edge",NA
201,"A3A4","Modern","Egypt","El Quseir","Mangrove Bay","23/10/2023",25.87015,34.41968333,130,NA,NA,NA,1,"Reef edge",NA
202,"A3A4","Modern","Egypt","El Quseir","Mangrove Bay","23/10/2023",25.87015,34.41968333,4,NA,NA,NA,1,"Reef edge",NA
202,"A3A4","Modern","Egypt","El Quseir","Mangrove Bay","23/10/2023",25.87015,34.41968333,4,NA,NA,NA,1,"Reef edge",NA
203,"A3A4","Modern","Egypt","El Quseir","Mangrove Bay","23/10/2023",25.87015,34.41968333,32,NA,NA,NA,1,"Reef edge",NA
204,"A3A4","Modern","Egypt","El Quseir","Mangrove Bay","23/10/2023",25.87015,34.41968333,2,NA,NA,NA,1,"Reef edge",NA
205,"A3A4","Modern","Egypt","El Quseir","Mangrove Bay","23/10/2023",25.87015,34.41968333,2,NA,NA,NA,1,"Reef edge",NA
206,"A5A6","Modern","Egypt","El Quseir","Mangrove Bay","24/10/2023",25.87015,34.41968333,11,"Acropora","sp.",205469,1,"Reef edge","ACB"
207,"A5A6","Modern","Egypt","El Quseir","Mangrove Bay","24/10/2023",25.87015,34.41968333,6,"Acropora","sp.",205469,1,"Reef edge","ACB"
208,"A5A6","Modern","Egypt","El Quseir","Mangrove Bay","24/10/2023",25.87015,34.41968333,14,NA,NA,NA,1,"Reef edge",NA
209,"A5A6","Modern","Egypt","El Quseir","Mangrove Bay","24/10/2023",25.87015,34.41968333,12,NA,NA,NA,1,"Reef edge",NA
209,"A5A6","Modern","Egypt","El Quseir","Mangrove Bay","24/10/2023",25.87015,34.41968333,12,NA,NA,NA,1,"Reef edge",NA
210,"A5A6","Modern","Egypt","El Quseir","Mangrove Bay","24/10/2023",25.87015,34.41968333,28,NA,NA,NA,1,"Reef edge",NA
211,"A5A6","Modern","Egypt","El Quseir","Mangrove Bay","24/10/2023",25.87015,34.41968333,7,NA,NA,NA,1,"Reef edge",NA
211,"A5A6","Modern","Egypt","El Quseir","Mangrove Bay","24/10/2023",25.87015,34.41968333,7,NA,NA,NA,1,"Reef edge",NA
212,"A5A6","Modern","Egypt","El Quseir","Mangrove Bay","24/10/2023",25.87015,34.41968333,3,NA,NA,NA,1,"Reef edge",NA
213,"A5A6","Modern","Egypt","El Quseir","Mangrove Bay","24/10/2023",25.87015,34.41968333,19,NA,NA,NA,1,"Reef edge",NA
214,"A5A6","Modern","Egypt","El Quseir","Mangrove Bay","24/10/2023",25.87015,34.41968333,5,NA,NA,NA,1,"Reef edge",NA
214,"A5A6","Modern","Egypt","El Quseir","Mangrove Bay","24/10/2023",25.87015,34.41968333,5,NA,NA,NA,1,"Reef edge",NA
215,"A5A6","Modern","Egypt","El Quseir","Mangrove Bay","24/10/2023",25.87015,34.41968333,27,NA,NA,NA,1,"Reef edge",NA
215,"A5A6","Modern","Egypt","El Quseir","Mangrove Bay","24/10/2023",25.87015,34.41968333,27,NA,NA,NA,1,"Reef edge",NA
216,"A5A6","Modern","Egypt","El Quseir","Mangrove Bay","24/10/2023",25.87015,34.41968333,9,NA,NA,NA,1,"Reef edge",NA
216,"A5A6","Modern","Egypt","El Quseir","Mangrove Bay","24/10/2023",25.87015,34.41968333,9,NA,NA,NA,1,"Reef edge",NA
217,"A5A6","Modern","Egypt","El Quseir","Mangrove Bay","24/10/2023",25.87015,34.41968333,35,NA,NA,NA,1,"Reef edge",NA
217,"A5A6","Modern","Egypt","El Quseir","Mangrove Bay","24/10/2023",25.87015,34.41968333,35,NA,NA,NA,1,"Reef edge",NA
218,"A5A6","Modern","Egypt","El Quseir","Mangrove Bay","24/10/2023",25.87015,34.41968333,4,NA,NA,NA,1,"Reef edge",NA
218,"A5A6","Modern","Egypt","El Quseir","Mangrove Bay","24/10/2023",25.87015,34.41968333,4,NA,NA,NA,1,"Reef edge",NA
219,"A5A6","Modern","Egypt","El Quseir","Mangrove Bay","24/10/2023",25.87015,34.41968333,16,NA,NA,NA,1,"Reef edge",NA
220,"A5A6","Modern","Egypt","El Quseir","Mangrove Bay","24/10/2023",25.87015,34.41968333,14,NA,NA,NA,1,"Reef edge",NA
221,"A5A6","Modern","Egypt","El Quseir","Mangrove Bay","24/10/2023",25.87015,34.41968333,10,NA,NA,NA,1,"Reef edge",NA
221,"A5A6","Modern","Egypt","El Quseir","Mangrove Bay","24/10/2023",25.87015,34.41968333,10,NA,NA,NA,1,"Reef edge",NA
222,"A5A6","Modern","Egypt","El Quseir","Mangrove Bay","24/10/2023",25.87015,34.41968333,9,NA,NA,NA,1,"Reef edge",NA
222,"A5A6","Modern","Egypt","El Quseir","Mangrove Bay","24/10/2023",25.87015,34.41968333,9,NA,NA,NA,1,"Reef edge",NA
223,"A5A6","Modern","Egypt","El Quseir","Mangrove Bay","24/10/2023",25.87015,34.41968333,32,NA,NA,NA,1,"Reef edge",NA
223,"A5A6","Modern","Egypt","El Quseir","Mangrove Bay","24/10/2023",25.87015,34.41968333,32,NA,NA,NA,1,"Reef edge",NA
224,"A5A6","Modern","Egypt","El Quseir","Mangrove Bay","24/10/2023",25.87015,34.41968333,10,NA,NA,NA,1,"Reef edge",NA
224,"A5A6","Modern","Egypt","El Quseir","Mangrove Bay","24/10/2023",25.87015,34.41968333,10,NA,NA,NA,1,"Reef edge",NA
225,"A5A6","Modern","Egypt","El Quseir","Mangrove Bay","24/10/2023",25.87015,34.41968333,66,NA,NA,NA,1,"Reef edge",NA
226,"A5A6","Modern","Egypt","El Quseir","Mangrove Bay","24/10/2023",25.87015,34.41968333,6,NA,NA,NA,1,"Reef edge",NA
227,"A5A6","Modern","Egypt","El Quseir","Mangrove Bay","24/10/2023",25.87015,34.41968333,4,NA,NA,NA,1,"Reef edge",NA
227,"A5A6","Modern","Egypt","El Quseir","Mangrove Bay","24/10/2023",25.87015,34.41968333,4,NA,NA,NA,1,"Reef edge",NA
228,"A5A6","Modern","Egypt","El Quseir","Mangrove Bay","24/10/2023",25.87015,34.41968333,22,NA,NA,NA,1,"Reef edge",NA
228,"A5A6","Modern","Egypt","El Quseir","Mangrove Bay","24/10/2023",25.87015,34.41968333,22,NA,NA,NA,1,"Reef edge",NA
229,"A5A6","Modern","Egypt","El Quseir","Mangrove Bay","24/10/2023",25.87015,34.41968333,8,NA,NA,NA,1,"Reef edge",NA
229,"A5A6","Modern","Egypt","El Quseir","Mangrove Bay","24/10/2023",25.87015,34.41968333,8,NA,NA,NA,1,"Reef edge",NA
230,"A5A6","Modern","Egypt","El Quseir","Mangrove Bay","24/10/2023",25.87015,34.41968333,8,NA,NA,NA,1,"Reef edge",NA
230,"A5A6","Modern","Egypt","El Quseir","Mangrove Bay","24/10/2023",25.87015,34.41968333,8,NA,NA,NA,1,"Reef edge",NA
231,"A5A6","Modern","Egypt","El Quseir","Mangrove Bay","24/10/2023",25.87015,34.41968333,5,NA,NA,NA,1,"Reef edge",NA
231,"A5A6","Modern","Egypt","El Quseir","Mangrove Bay","24/10/2023",25.87015,34.41968333,5,NA,NA,NA,1,"Reef edge",NA
232,"A5A6","Modern","Egypt","El Quseir","Mangrove Bay","24/10/2023",25.87015,34.41968333,15,NA,NA,NA,1,"Reef edge",NA
233,"A5A6","Modern","Egypt","El Quseir","Mangrove Bay","24/10/2023",25.87015,34.41968333,6,NA,NA,NA,1,"Reef edge",NA
234,"A5A6","Modern","Egypt","El Quseir","Mangrove Bay","24/10/2023",25.87015,34.41968333,60,NA,NA,NA,1,"Reef edge",NA
235,"A5A6","Modern","Egypt","El Quseir","Mangrove Bay","24/10/2023",25.87015,34.41968333,3,NA,NA,NA,1,"Reef edge",NA
236,"A5A6","Modern","Egypt","El Quseir","Mangrove Bay","24/10/2023",25.87015,34.41968333,6,NA,NA,NA,1,"Reef edge",NA
237,"A5A6","Modern","Egypt","El Quseir","Mangrove Bay","24/10/2023",25.87015,34.41968333,47,NA,NA,NA,1,"Reef edge",NA
238,"A5A6","Modern","Egypt","El Quseir","Mangrove Bay","24/10/2023",25.87015,34.41968333,32,NA,NA,NA,1,"Reef edge",NA
238,"A5A6","Modern","Egypt","El Quseir","Mangrove Bay","24/10/2023",25.87015,34.41968333,32,NA,NA,NA,1,"Reef edge",NA
239,"A5A6","Modern","Egypt","El Quseir","Mangrove Bay","24/10/2023",25.87015,34.41968333,19,NA,NA,NA,1,"Reef edge",NA
240,"A5A6","Modern","Egypt","El Quseir","Mangrove Bay","24/10/2023",25.87015,34.41968333,28,NA,NA,NA,1,"Reef edge",NA
241,"A5A6","Modern","Egypt","El Quseir","Mangrove Bay","24/10/2023",25.87015,34.41968333,4,NA,NA,NA,1,"Reef edge",NA
241,"A5A6","Modern","Egypt","El Quseir","Mangrove Bay","24/10/2023",25.87015,34.41968333,4,NA,NA,NA,1,"Reef edge",NA
242,"A5A6","Modern","Egypt","El Quseir","Mangrove Bay","24/10/2023",25.87015,34.41968333,6,NA,NA,NA,1,"Reef edge",NA
243,"A5A6","Modern","Egypt","El Quseir","Mangrove Bay","24/10/2023",25.87015,34.41968333,16,NA,NA,NA,1,"Reef edge",NA
244,"A5A6","Modern","Egypt","El Quseir","Mangrove Bay","24/10/2023",25.87015,34.41968333,16,"Pocillopora","verrucosa",206954,1,"Reef edge","CB"
245,"A5A6","Modern","Egypt","El Quseir","Mangrove Bay","24/10/2023",25.87015,34.41968333,12,"Pocillopora","verrucosa",206954,1,"Reef edge","CB"
246,"A5A6","Modern","Egypt","El Quseir","Mangrove Bay","24/10/2023",25.87015,34.41968333,9,"Pocillopora","verrucosa",206954,1,"Reef edge","CB"
247,"A5A6","Modern","Egypt","El Quseir","Mangrove Bay","24/10/2023",25.87015,34.41968333,13,"Pocillopora","verrucosa",206954,1,"Reef edge","CB"
248,"A5A6","Modern","Egypt","El Quseir","Mangrove Bay","24/10/2023",25.87015,34.41968333,3,"Pocillopora","verrucosa",206954,1,"Reef edge","CB"
249,"A5A6","Modern","Egypt","El Quseir","Mangrove Bay","24/10/2023",25.87015,34.41968333,30,"Pocillopora","verrucosa",206954,1,"Reef edge","CB"
250,"A5A6","Modern","Egypt","El Quseir","Mangrove Bay","24/10/2023",25.87015,34.41968333,15,"Pocillopora","verrucosa",206954,1,"Reef edge","CB"
251,"A5A6","Modern","Egypt","El Quseir","Mangrove Bay","24/10/2023",25.87015,34.41968333,13,"Pocillopora","verrucosa",206954,1,"Reef edge","CB"
252,"A5A6","Modern","Egypt","El Quseir","Mangrove Bay","24/10/2023",25.87015,34.41968333,8,"Pocillopora","verrucosa",206954,1,"Reef edge","CB"
253,"A5A6","Modern","Egypt","El Quseir","Mangrove Bay","24/10/2023",25.87015,34.41968333,25,"Pocillopora","verrucosa",206954,1,"Reef edge","CB"
254,"A5A6","Modern","Egypt","El Quseir","Mangrove Bay","24/10/2023",25.87015,34.41968333,7,"Pocillopora","verrucosa",206954,1,"Reef edge","CB"
255,"A5A6","Modern","Egypt","El Quseir","Mangrove Bay","24/10/2023",25.87015,34.41968333,15,"Pocillopora","verrucosa",206954,1,"Reef edge","CB"
256,"A5A6","Modern","Egypt","El Quseir","Mangrove Bay","24/10/2023",25.87015,34.41968333,8,"Pocillopora","verrucosa",206954,1,"Reef edge","CB"
257,"A5A6","Modern","Egypt","El Quseir","Mangrove Bay","24/10/2023",25.87015,34.41968333,11,"Pocillopora","verrucosa",206954,1,"Reef edge","CB"
258,"A5A6","Modern","Egypt","El Quseir","Mangrove Bay","24/10/2023",25.87015,34.41968333,15,"Pocillopora","verrucosa",206954,1,"Reef edge","CB"
259,"A5A6","Modern","Egypt","El Quseir","Mangrove Bay","24/10/2023",25.87015,34.41968333,8,"Pocillopora","verrucosa",206954,1,"Reef edge","CB"
260,"A5A6","Modern","Egypt","El Quseir","Mangrove Bay","24/10/2023",25.87015,34.41968333,20,"Pocillopora","verrucosa",206954,1,"Reef edge","CB"
261,"A5A6","Modern","Egypt","El Quseir","Mangrove Bay","24/10/2023",25.87015,34.41968333,12,"Pocillopora","verrucosa",206954,1,"Reef edge","CB"
262,"A5A6","Modern","Egypt","El Quseir","Mangrove Bay","24/10/2023",25.87015,34.41968333,15,"Pocillopora","verrucosa",206954,1,"Reef edge","CB"
263,"A5A6","Modern","Egypt","El Quseir","Mangrove Bay","24/10/2023",25.87015,34.41968333,19,"Stylophora","subseriata",206980,1,"Reef edge","CB"
264,"A5A6","Modern","Egypt","El Quseir","Mangrove Bay","24/10/2023",25.87015,34.41968333,14,"Stylophora","subseriata",206980,1,"Reef edge","CB"
265,"A5A6","Modern","Egypt","El Quseir","Mangrove Bay","24/10/2023",25.87015,34.41968333,12,"Pocillopora","verrucosa",206954,1,"Reef edge","CB"
266,"A5A6","Modern","Egypt","El Quseir","Mangrove Bay","24/10/2023",25.87015,34.41968333,3,"Montipora","tuberculosa",207156,1,"Reef edge","CE"
267,"A5A6","Modern","Egypt","El Quseir","Mangrove Bay","24/10/2023",25.87015,34.41968333,7,"Montipora","tuberculosa",207156,1,"Reef edge","CE"
268,"A5A6","Modern","Egypt","El Quseir","Mangrove Bay","24/10/2023",25.87015,34.41968333,4,"Montipora","tuberculosa",207156,1,"Reef edge","CE"
269,"A5A6","Modern","Egypt","El Quseir","Mangrove Bay","24/10/2023",25.87015,34.41968333,3,"Porites","sp.",206485,1,"Reef edge","CS"
269,"A5A6","Modern","Egypt","El Quseir","Mangrove Bay","24/10/2023",25.87015,34.41968333,3,"Porites","sp.",206485,1,"Reef edge","CM"
270,"A5A6","Modern","Egypt","El Quseir","Mangrove Bay","24/10/2023",25.87015,34.41968333,7,"Porites","sp.",206485,1,"Reef edge","CS"
270,"A5A6","Modern","Egypt","El Quseir","Mangrove Bay","24/10/2023",25.87015,34.41968333,7,"Porites","sp.",206485,1,"Reef edge","CM"
271,"A5A6","Modern","Egypt","El Quseir","Mangrove Bay","24/10/2023",25.87015,34.41968333,15,"Millepora","dichotoma",210733,1,"Reef edge","CME"
272,"A5A6","Modern","Egypt","El Quseir","Mangrove Bay","24/10/2023",25.87015,34.41968333,82,"Millepora","dichotoma",210733,1,"Reef edge","CME"
273,"A5A6","Modern","Egypt","El Quseir","Mangrove Bay","24/10/2023",25.87015,34.41968333,80,"Millepora","dichotoma",210733,1,"Reef edge","CME"
274,"A5A6","Modern","Egypt","El Quseir","Mangrove Bay","24/10/2023",25.87015,34.41968333,42,"Millepora","dichotoma",210733,1,"Reef edge","CME"
275,"A5A6","Modern","Egypt","El Quseir","Mangrove Bay","24/10/2023",25.87015,34.41968333,2,"Millepora","exaesa",210728,1,"Reef edge","CME"
276,"A5A6","Modern","Egypt","El Quseir","Mangrove Bay","24/10/2023",25.87015,34.41968333,49,"Millepora","dichotoma",210733,1,"Reef edge","CME"
277,"A5A6","Modern","Egypt","El Quseir","Mangrove Bay","24/10/2023",25.87015,34.41968333,8,"Porites","sp.",206485,1,"Reef edge","CS"
278,"A5A6","Modern","Egypt","El Quseir","Mangrove Bay","24/10/2023",25.87015,34.41968333,7,"Porites","sp.",206485,1,"Reef edge","CS"
278,"A5A6","Modern","Egypt","El Quseir","Mangrove Bay","24/10/2023",25.87015,34.41968333,7,"Porites","sp.",206485,1,"Reef edge","CM"
279,"A5A6","Modern","Egypt","El Quseir","Mangrove Bay","24/10/2023",25.87015,34.41968333,3,"Porites","sp.",206485,1,"Reef edge","CS"
279,"A5A6","Modern","Egypt","El Quseir","Mangrove Bay","24/10/2023",25.87015,34.41968333,3,"Porites","sp.",206485,1,"Reef edge","CM"
280,"A5A6","Modern","Egypt","El Quseir","Mangrove Bay","24/10/2023",25.87015,34.41968333,33,"Porites","sp.",206485,1,"Reef edge","CS"
281,"A5A6","Modern","Egypt","El Quseir","Mangrove Bay","24/10/2023",25.87015,34.41968333,7,"Porites","sp.",206485,1,"Reef edge","CS"
281,"A5A6","Modern","Egypt","El Quseir","Mangrove Bay","24/10/2023",25.87015,34.41968333,7,"Porites","sp.",206485,1,"Reef edge","CM"
282,"A5A6","Modern","Egypt","El Quseir","Mangrove Bay","24/10/2023",25.87015,34.41968333,5,"Porites","sp.",206485,1,"Reef edge","CS"
283,"A5A6","Modern","Egypt","El Quseir","Mangrove Bay","24/10/2023",25.87015,34.41968333,4,"Porites","sp.",206485,1,"Reef edge","CS"
284,"A5A6","Modern","Egypt","El Quseir","Mangrove Bay","24/10/2023",25.87015,34.41968333,6,"Porites","sp.",206485,1,"Reef edge","CS"
285,"A5A6","Modern","Egypt","El Quseir","Mangrove Bay","24/10/2023",25.87015,34.41968333,3,"Dipsastraea","pallida",758233,1,"Reef edge","CS"
286,"A5A6","Modern","Egypt","El Quseir","Mangrove Bay","24/10/2023",25.87015,34.41968333,4,"Favites","abdita",207449,1,"Reef edge","CS"
287,"A5A6","Modern","Egypt","El Quseir","Mangrove Bay","24/10/2023",25.87015,34.41968333,9,"Porites","rus",207231,1,"Reef edge","CS"
288,"A5A6","Modern","Egypt","El Quseir","Mangrove Bay","24/10/2023",25.87015,34.41968333,3,"Porites","sp.",206485,1,"Reef edge","CS"
288,"A5A6","Modern","Egypt","El Quseir","Mangrove Bay","24/10/2023",25.87015,34.41968333,3,"Porites","sp.",206485,1,"Reef edge","CM"
289,"A5A6","Modern","Egypt","El Quseir","Mangrove Bay","24/10/2023",25.87015,34.41968333,8,"Porites","sp.",206485,1,"Reef edge","CS"
290,"A5A6","Modern","Egypt","El Quseir","Mangrove Bay","24/10/2023",25.87015,34.41968333,4,"Goniastrea","edwardsi",207466,1,"Reef edge","CS"
291,"A5A6","Modern","Egypt","El Quseir","Mangrove Bay","24/10/2023",25.87015,34.41968333,8,"Porites","sp.",206485,1,"Reef edge","CS"
292,"A5A6","Modern","Egypt","El Quseir","Mangrove Bay","24/10/2023",25.87015,34.41968333,13,"Goniastrea","stelligera",763067,1,"Reef edge","CS"
293,"A5A6","Modern","Egypt","El Quseir","Mangrove Bay","24/10/2023",25.87015,34.41968333,11,"Goniastrea","stelligera",763067,1,"Reef edge","CS"
294,"A5A6","Modern","Egypt","El Quseir","Mangrove Bay","24/10/2023",25.87015,34.41968333,8,"Goniastrea","edwardsi",207466,1,"Reef edge","CS"
295,"A5A6","Modern","Egypt","El Quseir","Mangrove Bay","24/10/2023",25.87015,34.41968333,1,"Dipsastraea","matthai",758240,1,"Reef edge","CS"
296,"A5A6","Modern","Egypt","El Quseir","Mangrove Bay","24/10/2023",25.87015,34.41968333,15,"Dipsastraea","matthai",758240,1,"Reef edge","CS"
297,"A5A6","Modern","Egypt","El Quseir","Mangrove Bay","24/10/2023",25.87015,34.41968333,9,"Tridacna","maxima",207675,1,"Reef edge","MOLL"
298,"A5A6","Modern","Egypt","El Quseir","Mangrove Bay","24/10/2023",25.87015,34.41968333,5,NA,NA,NA,1,"Reef edge",NA
298,"A5A6","Modern","Egypt","El Quseir","Mangrove Bay","24/10/2023",25.87015,34.41968333,5,NA,NA,NA,1,"Reef edge",NA
299,"A5A6","Modern","Egypt","El Quseir","Mangrove Bay","24/10/2023",25.87015,34.41968333,22,NA,NA,NA,1,"Reef edge",NA
299,"A5A6","Modern","Egypt","El Quseir","Mangrove Bay","24/10/2023",25.87015,34.41968333,22,NA,NA,NA,1,"Reef edge",NA
300,"A5A6","Modern","Egypt","El Quseir","Mangrove Bay","24/10/2023",25.87015,34.41968333,35,NA,NA,NA,1,"Reef edge",NA
300,"A5A6","Modern","Egypt","El Quseir","Mangrove Bay","24/10/2023",25.87015,34.41968333,35,NA,NA,NA,1,"Reef edge",NA
301,"A5A6","Modern","Egypt","El Quseir","Mangrove Bay","24/10/2023",25.87015,34.41968333,9,NA,NA,NA,1,"Reef edge",NA
301,"A5A6","Modern","Egypt","El Quseir","Mangrove Bay","24/10/2023",25.87015,34.41968333,9,NA,NA,NA,1,"Reef edge",NA
302,"A5A6","Modern","Egypt","El Quseir","Mangrove Bay","24/10/2023",25.87015,34.41968333,4,NA,NA,NA,1,"Reef edge",NA
302,"A5A6","Modern","Egypt","El Quseir","Mangrove Bay","24/10/2023",25.87015,34.41968333,4,NA,NA,NA,1,"Reef edge",NA
303,"A5A6","Modern","Egypt","El Quseir","Mangrove Bay","24/10/2023",25.87015,34.41968333,8,NA,NA,NA,1,"Reef edge",NA
303,"A5A6","Modern","Egypt","El Quseir","Mangrove Bay","24/10/2023",25.87015,34.41968333,8,NA,NA,NA,1,"Reef edge",NA
304,"A5A6","Modern","Egypt","El Quseir","Mangrove Bay","24/10/2023",25.87015,34.41968333,12,NA,NA,NA,1,"Reef edge",NA
304,"A5A6","Modern","Egypt","El Quseir","Mangrove Bay","24/10/2023",25.87015,34.41968333,12,NA,NA,NA,1,"Reef edge",NA
305,"A5A6","Modern","Egypt","El Quseir","Mangrove Bay","24/10/2023",25.87015,34.41968333,27,NA,NA,NA,1,"Reef edge",NA
305,"A5A6","Modern","Egypt","El Quseir","Mangrove Bay","24/10/2023",25.87015,34.41968333,27,NA,NA,NA,1,"Reef edge",NA
306,"A5A6","Modern","Egypt","El Quseir","Mangrove Bay","24/10/2023",25.87015,34.41968333,18,NA,NA,NA,1,"Reef edge",NA
307,"A5A6","Modern","Egypt","El Quseir","Mangrove Bay","24/10/2023",25.87015,34.41968333,61,NA,NA,NA,1,"Reef edge",NA
308,"A5A6","Modern","Egypt","El Quseir","Mangrove Bay","24/10/2023",25.87015,34.41968333,9,NA,NA,NA,1,"Reef edge",NA
308,"A5A6","Modern","Egypt","El Quseir","Mangrove Bay","24/10/2023",25.87015,34.41968333,9,NA,NA,NA,1,"Reef edge",NA
309,"A5A6","Modern","Egypt","El Quseir","Mangrove Bay","24/10/2023",25.87015,34.41968333,42,NA,NA,NA,1,"Reef edge",NA
310,"A5A6","Modern","Egypt","El Quseir","Mangrove Bay","24/10/2023",25.87015,34.41968333,32,NA,NA,NA,1,"Reef edge",NA
310,"A5A6","Modern","Egypt","El Quseir","Mangrove Bay","24/10/2023",25.87015,34.41968333,32,NA,NA,NA,1,"Reef edge",NA
311,"A5A6","Modern","Egypt","El Quseir","Mangrove Bay","24/10/2023",25.87015,34.41968333,8,NA,NA,NA,1,"Reef edge",NA
311,"A5A6","Modern","Egypt","El Quseir","Mangrove Bay","24/10/2023",25.87015,34.41968333,8,NA,NA,NA,1,"Reef edge",NA
312,"A5A6","Modern","Egypt","El Quseir","Mangrove Bay","24/10/2023",25.87015,34.41968333,10,NA,NA,NA,1,"Reef edge",NA
312,"A5A6","Modern","Egypt","El Quseir","Mangrove Bay","24/10/2023",25.87015,34.41968333,10,NA,NA,NA,1,"Reef edge",NA
313,"A5A6","Modern","Egypt","El Quseir","Mangrove Bay","24/10/2023",25.87015,34.41968333,5,NA,NA,NA,1,"Reef edge",NA
313,"A5A6","Modern","Egypt","El Quseir","Mangrove Bay","24/10/2023",25.87015,34.41968333,5,NA,NA,NA,1,"Reef edge",NA
314,"A5A6","Modern","Egypt","El Quseir","Mangrove Bay","24/10/2023",25.87015,34.41968333,10,NA,NA,NA,1,"Reef edge",NA
314,"A5A6","Modern","Egypt","El Quseir","Mangrove Bay","24/10/2023",25.87015,34.41968333,10,NA,NA,NA,1,"Reef edge",NA
315,"A5A6","Modern","Egypt","El Quseir","Mangrove Bay","24/10/2023",25.87015,34.41968333,11,NA,NA,NA,1,"Reef edge",NA
316,"A5A6","Modern","Egypt","El Quseir","Mangrove Bay","24/10/2023",25.87015,34.41968333,18,NA,NA,NA,1,"Reef edge",NA
317,"A5A6","Modern","Egypt","El Quseir","Mangrove Bay","24/10/2023",25.87015,34.41968333,18,NA,NA,NA,1,"Reef edge",NA
318,"A5A6","Modern","Egypt","El Quseir","Mangrove Bay","24/10/2023",25.87015,34.41968333,22,NA,NA,NA,1,"Reef edge",NA
318,"A5A6","Modern","Egypt","El Quseir","Mangrove Bay","24/10/2023",25.87015,34.41968333,22,NA,NA,NA,1,"Reef edge",NA
319,"A5A6","Modern","Egypt","El Quseir","Mangrove Bay","24/10/2023",25.87015,34.41968333,9,NA,NA,NA,1,"Reef edge",NA
319,"A5A6","Modern","Egypt","El Quseir","Mangrove Bay","24/10/2023",25.87015,34.41968333,9,NA,NA,NA,1,"Reef edge",NA
320,"A5A6","Modern","Egypt","El Quseir","Mangrove Bay","24/10/2023",25.87015,34.41968333,43,NA,NA,NA,1,"Reef edge",NA
321,"A5A6","Modern","Egypt","El Quseir","Mangrove Bay","24/10/2023",25.87015,34.41968333,22,NA,NA,NA,1,"Reef edge",NA
321,"A5A6","Modern","Egypt","El Quseir","Mangrove Bay","24/10/2023",25.87015,34.41968333,22,NA,NA,NA,1,"Reef edge",NA
322,"A5A6","Modern","Egypt","El Quseir","Mangrove Bay","24/10/2023",25.87015,34.41968333,11,NA,NA,NA,1,"Reef edge",NA
323,"A5A6","Modern","Egypt","El Quseir","Mangrove Bay","24/10/2023",25.87015,34.41968333,7,NA,NA,NA,1,"Reef edge",NA
323,"A5A6","Modern","Egypt","El Quseir","Mangrove Bay","24/10/2023",25.87015,34.41968333,7,NA,NA,NA,1,"Reef edge",NA
324,"A5A6","Modern","Egypt","El Quseir","Mangrove Bay","24/10/2023",25.87015,34.41968333,43,NA,NA,NA,1,"Reef edge",NA
325,"A5A6","Modern","Egypt","El Quseir","Mangrove Bay","24/10/2023",25.87015,34.41968333,17,NA,NA,NA,1,"Reef edge",NA
326,"A5A6","Modern","Egypt","El Quseir","Mangrove Bay","24/10/2023",25.87015,34.41968333,25,NA,NA,NA,1,"Reef edge",NA
327,"A5A6","Modern","Egypt","El Quseir","Mangrove Bay","24/10/2023",25.87015,34.41968333,11,NA,NA,NA,1,"Reef edge",NA
328,"A5A6","Modern","Egypt","El Quseir","Mangrove Bay","24/10/2023",25.87015,34.41968333,10,NA,NA,NA,1,"Reef edge",NA
328,"A5A6","Modern","Egypt","El Quseir","Mangrove Bay","24/10/2023",25.87015,34.41968333,10,NA,NA,NA,1,"Reef edge",NA
329,"A5A6","Modern","Egypt","El Quseir","Mangrove Bay","24/10/2023",25.87015,34.41968333,17,NA,NA,NA,1,"Reef edge",NA
330,"A5A6","Modern","Egypt","El Quseir","Mangrove Bay","24/10/2023",25.87015,34.41968333,46,NA,NA,NA,1,"Reef edge",NA
331,"A5A6","Modern","Egypt","El Quseir","Mangrove Bay","24/10/2023",25.87015,34.41968333,22,NA,NA,NA,1,"Reef edge",NA
331,"A5A6","Modern","Egypt","El Quseir","Mangrove Bay","24/10/2023",25.87015,34.41968333,22,NA,NA,NA,1,"Reef edge",NA
332,"B1B2","Modern","Egypt","El Quseir","Mangrove Bay","22/10/2023",25.87015,34.41968333,27,NA,NA,NA,4.3,"Shallow reef slope",NA
332,"B1B2","Modern","Egypt","El Quseir","Mangrove Bay","22/10/2023",25.87015,34.41968333,27,NA,NA,NA,4.3,"Shallow reef slope",NA
333,"B1B2","Modern","Egypt","El Quseir","Mangrove Bay","22/10/2023",25.87015,34.41968333,16,NA,NA,NA,4.3,"Shallow reef slope",NA
334,"B1B2","Modern","Egypt","El Quseir","Mangrove Bay","22/10/2023",25.87015,34.41968333,18,NA,NA,NA,4.3,"Shallow reef slope",NA
334,"B1B2","Modern","Egypt","El Quseir","Mangrove Bay","22/10/2023",25.87015,34.41968333,18,NA,NA,NA,4.3,"Shallow reef slope",NA
335,"B1B2","Modern","Egypt","El Quseir","Mangrove Bay","22/10/2023",25.87015,34.41968333,8,NA,NA,NA,4.3,"Shallow reef slope",NA
335,"B1B2","Modern","Egypt","El Quseir","Mangrove Bay","22/10/2023",25.87015,34.41968333,8,NA,NA,NA,4.3,"Shallow reef slope",NA
335,"B1B2","Modern","Egypt","El Quseir","Mangrove Bay","22/10/2023",25.87015,34.41968333,8,NA,NA,NA,4.3,"Shallow reef slope",NA
335,"B1B2","Modern","Egypt","El Quseir","Mangrove Bay","22/10/2023",25.87015,34.41968333,8,NA,NA,NA,4.3,"Shallow reef slope",NA
335,"B1B2","Modern","Egypt","El Quseir","Mangrove Bay","22/10/2023",25.87015,34.41968333,8,NA,NA,NA,4.3,"Shallow reef slope",NA
336,"B1B2","Modern","Egypt","El Quseir","Mangrove Bay","22/10/2023",25.87015,34.41968333,9,NA,NA,NA,4.3,"Shallow reef slope",NA
336,"B1B2","Modern","Egypt","El Quseir","Mangrove Bay","22/10/2023",25.87015,34.41968333,9,NA,NA,NA,4.3,"Shallow reef slope",NA
336,"B1B2","Modern","Egypt","El Quseir","Mangrove Bay","22/10/2023",25.87015,34.41968333,9,NA,NA,NA,4.3,"Shallow reef slope",NA
336,"B1B2","Modern","Egypt","El Quseir","Mangrove Bay","22/10/2023",25.87015,34.41968333,9,NA,NA,NA,4.3,"Shallow reef slope",NA
337,"B1B2","Modern","Egypt","El Quseir","Mangrove Bay","22/10/2023",25.87015,34.41968333,10,NA,NA,NA,4.3,"Shallow reef slope",NA
337,"B1B2","Modern","Egypt","El Quseir","Mangrove Bay","22/10/2023",25.87015,34.41968333,10,NA,NA,NA,4.3,"Shallow reef slope",NA
337,"B1B2","Modern","Egypt","El Quseir","Mangrove Bay","22/10/2023",25.87015,34.41968333,10,NA,NA,NA,4.3,"Shallow reef slope",NA
338,"B1B2","Modern","Egypt","El Quseir","Mangrove Bay","22/10/2023",25.87015,34.41968333,14,NA,NA,NA,4.3,"Shallow reef slope",NA
338,"B1B2","Modern","Egypt","El Quseir","Mangrove Bay","22/10/2023",25.87015,34.41968333,14,NA,NA,NA,4.3,"Shallow reef slope",NA
338,"B1B2","Modern","Egypt","El Quseir","Mangrove Bay","22/10/2023",25.87015,34.41968333,14,NA,NA,NA,4.3,"Shallow reef slope",NA
339,"B1B2","Modern","Egypt","El Quseir","Mangrove Bay","22/10/2023",25.87015,34.41968333,27,NA,NA,NA,4.3,"Shallow reef slope",NA
339,"B1B2","Modern","Egypt","El Quseir","Mangrove Bay","22/10/2023",25.87015,34.41968333,27,NA,NA,NA,4.3,"Shallow reef slope",NA
340,"B1B2","Modern","Egypt","El Quseir","Mangrove Bay","22/10/2023",25.87015,34.41968333,22,NA,NA,NA,4.3,"Shallow reef slope",NA
341,"B1B2","Modern","Egypt","El Quseir","Mangrove Bay","22/10/2023",25.87015,34.41968333,11,NA,NA,NA,4.3,"Shallow reef slope",NA
341,"B1B2","Modern","Egypt","El Quseir","Mangrove Bay","22/10/2023",25.87015,34.41968333,11,NA,NA,NA,4.3,"Shallow reef slope",NA
342,"B1B2","Modern","Egypt","El Quseir","Mangrove Bay","22/10/2023",25.87015,34.41968333,15,NA,NA,NA,4.3,"Shallow reef slope",NA
342,"B1B2","Modern","Egypt","El Quseir","Mangrove Bay","22/10/2023",25.87015,34.41968333,15,NA,NA,NA,4.3,"Shallow reef slope",NA
343,"B1B2","Modern","Egypt","El Quseir","Mangrove Bay","22/10/2023",25.87015,34.41968333,52,NA,NA,NA,4.3,"Shallow reef slope",NA
344,"B1B2","Modern","Egypt","El Quseir","Mangrove Bay","22/10/2023",25.87015,34.41968333,2,NA,NA,NA,4.3,"Shallow reef slope",NA
344,"B1B2","Modern","Egypt","El Quseir","Mangrove Bay","22/10/2023",25.87015,34.41968333,2,NA,NA,NA,4.3,"Shallow reef slope",NA
344,"B1B2","Modern","Egypt","El Quseir","Mangrove Bay","22/10/2023",25.87015,34.41968333,2,NA,NA,NA,4.3,"Shallow reef slope",NA
344,"B1B2","Modern","Egypt","El Quseir","Mangrove Bay","22/10/2023",25.87015,34.41968333,2,NA,NA,NA,4.3,"Shallow reef slope",NA
345,"B1B2","Modern","Egypt","El Quseir","Mangrove Bay","22/10/2023",25.87015,34.41968333,2,NA,NA,NA,4.3,"Shallow reef slope",NA
345,"B1B2","Modern","Egypt","El Quseir","Mangrove Bay","22/10/2023",25.87015,34.41968333,2,NA,NA,NA,4.3,"Shallow reef slope",NA
345,"B1B2","Modern","Egypt","El Quseir","Mangrove Bay","22/10/2023",25.87015,34.41968333,2,NA,NA,NA,4.3,"Shallow reef slope",NA
345,"B1B2","Modern","Egypt","El Quseir","Mangrove Bay","22/10/2023",25.87015,34.41968333,2,NA,NA,NA,4.3,"Shallow reef slope",NA
346,"B1B2","Modern","Egypt","El Quseir","Mangrove Bay","22/10/2023",25.87015,34.41968333,26,NA,NA,NA,4.3,"Shallow reef slope",NA
346,"B1B2","Modern","Egypt","El Quseir","Mangrove Bay","22/10/2023",25.87015,34.41968333,26,NA,NA,NA,4.3,"Shallow reef slope",NA
347,"B1B2","Modern","Egypt","El Quseir","Mangrove Bay","22/10/2023",25.87015,34.41968333,42,NA,NA,NA,4.3,"Shallow reef slope",NA
348,"B1B2","Modern","Egypt","El Quseir","Mangrove Bay","22/10/2023",25.87015,34.41968333,19,NA,NA,NA,4.3,"Shallow reef slope",NA
348,"B1B2","Modern","Egypt","El Quseir","Mangrove Bay","22/10/2023",25.87015,34.41968333,19,NA,NA,NA,4.3,"Shallow reef slope",NA
349,"B1B2","Modern","Egypt","El Quseir","Mangrove Bay","22/10/2023",25.87015,34.41968333,8,NA,NA,NA,4.3,"Shallow reef slope",NA
349,"B1B2","Modern","Egypt","El Quseir","Mangrove Bay","22/10/2023",25.87015,34.41968333,8,NA,NA,NA,4.3,"Shallow reef slope",NA
349,"B1B2","Modern","Egypt","El Quseir","Mangrove Bay","22/10/2023",25.87015,34.41968333,8,NA,NA,NA,4.3,"Shallow reef slope",NA
349,"B1B2","Modern","Egypt","El Quseir","Mangrove Bay","22/10/2023",25.87015,34.41968333,8,NA,NA,NA,4.3,"Shallow reef slope",NA
349,"B1B2","Modern","Egypt","El Quseir","Mangrove Bay","22/10/2023",25.87015,34.41968333,8,NA,NA,NA,4.3,"Shallow reef slope",NA
350,"B1B2","Modern","Egypt","El Quseir","Mangrove Bay","22/10/2023",25.87015,34.41968333,6,"Acropora","sp.",205469,4.3,"Shallow reef slope","ACB"
351,"B1B2","Modern","Egypt","El Quseir","Mangrove Bay","22/10/2023",25.87015,34.41968333,7,"Acropora","sp.",205469,4.3,"Shallow reef slope","ACB"
352,"B1B2","Modern","Egypt","El Quseir","Mangrove Bay","22/10/2023",25.87015,34.41968333,23,"Acropora","sp.",205469,4.3,"Shallow reef slope","ACD"
353,"B1B2","Modern","Egypt","El Quseir","Mangrove Bay","22/10/2023",25.87015,34.41968333,24,"Acropora","sp.",205469,4.3,"Shallow reef slope","ACD"
354,"B1B2","Modern","Egypt","El Quseir","Mangrove Bay","22/10/2023",25.87015,34.41968333,7,NA,NA,NA,4.3,"Shallow reef slope",NA
354,"B1B2","Modern","Egypt","El Quseir","Mangrove Bay","22/10/2023",25.87015,34.41968333,7,NA,NA,NA,4.3,"Shallow reef slope",NA
354,"B1B2","Modern","Egypt","El Quseir","Mangrove Bay","22/10/2023",25.87015,34.41968333,7,NA,NA,NA,4.3,"Shallow reef slope",NA
355,"B1B2","Modern","Egypt","El Quseir","Mangrove Bay","22/10/2023",25.87015,34.41968333,2,NA,NA,NA,4.3,"Shallow reef slope",NA
355,"B1B2","Modern","Egypt","El Quseir","Mangrove Bay","22/10/2023",25.87015,34.41968333,2,NA,NA,NA,4.3,"Shallow reef slope",NA
355,"B1B2","Modern","Egypt","El Quseir","Mangrove Bay","22/10/2023",25.87015,34.41968333,2,NA,NA,NA,4.3,"Shallow reef slope",NA
355,"B1B2","Modern","Egypt","El Quseir","Mangrove Bay","22/10/2023",25.87015,34.41968333,2,NA,NA,NA,4.3,"Shallow reef slope",NA
356,"B1B2","Modern","Egypt","El Quseir","Mangrove Bay","22/10/2023",25.87015,34.41968333,12,NA,NA,NA,4.3,"Shallow reef slope",NA
357,"B1B2","Modern","Egypt","El Quseir","Mangrove Bay","22/10/2023",25.87015,34.41968333,14,NA,NA,NA,4.3,"Shallow reef slope",NA
357,"B1B2","Modern","Egypt","El Quseir","Mangrove Bay","22/10/2023",25.87015,34.41968333,14,NA,NA,NA,4.3,"Shallow reef slope",NA
357,"B1B2","Modern","Egypt","El Quseir","Mangrove Bay","22/10/2023",25.87015,34.41968333,14,NA,NA,NA,4.3,"Shallow reef slope",NA
358,"B1B2","Modern","Egypt","El Quseir","Mangrove Bay","22/10/2023",25.87015,34.41968333,4,NA,NA,NA,4.3,"Shallow reef slope",NA
358,"B1B2","Modern","Egypt","El Quseir","Mangrove Bay","22/10/2023",25.87015,34.41968333,4,NA,NA,NA,4.3,"Shallow reef slope",NA
358,"B1B2","Modern","Egypt","El Quseir","Mangrove Bay","22/10/2023",25.87015,34.41968333,4,NA,NA,NA,4.3,"Shallow reef slope",NA
359,"B1B2","Modern","Egypt","El Quseir","Mangrove Bay","22/10/2023",25.87015,34.41968333,8,NA,NA,NA,4.3,"Shallow reef slope",NA
359,"B1B2","Modern","Egypt","El Quseir","Mangrove Bay","22/10/2023",25.87015,34.41968333,8,NA,NA,NA,4.3,"Shallow reef slope",NA
359,"B1B2","Modern","Egypt","El Quseir","Mangrove Bay","22/10/2023",25.87015,34.41968333,8,NA,NA,NA,4.3,"Shallow reef slope",NA
359,"B1B2","Modern","Egypt","El Quseir","Mangrove Bay","22/10/2023",25.87015,34.41968333,8,NA,NA,NA,4.3,"Shallow reef slope",NA
359,"B1B2","Modern","Egypt","El Quseir","Mangrove Bay","22/10/2023",25.87015,34.41968333,8,NA,NA,NA,4.3,"Shallow reef slope",NA
360,"B1B2","Modern","Egypt","El Quseir","Mangrove Bay","22/10/2023",25.87015,34.41968333,9,NA,NA,NA,4.3,"Shallow reef slope",NA
360,"B1B2","Modern","Egypt","El Quseir","Mangrove Bay","22/10/2023",25.87015,34.41968333,9,NA,NA,NA,4.3,"Shallow reef slope",NA
360,"B1B2","Modern","Egypt","El Quseir","Mangrove Bay","22/10/2023",25.87015,34.41968333,9,NA,NA,NA,4.3,"Shallow reef slope",NA
360,"B1B2","Modern","Egypt","El Quseir","Mangrove Bay","22/10/2023",25.87015,34.41968333,9,NA,NA,NA,4.3,"Shallow reef slope",NA
361,"B1B2","Modern","Egypt","El Quseir","Mangrove Bay","22/10/2023",25.87015,34.41968333,20,"Pocillopora","verrucosa",206954,4.3,"Shallow reef slope","CB"
362,"B1B2","Modern","Egypt","El Quseir","Mangrove Bay","22/10/2023",25.87015,34.41968333,2,"Pocillopora","damicornis",206953,4.3,"Shallow reef slope","CB"
363,"B1B2","Modern","Egypt","El Quseir","Mangrove Bay","22/10/2023",25.87015,34.41968333,1,"Pocillopora","verrucosa",206954,4.3,"Shallow reef slope","CB"
364,"B1B2","Modern","Egypt","El Quseir","Mangrove Bay","22/10/2023",25.87015,34.41968333,27,"Pocillopora","verrucosa",206954,4.3,"Shallow reef slope","CB"
365,"B1B2","Modern","Egypt","El Quseir","Mangrove Bay","22/10/2023",25.87015,34.41968333,12,"Pocillopora","damicornis",206953,4.3,"Shallow reef slope","CB"
366,"B1B2","Modern","Egypt","El Quseir","Mangrove Bay","22/10/2023",25.87015,34.41968333,7,"Pocillopora","damicornis",206953,4.3,"Shallow reef slope","CB"
367,"B1B2","Modern","Egypt","El Quseir","Mangrove Bay","22/10/2023",25.87015,34.41968333,25,"Pocillopora","verrucosa",206954,4.3,"Shallow reef slope","CB"
368,"B1B2","Modern","Egypt","El Quseir","Mangrove Bay","22/10/2023",25.87015,34.41968333,2,"Pocillopora","verrucosa",206954,4.3,"Shallow reef slope","CB"
369,"B1B2","Modern","Egypt","El Quseir","Mangrove Bay","22/10/2023",25.87015,34.41968333,24,"Pocillopora","verrucosa",206954,4.3,"Shallow reef slope","CB"
370,"B1B2","Modern","Egypt","El Quseir","Mangrove Bay","22/10/2023",25.87015,34.41968333,26,"Pocillopora","verrucosa",206954,4.3,"Shallow reef slope","CB"
371,"B1B2","Modern","Egypt","El Quseir","Mangrove Bay","22/10/2023",25.87015,34.41968333,15,"Pocillopora","verrucosa",206954,4.3,"Shallow reef slope","CB"
372,"B1B2","Modern","Egypt","El Quseir","Mangrove Bay","22/10/2023",25.87015,34.41968333,19,"Pocillopora","verrucosa",206954,4.3,"Shallow reef slope","CB"
373,"B1B2","Modern","Egypt","El Quseir","Mangrove Bay","22/10/2023",25.87015,34.41968333,18,"Pocillopora","verrucosa",206954,4.3,"Shallow reef slope","CB"
374,"B1B2","Modern","Egypt","El Quseir","Mangrove Bay","22/10/2023",25.87015,34.41968333,15,"Pocillopora","verrucosa",206954,4.3,"Shallow reef slope","CB"
375,"B1B2","Modern","Egypt","El Quseir","Mangrove Bay","22/10/2023",25.87015,34.41968333,32,"Pocillopora","verrucosa",206954,4.3,"Shallow reef slope","CB"
376,"B1B2","Modern","Egypt","El Quseir","Mangrove Bay","22/10/2023",25.87015,34.41968333,2,NA,NA,NA,4.3,"Shallow reef slope",NA
376,"B1B2","Modern","Egypt","El Quseir","Mangrove Bay","22/10/2023",25.87015,34.41968333,2,NA,NA,NA,4.3,"Shallow reef slope",NA
376,"B1B2","Modern","Egypt","El Quseir","Mangrove Bay","22/10/2023",25.87015,34.41968333,2,NA,NA,NA,4.3,"Shallow reef slope",NA
376,"B1B2","Modern","Egypt","El Quseir","Mangrove Bay","22/10/2023",25.87015,34.41968333,2,NA,NA,NA,4.3,"Shallow reef slope",NA
377,"B1B2","Modern","Egypt","El Quseir","Mangrove Bay","22/10/2023",25.87015,34.41968333,14,NA,NA,NA,4.3,"Shallow reef slope",NA
377,"B1B2","Modern","Egypt","El Quseir","Mangrove Bay","22/10/2023",25.87015,34.41968333,14,NA,NA,NA,4.3,"Shallow reef slope",NA
377,"B1B2","Modern","Egypt","El Quseir","Mangrove Bay","22/10/2023",25.87015,34.41968333,14,NA,NA,NA,4.3,"Shallow reef slope",NA
378,"B1B2","Modern","Egypt","El Quseir","Mangrove Bay","22/10/2023",25.87015,34.41968333,7,NA,NA,NA,4.3,"Shallow reef slope",NA
378,"B1B2","Modern","Egypt","El Quseir","Mangrove Bay","22/10/2023",25.87015,34.41968333,7,NA,NA,NA,4.3,"Shallow reef slope",NA
378,"B1B2","Modern","Egypt","El Quseir","Mangrove Bay","22/10/2023",25.87015,34.41968333,7,NA,NA,NA,4.3,"Shallow reef slope",NA
379,"B1B2","Modern","Egypt","El Quseir","Mangrove Bay","22/10/2023",25.87015,34.41968333,8,NA,NA,NA,4.3,"Shallow reef slope",NA
379,"B1B2","Modern","Egypt","El Quseir","Mangrove Bay","22/10/2023",25.87015,34.41968333,8,NA,NA,NA,4.3,"Shallow reef slope",NA
379,"B1B2","Modern","Egypt","El Quseir","Mangrove Bay","22/10/2023",25.87015,34.41968333,8,NA,NA,NA,4.3,"Shallow reef slope",NA
379,"B1B2","Modern","Egypt","El Quseir","Mangrove Bay","22/10/2023",25.87015,34.41968333,8,NA,NA,NA,4.3,"Shallow reef slope",NA
379,"B1B2","Modern","Egypt","El Quseir","Mangrove Bay","22/10/2023",25.87015,34.41968333,8,NA,NA,NA,4.3,"Shallow reef slope",NA
380,"B1B2","Modern","Egypt","El Quseir","Mangrove Bay","22/10/2023",25.87015,34.41968333,5,NA,NA,NA,4.3,"Shallow reef slope",NA
380,"B1B2","Modern","Egypt","El Quseir","Mangrove Bay","22/10/2023",25.87015,34.41968333,5,NA,NA,NA,4.3,"Shallow reef slope",NA
380,"B1B2","Modern","Egypt","El Quseir","Mangrove Bay","22/10/2023",25.87015,34.41968333,5,NA,NA,NA,4.3,"Shallow reef slope",NA
380,"B1B2","Modern","Egypt","El Quseir","Mangrove Bay","22/10/2023",25.87015,34.41968333,5,NA,NA,NA,4.3,"Shallow reef slope",NA
381,"B1B2","Modern","Egypt","El Quseir","Mangrove Bay","22/10/2023",25.87015,34.41968333,15,NA,NA,NA,4.3,"Shallow reef slope",NA
381,"B1B2","Modern","Egypt","El Quseir","Mangrove Bay","22/10/2023",25.87015,34.41968333,15,NA,NA,NA,4.3,"Shallow reef slope",NA
382,"B1B2","Modern","Egypt","El Quseir","Mangrove Bay","22/10/2023",25.87015,34.41968333,5,NA,NA,NA,4.3,"Shallow reef slope",NA
382,"B1B2","Modern","Egypt","El Quseir","Mangrove Bay","22/10/2023",25.87015,34.41968333,5,NA,NA,NA,4.3,"Shallow reef slope",NA
382,"B1B2","Modern","Egypt","El Quseir","Mangrove Bay","22/10/2023",25.87015,34.41968333,5,NA,NA,NA,4.3,"Shallow reef slope",NA
382,"B1B2","Modern","Egypt","El Quseir","Mangrove Bay","22/10/2023",25.87015,34.41968333,5,NA,NA,NA,4.3,"Shallow reef slope",NA
383,"B1B2","Modern","Egypt","El Quseir","Mangrove Bay","22/10/2023",25.87015,34.41968333,26,NA,NA,NA,4.3,"Shallow reef slope",NA
383,"B1B2","Modern","Egypt","El Quseir","Mangrove Bay","22/10/2023",25.87015,34.41968333,26,NA,NA,NA,4.3,"Shallow reef slope",NA
384,"B1B2","Modern","Egypt","El Quseir","Mangrove Bay","22/10/2023",25.87015,34.41968333,9,NA,NA,NA,4.3,"Shallow reef slope",NA
384,"B1B2","Modern","Egypt","El Quseir","Mangrove Bay","22/10/2023",25.87015,34.41968333,9,NA,NA,NA,4.3,"Shallow reef slope",NA
384,"B1B2","Modern","Egypt","El Quseir","Mangrove Bay","22/10/2023",25.87015,34.41968333,9,NA,NA,NA,4.3,"Shallow reef slope",NA
384,"B1B2","Modern","Egypt","El Quseir","Mangrove Bay","22/10/2023",25.87015,34.41968333,9,NA,NA,NA,4.3,"Shallow reef slope",NA
385,"B1B2","Modern","Egypt","El Quseir","Mangrove Bay","22/10/2023",25.87015,34.41968333,28,NA,NA,NA,4.3,"Shallow reef slope",NA
386,"B1B2","Modern","Egypt","El Quseir","Mangrove Bay","22/10/2023",25.87015,34.41968333,28,NA,NA,NA,4.3,"Shallow reef slope",NA
387,"B1B2","Modern","Egypt","El Quseir","Mangrove Bay","22/10/2023",25.87015,34.41968333,19,NA,NA,NA,4.3,"Shallow reef slope",NA
387,"B1B2","Modern","Egypt","El Quseir","Mangrove Bay","22/10/2023",25.87015,34.41968333,19,NA,NA,NA,4.3,"Shallow reef slope",NA
388,"B1B2","Modern","Egypt","El Quseir","Mangrove Bay","22/10/2023",25.87015,34.41968333,7,NA,NA,NA,4.3,"Shallow reef slope",NA
388,"B1B2","Modern","Egypt","El Quseir","Mangrove Bay","22/10/2023",25.87015,34.41968333,7,NA,NA,NA,4.3,"Shallow reef slope",NA
388,"B1B2","Modern","Egypt","El Quseir","Mangrove Bay","22/10/2023",25.87015,34.41968333,7,NA,NA,NA,4.3,"Shallow reef slope",NA
389,"B1B2","Modern","Egypt","El Quseir","Mangrove Bay","22/10/2023",25.87015,34.41968333,4,NA,NA,NA,4.3,"Shallow reef slope",NA
389,"B1B2","Modern","Egypt","El Quseir","Mangrove Bay","22/10/2023",25.87015,34.41968333,4,NA,NA,NA,4.3,"Shallow reef slope",NA
389,"B1B2","Modern","Egypt","El Quseir","Mangrove Bay","22/10/2023",25.87015,34.41968333,4,NA,NA,NA,4.3,"Shallow reef slope",NA
390,"B1B2","Modern","Egypt","El Quseir","Mangrove Bay","22/10/2023",25.87015,34.41968333,13,NA,NA,NA,4.3,"Shallow reef slope",NA
390,"B1B2","Modern","Egypt","El Quseir","Mangrove Bay","22/10/2023",25.87015,34.41968333,13,NA,NA,NA,4.3,"Shallow reef slope",NA
391,"B1B2","Modern","Egypt","El Quseir","Mangrove Bay","22/10/2023",25.87015,34.41968333,7,NA,NA,NA,4.3,"Shallow reef slope",NA
391,"B1B2","Modern","Egypt","El Quseir","Mangrove Bay","22/10/2023",25.87015,34.41968333,7,NA,NA,NA,4.3,"Shallow reef slope",NA
391,"B1B2","Modern","Egypt","El Quseir","Mangrove Bay","22/10/2023",25.87015,34.41968333,7,NA,NA,NA,4.3,"Shallow reef slope",NA
392,"B1B2","Modern","Egypt","El Quseir","Mangrove Bay","22/10/2023",25.87015,34.41968333,27,NA,NA,NA,4.3,"Shallow reef slope",NA
392,"B1B2","Modern","Egypt","El Quseir","Mangrove Bay","22/10/2023",25.87015,34.41968333,27,NA,NA,NA,4.3,"Shallow reef slope",NA
393,"B1B2","Modern","Egypt","El Quseir","Mangrove Bay","22/10/2023",25.87015,34.41968333,2,NA,NA,1363,4.3,"Shallow reef slope",NA
393,"B1B2","Modern","Egypt","El Quseir","Mangrove Bay","22/10/2023",25.87015,34.41968333,2,NA,NA,1363,4.3,"Shallow reef slope",NA
393,"B1B2","Modern","Egypt","El Quseir","Mangrove Bay","22/10/2023",25.87015,34.41968333,2,NA,NA,1363,4.3,"Shallow reef slope",NA
393,"B1B2","Modern","Egypt","El Quseir","Mangrove Bay","22/10/2023",25.87015,34.41968333,2,NA,NA,1363,4.3,"Shallow reef slope",NA
394,"B1B2","Modern","Egypt","El Quseir","Mangrove Bay","22/10/2023",25.87015,34.41968333,16,"Porites","sp.",206485,4.3,"Shallow reef slope","CE"
395,"B1B2","Modern","Egypt","El Quseir","Mangrove Bay","22/10/2023",25.87015,34.41968333,33,"Montipora","efflorescens",207163,4.3,"Shallow reef slope","CE"
396,"B1B2","Modern","Egypt","El Quseir","Mangrove Bay","22/10/2023",25.87015,34.41968333,2,"Porites","sp.",206485,4.3,"Shallow reef slope","CE"
396,"B1B2","Modern","Egypt","El Quseir","Mangrove Bay","22/10/2023",25.87015,34.41968333,2,"Porites","sp.",206485,4.3,"Shallow reef slope","CS"
397,"B1B2","Modern","Egypt","El Quseir","Mangrove Bay","22/10/2023",25.87015,34.41968333,4,"Porites","sp.",206485,4.3,"Shallow reef slope","CE"
398,"B1B2","Modern","Egypt","El Quseir","Mangrove Bay","22/10/2023",25.87015,34.41968333,5,"Dipsastraea","sp.",718746,4.3,"Shallow reef slope","CE"
399,"B1B2","Modern","Egypt","El Quseir","Mangrove Bay","22/10/2023",25.87015,34.41968333,5,"Porites","sp.",206485,4.3,"Shallow reef slope","CE"
400,"B1B2","Modern","Egypt","El Quseir","Mangrove Bay","22/10/2023",25.87015,34.41968333,5,"Pavona","sp.",206614,4.3,"Shallow reef slope","CE"
401,"B1B2","Modern","Egypt","El Quseir","Mangrove Bay","22/10/2023",25.87015,34.41968333,2,"Cyphastrea","chalcidicum",207415,4.3,"Shallow reef slope","CE"
402,"B1B2","Modern","Egypt","El Quseir","Mangrove Bay","22/10/2023",25.87015,34.41968333,4,"Cyphastrea","chalcidicum",207415,4.3,"Shallow reef slope","CE"
403,"B1B2","Modern","Egypt","El Quseir","Mangrove Bay","22/10/2023",25.87015,34.41968333,2,"Montipora","sp.",203834,4.3,"Shallow reef slope","CE"
404,"B1B2","Modern","Egypt","El Quseir","Mangrove Bay","22/10/2023",25.87015,34.41968333,5,"Pavona","explanulata",207306,4.3,"Shallow reef slope","CE"
405,"B1B2","Modern","Egypt","El Quseir","Mangrove Bay","22/10/2023",25.87015,34.41968333,1,"Porites","sp.",206485,4.3,"Shallow reef slope","CE"
406,"B1B2","Modern","Egypt","El Quseir","Mangrove Bay","22/10/2023",25.87015,34.41968333,6,"Porites","sp.",206485,4.3,"Shallow reef slope","CE"
406,"B1B2","Modern","Egypt","El Quseir","Mangrove Bay","22/10/2023",25.87015,34.41968333,6,"Porites","sp.",206485,4.3,"Shallow reef slope","CS"
407,"B1B2","Modern","Egypt","El Quseir","Mangrove Bay","22/10/2023",25.87015,34.41968333,4,"Oxypora","sp.",205536,4.3,"Shallow reef slope",NA
408,"B1B2","Modern","Egypt","El Quseir","Mangrove Bay","22/10/2023",25.87015,34.41968333,8,"Porites","sp.",206485,4.3,"Shallow reef slope","CE"
409,"B1B2","Modern","Egypt","El Quseir","Mangrove Bay","22/10/2023",25.87015,34.41968333,5,"Porites","sp.",206485,4.3,"Shallow reef slope","CE"
410,"B1B2","Modern","Egypt","El Quseir","Mangrove Bay","22/10/2023",25.87015,34.41968333,14,"Montipora","sp.",203834,4.3,"Shallow reef slope","CE"
411,"B1B2","Modern","Egypt","El Quseir","Mangrove Bay","22/10/2023",25.87015,34.41968333,6,"Oxypora","sp.",205536,4.3,"Shallow reef slope",NA
412,"B1B2","Modern","Egypt","El Quseir","Mangrove Bay","22/10/2023",25.87015,34.41968333,2,"Leptastrea","sp.",204278,4.3,"Shallow reef slope","CE"
413,"B1B2","Modern","Egypt","El Quseir","Mangrove Bay","22/10/2023",25.87015,34.41968333,8,"Pachyseris","speciosa",207293,4.3,"Shallow reef slope","CF"
414,"B1B2","Modern","Egypt","El Quseir","Mangrove Bay","22/10/2023",25.87015,34.41968333,55,"Goniastrea","retiformis",207461,4.3,"Shallow reef slope","CM"
415,"B1B2","Modern","Egypt","El Quseir","Mangrove Bay","22/10/2023",25.87015,34.41968333,18,"Dipsastraea","speciosa",758219,4.3,"Shallow reef slope","CM"
416,"B1B2","Modern","Egypt","El Quseir","Mangrove Bay","22/10/2023",25.87015,34.41968333,26,"Dipsastraea","sp.",718746,4.3,"Shallow reef slope","CM"
417,"B1B2","Modern","Egypt","El Quseir","Mangrove Bay","22/10/2023",25.87015,34.41968333,4,"Dipsastraea","sp.",718746,4.3,"Shallow reef slope","CM"
418,"B1B2","Modern","Egypt","El Quseir","Mangrove Bay","22/10/2023",25.87015,34.41968333,12,"Porites","sp.",206485,4.3,"Shallow reef slope","CM"
419,"B1B2","Modern","Egypt","El Quseir","Mangrove Bay","22/10/2023",25.87015,34.41968333,13,"Goniastrea","edwardsi",207466,4.3,"Shallow reef slope","CM"
420,"B1B2","Modern","Egypt","El Quseir","Mangrove Bay","22/10/2023",25.87015,34.41968333,16,"Favites","paraflexuosus",763552,4.3,"Shallow reef slope","CM"
421,"B1B2","Modern","Egypt","El Quseir","Mangrove Bay","22/10/2023",25.87015,34.41968333,29,"Millepora","exaesa",210728,4.3,"Shallow reef slope","CME"
422,"B1B2","Modern","Egypt","El Quseir","Mangrove Bay","22/10/2023",25.87015,34.41968333,3,"Millepora","dichotoma",210733,4.3,"Shallow reef slope","CME"
423,"B1B2","Modern","Egypt","El Quseir","Mangrove Bay","22/10/2023",25.87015,34.41968333,17,"Millepora","exaesa",210728,4.3,"Shallow reef slope","CME"
424,"B1B2","Modern","Egypt","El Quseir","Mangrove Bay","22/10/2023",25.87015,34.41968333,21,"Millepora","exaesa",210728,4.3,"Shallow reef slope","CME"
425,"B1B2","Modern","Egypt","El Quseir","Mangrove Bay","22/10/2023",25.87015,34.41968333,11,"Millepora","exaesa",210728,4.3,"Shallow reef slope","CME"
426,"B1B2","Modern","Egypt","El Quseir","Mangrove Bay","22/10/2023",25.87015,34.41968333,20,NA,NA,NA,4.3,"Shallow reef slope",NA
427,"B1B2","Modern","Egypt","El Quseir","Mangrove Bay","22/10/2023",25.87015,34.41968333,8,NA,NA,NA,4.3,"Shallow reef slope",NA
427,"B1B2","Modern","Egypt","El Quseir","Mangrove Bay","22/10/2023",25.87015,34.41968333,8,NA,NA,NA,4.3,"Shallow reef slope",NA
427,"B1B2","Modern","Egypt","El Quseir","Mangrove Bay","22/10/2023",25.87015,34.41968333,8,NA,NA,NA,4.3,"Shallow reef slope",NA
427,"B1B2","Modern","Egypt","El Quseir","Mangrove Bay","22/10/2023",25.87015,34.41968333,8,NA,NA,NA,4.3,"Shallow reef slope",NA
427,"B1B2","Modern","Egypt","El Quseir","Mangrove Bay","22/10/2023",25.87015,34.41968333,8,NA,NA,NA,4.3,"Shallow reef slope",NA
428,"B1B2","Modern","Egypt","El Quseir","Mangrove Bay","22/10/2023",25.87015,34.41968333,37,"Montipora","tuberculosa",207156,4.3,"Shallow reef slope","CS"
429,"B1B2","Modern","Egypt","El Quseir","Mangrove Bay","22/10/2023",25.87015,34.41968333,8,"Coscinaraea","monile",207255,4.3,"Shallow reef slope","CS"
430,"B1B2","Modern","Egypt","El Quseir","Mangrove Bay","22/10/2023",25.87015,34.41968333,3,"Dipsastraea","speciosa",758219,4.3,"Shallow reef slope","CS"
431,"B1B2","Modern","Egypt","El Quseir","Mangrove Bay","22/10/2023",25.87015,34.41968333,5,"Goniastrea","edwardsi",207466,4.3,"Shallow reef slope","CS"
432,"B1B2","Modern","Egypt","El Quseir","Mangrove Bay","22/10/2023",25.87015,34.41968333,6,"Porites","sp.",206485,4.3,"Shallow reef slope","CE"
432,"B1B2","Modern","Egypt","El Quseir","Mangrove Bay","22/10/2023",25.87015,34.41968333,6,"Porites","sp.",206485,4.3,"Shallow reef slope","CS"
433,"B1B2","Modern","Egypt","El Quseir","Mangrove Bay","22/10/2023",25.87015,34.41968333,2,"Porites","sp.",206485,4.3,"Shallow reef slope","CE"
433,"B1B2","Modern","Egypt","El Quseir","Mangrove Bay","22/10/2023",25.87015,34.41968333,2,"Porites","sp.",206485,4.3,"Shallow reef slope","CS"
434,"B1B2","Modern","Egypt","El Quseir","Mangrove Bay","22/10/2023",25.87015,34.41968333,7,"Goniastrea","edwardsi",207466,4.3,"Shallow reef slope","CS"
435,"B1B2","Modern","Egypt","El Quseir","Mangrove Bay","22/10/2023",25.87015,34.41968333,11,"Porites","sp.",206485,4.3,"Shallow reef slope","CS"
436,"B1B2","Modern","Egypt","El Quseir","Mangrove Bay","22/10/2023",25.87015,34.41968333,15,"Goniastrea","retiformis",207461,4.3,"Shallow reef slope","CS"
437,"B1B2","Modern","Egypt","El Quseir","Mangrove Bay","22/10/2023",25.87015,34.41968333,1,"GAP","GAP",NA,4.3,"Shallow reef slope",NA
438,"B1B2","Modern","Egypt","El Quseir","Mangrove Bay","22/10/2023",25.87015,34.41968333,5,"GAP","GAP",NA,4.3,"Shallow reef slope",NA
439,"B1B2","Modern","Egypt","El Quseir","Mangrove Bay","22/10/2023",25.87015,34.41968333,30,"GAP","GAP",NA,4.3,"Shallow reef slope",NA
440,"B1B2","Modern","Egypt","El Quseir","Mangrove Bay","22/10/2023",25.87015,34.41968333,24,"GAP","GAP",NA,4.3,"Shallow reef slope",NA
441,"B1B2","Modern","Egypt","El Quseir","Mangrove Bay","22/10/2023",25.87015,34.41968333,39,"GAP","GAP",NA,4.3,"Shallow reef slope",NA
442,"B1B2","Modern","Egypt","El Quseir","Mangrove Bay","22/10/2023",25.87015,34.41968333,178,"GAP","GAP",NA,4.3,"Shallow reef slope",NA
443,"B1B2","Modern","Egypt","El Quseir","Mangrove Bay","22/10/2023",25.87015,34.41968333,5,"GAP","GAP",NA,4.3,"Shallow reef slope",NA
444,"B1B2","Modern","Egypt","El Quseir","Mangrove Bay","22/10/2023",25.87015,34.41968333,200,"GAP","GAP",NA,4.3,"Shallow reef slope",NA
445,"B1B2","Modern","Egypt","El Quseir","Mangrove Bay","22/10/2023",25.87015,34.41968333,75,"GAP","GAP",NA,4.3,"Shallow reef slope",NA
446,"B1B2","Modern","Egypt","El Quseir","Mangrove Bay","22/10/2023",25.87015,34.41968333,10,"GAP","GAP",NA,4.3,"Shallow reef slope",NA
447,"B1B2","Modern","Egypt","El Quseir","Mangrove Bay","22/10/2023",25.87015,34.41968333,3,NA,NA,NA,4.3,"Shallow reef slope",NA
447,"B1B2","Modern","Egypt","El Quseir","Mangrove Bay","22/10/2023",25.87015,34.41968333,3,NA,NA,NA,4.3,"Shallow reef slope",NA
448,"B1B2","Modern","Egypt","El Quseir","Mangrove Bay","22/10/2023",25.87015,34.41968333,21,NA,NA,NA,4.3,"Shallow reef slope",NA
449,"B1B2","Modern","Egypt","El Quseir","Mangrove Bay","22/10/2023",25.87015,34.41968333,18,NA,NA,NA,4.3,"Shallow reef slope",NA
449,"B1B2","Modern","Egypt","El Quseir","Mangrove Bay","22/10/2023",25.87015,34.41968333,18,NA,NA,NA,4.3,"Shallow reef slope",NA
450,"B1B2","Modern","Egypt","El Quseir","Mangrove Bay","22/10/2023",25.87015,34.41968333,8,NA,NA,NA,4.3,"Shallow reef slope",NA
450,"B1B2","Modern","Egypt","El Quseir","Mangrove Bay","22/10/2023",25.87015,34.41968333,8,NA,NA,NA,4.3,"Shallow reef slope",NA
450,"B1B2","Modern","Egypt","El Quseir","Mangrove Bay","22/10/2023",25.87015,34.41968333,8,NA,NA,NA,4.3,"Shallow reef slope",NA
450,"B1B2","Modern","Egypt","El Quseir","Mangrove Bay","22/10/2023",25.87015,34.41968333,8,NA,NA,NA,4.3,"Shallow reef slope",NA
450,"B1B2","Modern","Egypt","El Quseir","Mangrove Bay","22/10/2023",25.87015,34.41968333,8,NA,NA,NA,4.3,"Shallow reef slope",NA
451,"B1B2","Modern","Egypt","El Quseir","Mangrove Bay","22/10/2023",25.87015,34.41968333,10,NA,NA,NA,4.3,"Shallow reef slope",NA
451,"B1B2","Modern","Egypt","El Quseir","Mangrove Bay","22/10/2023",25.87015,34.41968333,10,NA,NA,NA,4.3,"Shallow reef slope",NA
451,"B1B2","Modern","Egypt","El Quseir","Mangrove Bay","22/10/2023",25.87015,34.41968333,10,NA,NA,NA,4.3,"Shallow reef slope",NA
452,"B1B2","Modern","Egypt","El Quseir","Mangrove Bay","22/10/2023",25.87015,34.41968333,5,NA,NA,NA,4.3,"Shallow reef slope",NA
452,"B1B2","Modern","Egypt","El Quseir","Mangrove Bay","22/10/2023",25.87015,34.41968333,5,NA,NA,NA,4.3,"Shallow reef slope",NA
452,"B1B2","Modern","Egypt","El Quseir","Mangrove Bay","22/10/2023",25.87015,34.41968333,5,NA,NA,NA,4.3,"Shallow reef slope",NA
452,"B1B2","Modern","Egypt","El Quseir","Mangrove Bay","22/10/2023",25.87015,34.41968333,5,NA,NA,NA,4.3,"Shallow reef slope",NA
453,"B1B2","Modern","Egypt","El Quseir","Mangrove Bay","22/10/2023",25.87015,34.41968333,10,NA,NA,NA,4.3,"Shallow reef slope",NA
453,"B1B2","Modern","Egypt","El Quseir","Mangrove Bay","22/10/2023",25.87015,34.41968333,10,NA,NA,NA,4.3,"Shallow reef slope",NA
453,"B1B2","Modern","Egypt","El Quseir","Mangrove Bay","22/10/2023",25.87015,34.41968333,10,NA,NA,NA,4.3,"Shallow reef slope",NA
454,"B1B2","Modern","Egypt","El Quseir","Mangrove Bay","22/10/2023",25.87015,34.41968333,11,NA,NA,NA,4.3,"Shallow reef slope",NA
454,"B1B2","Modern","Egypt","El Quseir","Mangrove Bay","22/10/2023",25.87015,34.41968333,11,NA,NA,NA,4.3,"Shallow reef slope",NA
455,"B1B2","Modern","Egypt","El Quseir","Mangrove Bay","22/10/2023",25.87015,34.41968333,48,NA,NA,NA,4.3,"Shallow reef slope",NA
456,"B1B2","Modern","Egypt","El Quseir","Mangrove Bay","22/10/2023",25.87015,34.41968333,5,"Heteroxenia","sp.",204616,4.3,"Shallow reef slope","SC"
457,"B1B2","Modern","Egypt","El Quseir","Mangrove Bay","22/10/2023",25.87015,34.41968333,3,"Heteroxenia","sp.",204616,4.3,"Shallow reef slope","SC"
458,"B1B2","Modern","Egypt","El Quseir","Mangrove Bay","22/10/2023",25.87015,34.41968333,9,"Heteroxenia","sp.",204616,4.3,"Shallow reef slope","SC"
459,"B1B2","Modern","Egypt","El Quseir","Mangrove Bay","22/10/2023",25.87015,34.41968333,3,NA,NA,NA,4.3,"Shallow reef slope",NA
459,"B1B2","Modern","Egypt","El Quseir","Mangrove Bay","22/10/2023",25.87015,34.41968333,3,NA,NA,NA,4.3,"Shallow reef slope",NA
460,"B1B2","Modern","Egypt","El Quseir","Mangrove Bay","22/10/2023",25.87015,34.41968333,6,NA,NA,NA,4.3,"Shallow reef slope",NA
461,"B1B2","Modern","Egypt","El Quseir","Mangrove Bay","22/10/2023",25.87015,34.41968333,13,NA,NA,NA,4.3,"Shallow reef slope",NA
461,"B1B2","Modern","Egypt","El Quseir","Mangrove Bay","22/10/2023",25.87015,34.41968333,13,NA,NA,NA,4.3,"Shallow reef slope",NA
462,"B1B2","Modern","Egypt","El Quseir","Mangrove Bay","22/10/2023",25.87015,34.41968333,13,NA,NA,NA,4.3,"Shallow reef slope",NA
462,"B1B2","Modern","Egypt","El Quseir","Mangrove Bay","22/10/2023",25.87015,34.41968333,13,NA,NA,NA,4.3,"Shallow reef slope",NA
463,"B1B2","Modern","Egypt","El Quseir","Mangrove Bay","22/10/2023",25.87015,34.41968333,4,NA,NA,NA,4.3,"Shallow reef slope",NA
463,"B1B2","Modern","Egypt","El Quseir","Mangrove Bay","22/10/2023",25.87015,34.41968333,4,NA,NA,NA,4.3,"Shallow reef slope",NA
463,"B1B2","Modern","Egypt","El Quseir","Mangrove Bay","22/10/2023",25.87015,34.41968333,4,NA,NA,NA,4.3,"Shallow reef slope",NA
464,"B1B2","Modern","Egypt","El Quseir","Mangrove Bay","22/10/2023",25.87015,34.41968333,9,NA,NA,NA,4.3,"Shallow reef slope",NA
464,"B1B2","Modern","Egypt","El Quseir","Mangrove Bay","22/10/2023",25.87015,34.41968333,9,NA,NA,NA,4.3,"Shallow reef slope",NA
464,"B1B2","Modern","Egypt","El Quseir","Mangrove Bay","22/10/2023",25.87015,34.41968333,9,NA,NA,NA,4.3,"Shallow reef slope",NA
464,"B1B2","Modern","Egypt","El Quseir","Mangrove Bay","22/10/2023",25.87015,34.41968333,9,NA,NA,NA,4.3,"Shallow reef slope",NA
465,"B1B2","Modern","Egypt","El Quseir","Mangrove Bay","22/10/2023",25.87015,34.41968333,23,NA,NA,NA,4.3,"Shallow reef slope",NA
466,"B1B2","Modern","Egypt","El Quseir","Mangrove Bay","22/10/2023",25.87015,34.41968333,46,NA,NA,NA,4.3,"Shallow reef slope",NA
467,"B1B2","Modern","Egypt","El Quseir","Mangrove Bay","22/10/2023",25.87015,34.41968333,5,NA,NA,NA,4.3,"Shallow reef slope",NA
467,"B1B2","Modern","Egypt","El Quseir","Mangrove Bay","22/10/2023",25.87015,34.41968333,5,NA,NA,NA,4.3,"Shallow reef slope",NA
467,"B1B2","Modern","Egypt","El Quseir","Mangrove Bay","22/10/2023",25.87015,34.41968333,5,NA,NA,NA,4.3,"Shallow reef slope",NA
467,"B1B2","Modern","Egypt","El Quseir","Mangrove Bay","22/10/2023",25.87015,34.41968333,5,NA,NA,NA,4.3,"Shallow reef slope",NA
468,"B1B2","Modern","Egypt","El Quseir","Mangrove Bay","22/10/2023",25.87015,34.41968333,63,NA,NA,NA,4.3,"Shallow reef slope",NA
469,"B3B4","Modern","Egypt","El Quseir","Mangrove Bay","24/10/2023",25.87015,34.41968333,30,NA,NA,NA,4.3,"Shallow reef slope",NA
470,"B3B4","Modern","Egypt","El Quseir","Mangrove Bay","24/10/2023",25.87015,34.41968333,9,NA,NA,NA,4.3,"Shallow reef slope",NA
470,"B3B4","Modern","Egypt","El Quseir","Mangrove Bay","24/10/2023",25.87015,34.41968333,9,NA,NA,NA,4.3,"Shallow reef slope",NA
471,"B3B4","Modern","Egypt","El Quseir","Mangrove Bay","24/10/2023",25.87015,34.41968333,12,NA,NA,NA,4.3,"Shallow reef slope",NA
471,"B3B4","Modern","Egypt","El Quseir","Mangrove Bay","24/10/2023",25.87015,34.41968333,12,NA,NA,NA,4.3,"Shallow reef slope",NA
471,"B3B4","Modern","Egypt","El Quseir","Mangrove Bay","24/10/2023",25.87015,34.41968333,12,NA,NA,NA,4.3,"Shallow reef slope",NA
472,"B3B4","Modern","Egypt","El Quseir","Mangrove Bay","24/10/2023",25.87015,34.41968333,25,NA,NA,NA,4.3,"Shallow reef slope",NA
472,"B3B4","Modern","Egypt","El Quseir","Mangrove Bay","24/10/2023",25.87015,34.41968333,25,NA,NA,NA,4.3,"Shallow reef slope",NA
473,"B3B4","Modern","Egypt","El Quseir","Mangrove Bay","24/10/2023",25.87015,34.41968333,52,NA,NA,NA,4.3,"Shallow reef slope",NA
474,"B3B4","Modern","Egypt","El Quseir","Mangrove Bay","24/10/2023",25.87015,34.41968333,18,NA,NA,NA,4.3,"Shallow reef slope",NA
475,"B3B4","Modern","Egypt","El Quseir","Mangrove Bay","24/10/2023",25.87015,34.41968333,29,NA,NA,NA,4.3,"Shallow reef slope",NA
476,"B3B4","Modern","Egypt","El Quseir","Mangrove Bay","24/10/2023",25.87015,34.41968333,39,NA,NA,NA,4.3,"Shallow reef slope",NA
477,"B3B4","Modern","Egypt","El Quseir","Mangrove Bay","24/10/2023",25.87015,34.41968333,9,NA,NA,NA,4.3,"Shallow reef slope",NA
477,"B3B4","Modern","Egypt","El Quseir","Mangrove Bay","24/10/2023",25.87015,34.41968333,9,NA,NA,NA,4.3,"Shallow reef slope",NA
478,"B3B4","Modern","Egypt","El Quseir","Mangrove Bay","24/10/2023",25.87015,34.41968333,5,NA,NA,NA,4.3,"Shallow reef slope",NA
478,"B3B4","Modern","Egypt","El Quseir","Mangrove Bay","24/10/2023",25.87015,34.41968333,5,NA,NA,NA,4.3,"Shallow reef slope",NA
478,"B3B4","Modern","Egypt","El Quseir","Mangrove Bay","24/10/2023",25.87015,34.41968333,5,NA,NA,NA,4.3,"Shallow reef slope",NA
478,"B3B4","Modern","Egypt","El Quseir","Mangrove Bay","24/10/2023",25.87015,34.41968333,5,NA,NA,NA,4.3,"Shallow reef slope",NA
479,"B3B4","Modern","Egypt","El Quseir","Mangrove Bay","24/10/2023",25.87015,34.41968333,20,NA,NA,NA,4.3,"Shallow reef slope",NA
479,"B3B4","Modern","Egypt","El Quseir","Mangrove Bay","24/10/2023",25.87015,34.41968333,20,NA,NA,NA,4.3,"Shallow reef slope",NA
480,"B3B4","Modern","Egypt","El Quseir","Mangrove Bay","24/10/2023",25.87015,34.41968333,14,NA,NA,NA,4.3,"Shallow reef slope",NA
481,"B3B4","Modern","Egypt","El Quseir","Mangrove Bay","24/10/2023",25.87015,34.41968333,6,NA,NA,NA,4.3,"Shallow reef slope",NA
481,"B3B4","Modern","Egypt","El Quseir","Mangrove Bay","24/10/2023",25.87015,34.41968333,6,NA,NA,NA,4.3,"Shallow reef slope",NA
481,"B3B4","Modern","Egypt","El Quseir","Mangrove Bay","24/10/2023",25.87015,34.41968333,6,NA,NA,NA,4.3,"Shallow reef slope",NA
481,"B3B4","Modern","Egypt","El Quseir","Mangrove Bay","24/10/2023",25.87015,34.41968333,6,NA,NA,NA,4.3,"Shallow reef slope",NA
482,"B3B4","Modern","Egypt","El Quseir","Mangrove Bay","24/10/2023",25.87015,34.41968333,15,NA,NA,NA,4.3,"Shallow reef slope",NA
482,"B3B4","Modern","Egypt","El Quseir","Mangrove Bay","24/10/2023",25.87015,34.41968333,15,NA,NA,NA,4.3,"Shallow reef slope",NA
482,"B3B4","Modern","Egypt","El Quseir","Mangrove Bay","24/10/2023",25.87015,34.41968333,15,NA,NA,NA,4.3,"Shallow reef slope",NA
483,"B3B4","Modern","Egypt","El Quseir","Mangrove Bay","24/10/2023",25.87015,34.41968333,15,NA,NA,NA,4.3,"Shallow reef slope",NA
483,"B3B4","Modern","Egypt","El Quseir","Mangrove Bay","24/10/2023",25.87015,34.41968333,15,NA,NA,NA,4.3,"Shallow reef slope",NA
483,"B3B4","Modern","Egypt","El Quseir","Mangrove Bay","24/10/2023",25.87015,34.41968333,15,NA,NA,NA,4.3,"Shallow reef slope",NA
484,"B3B4","Modern","Egypt","El Quseir","Mangrove Bay","24/10/2023",25.87015,34.41968333,6,NA,NA,NA,4.3,"Shallow reef slope",NA
484,"B3B4","Modern","Egypt","El Quseir","Mangrove Bay","24/10/2023",25.87015,34.41968333,6,NA,NA,NA,4.3,"Shallow reef slope",NA
484,"B3B4","Modern","Egypt","El Quseir","Mangrove Bay","24/10/2023",25.87015,34.41968333,6,NA,NA,NA,4.3,"Shallow reef slope",NA
484,"B3B4","Modern","Egypt","El Quseir","Mangrove Bay","24/10/2023",25.87015,34.41968333,6,NA,NA,NA,4.3,"Shallow reef slope",NA
485,"B3B4","Modern","Egypt","El Quseir","Mangrove Bay","24/10/2023",25.87015,34.41968333,14,NA,NA,NA,4.3,"Shallow reef slope",NA
486,"B3B4","Modern","Egypt","El Quseir","Mangrove Bay","24/10/2023",25.87015,34.41968333,39,NA,NA,NA,4.3,"Shallow reef slope",NA
487,"B3B4","Modern","Egypt","El Quseir","Mangrove Bay","24/10/2023",25.87015,34.41968333,19,NA,NA,NA,4.3,"Shallow reef slope",NA
487,"B3B4","Modern","Egypt","El Quseir","Mangrove Bay","24/10/2023",25.87015,34.41968333,19,NA,NA,NA,4.3,"Shallow reef slope",NA
488,"B3B4","Modern","Egypt","El Quseir","Mangrove Bay","24/10/2023",25.87015,34.41968333,10,NA,NA,NA,4.3,"Shallow reef slope",NA
488,"B3B4","Modern","Egypt","El Quseir","Mangrove Bay","24/10/2023",25.87015,34.41968333,10,NA,NA,NA,4.3,"Shallow reef slope",NA
488,"B3B4","Modern","Egypt","El Quseir","Mangrove Bay","24/10/2023",25.87015,34.41968333,10,NA,NA,NA,4.3,"Shallow reef slope",NA
489,"B3B4","Modern","Egypt","El Quseir","Mangrove Bay","24/10/2023",25.87015,34.41968333,7,NA,NA,NA,4.3,"Shallow reef slope",NA
489,"B3B4","Modern","Egypt","El Quseir","Mangrove Bay","24/10/2023",25.87015,34.41968333,7,NA,NA,NA,4.3,"Shallow reef slope",NA
489,"B3B4","Modern","Egypt","El Quseir","Mangrove Bay","24/10/2023",25.87015,34.41968333,7,NA,NA,NA,4.3,"Shallow reef slope",NA
489,"B3B4","Modern","Egypt","El Quseir","Mangrove Bay","24/10/2023",25.87015,34.41968333,7,NA,NA,NA,4.3,"Shallow reef slope",NA
490,"B3B4","Modern","Egypt","El Quseir","Mangrove Bay","24/10/2023",25.87015,34.41968333,3,NA,NA,NA,4.3,"Shallow reef slope",NA
490,"B3B4","Modern","Egypt","El Quseir","Mangrove Bay","24/10/2023",25.87015,34.41968333,3,NA,NA,NA,4.3,"Shallow reef slope",NA
490,"B3B4","Modern","Egypt","El Quseir","Mangrove Bay","24/10/2023",25.87015,34.41968333,3,NA,NA,NA,4.3,"Shallow reef slope",NA
491,"B3B4","Modern","Egypt","El Quseir","Mangrove Bay","24/10/2023",25.87015,34.41968333,5,NA,NA,NA,4.3,"Shallow reef slope",NA
491,"B3B4","Modern","Egypt","El Quseir","Mangrove Bay","24/10/2023",25.87015,34.41968333,5,NA,NA,NA,4.3,"Shallow reef slope",NA
491,"B3B4","Modern","Egypt","El Quseir","Mangrove Bay","24/10/2023",25.87015,34.41968333,5,NA,NA,NA,4.3,"Shallow reef slope",NA
491,"B3B4","Modern","Egypt","El Quseir","Mangrove Bay","24/10/2023",25.87015,34.41968333,5,NA,NA,NA,4.3,"Shallow reef slope",NA
492,"B3B4","Modern","Egypt","El Quseir","Mangrove Bay","24/10/2023",25.87015,34.41968333,13,NA,NA,NA,4.3,"Shallow reef slope",NA
493,"B3B4","Modern","Egypt","El Quseir","Mangrove Bay","24/10/2023",25.87015,34.41968333,9,NA,NA,NA,4.3,"Shallow reef slope",NA
493,"B3B4","Modern","Egypt","El Quseir","Mangrove Bay","24/10/2023",25.87015,34.41968333,9,NA,NA,NA,4.3,"Shallow reef slope",NA
494,"B3B4","Modern","Egypt","El Quseir","Mangrove Bay","24/10/2023",25.87015,34.41968333,10,NA,NA,NA,4.3,"Shallow reef slope",NA
494,"B3B4","Modern","Egypt","El Quseir","Mangrove Bay","24/10/2023",25.87015,34.41968333,10,NA,NA,NA,4.3,"Shallow reef slope",NA
494,"B3B4","Modern","Egypt","El Quseir","Mangrove Bay","24/10/2023",25.87015,34.41968333,10,NA,NA,NA,4.3,"Shallow reef slope",NA
495,"B3B4","Modern","Egypt","El Quseir","Mangrove Bay","24/10/2023",25.87015,34.41968333,43,NA,NA,NA,4.3,"Shallow reef slope",NA
496,"B3B4","Modern","Egypt","El Quseir","Mangrove Bay","24/10/2023",25.87015,34.41968333,17,NA,NA,NA,4.3,"Shallow reef slope",NA
496,"B3B4","Modern","Egypt","El Quseir","Mangrove Bay","24/10/2023",25.87015,34.41968333,17,NA,NA,NA,4.3,"Shallow reef slope",NA
497,"B3B4","Modern","Egypt","El Quseir","Mangrove Bay","24/10/2023",25.87015,34.41968333,3,NA,NA,NA,4.3,"Shallow reef slope",NA
497,"B3B4","Modern","Egypt","El Quseir","Mangrove Bay","24/10/2023",25.87015,34.41968333,3,NA,NA,NA,4.3,"Shallow reef slope",NA
497,"B3B4","Modern","Egypt","El Quseir","Mangrove Bay","24/10/2023",25.87015,34.41968333,3,NA,NA,NA,4.3,"Shallow reef slope",NA
498,"B3B4","Modern","Egypt","El Quseir","Mangrove Bay","24/10/2023",25.87015,34.41968333,8,NA,NA,NA,4.3,"Shallow reef slope",NA
498,"B3B4","Modern","Egypt","El Quseir","Mangrove Bay","24/10/2023",25.87015,34.41968333,8,NA,NA,NA,4.3,"Shallow reef slope",NA
499,"B3B4","Modern","Egypt","El Quseir","Mangrove Bay","24/10/2023",25.87015,34.41968333,11,NA,NA,NA,4.3,"Shallow reef slope",NA
499,"B3B4","Modern","Egypt","El Quseir","Mangrove Bay","24/10/2023",25.87015,34.41968333,11,NA,NA,NA,4.3,"Shallow reef slope",NA
499,"B3B4","Modern","Egypt","El Quseir","Mangrove Bay","24/10/2023",25.87015,34.41968333,11,NA,NA,NA,4.3,"Shallow reef slope",NA
500,"B3B4","Modern","Egypt","El Quseir","Mangrove Bay","24/10/2023",25.87015,34.41968333,18,NA,NA,NA,4.3,"Shallow reef slope",NA
501,"B3B4","Modern","Egypt","El Quseir","Mangrove Bay","24/10/2023",25.87015,34.41968333,13,"Pocillopora","verrucosa",206954,4.3,"Shallow reef slope","CB"
502,"B3B4","Modern","Egypt","El Quseir","Mangrove Bay","24/10/2023",25.87015,34.41968333,4,"Pocillopora","damicornis",206953,4.3,"Shallow reef slope","CB"
503,"B3B4","Modern","Egypt","El Quseir","Mangrove Bay","24/10/2023",25.87015,34.41968333,28,"Acropora","sp.",205469,4.3,"Shallow reef slope","ACB"
504,"B3B4","Modern","Egypt","El Quseir","Mangrove Bay","24/10/2023",25.87015,34.41968333,23,"Pocillopora","verrucosa",206954,4.3,"Shallow reef slope","CB"
505,"B3B4","Modern","Egypt","El Quseir","Mangrove Bay","24/10/2023",25.87015,34.41968333,30,"Acropora","sp.",205469,4.3,"Shallow reef slope","ACB"
506,"B3B4","Modern","Egypt","El Quseir","Mangrove Bay","24/10/2023",25.87015,34.41968333,9,"Pocillopora","sp.",206938,4.3,"Shallow reef slope","CB"
507,"B3B4","Modern","Egypt","El Quseir","Mangrove Bay","24/10/2023",25.87015,34.41968333,8,"Seriatopora","caliendrum",206969,4.3,"Shallow reef slope","CB"
508,"B3B4","Modern","Egypt","El Quseir","Mangrove Bay","24/10/2023",25.87015,34.41968333,7,"Stylophora","subseriata",206980,4.3,"Shallow reef slope","CB"
509,"B3B4","Modern","Egypt","El Quseir","Mangrove Bay","24/10/2023",25.87015,34.41968333,24,"Acropora","hemprichii",288207,4.3,"Shallow reef slope","ACB"
510,"B3B4","Modern","Egypt","El Quseir","Mangrove Bay","24/10/2023",25.87015,34.41968333,5,"Acropora","squarrosa",207053,4.3,"Shallow reef slope","ACB"
511,"B3B4","Modern","Egypt","El Quseir","Mangrove Bay","24/10/2023",25.87015,34.41968333,7,"Acropora","sp.",205469,4.3,"Shallow reef slope","ACB"
512,"B3B4","Modern","Egypt","El Quseir","Mangrove Bay","24/10/2023",25.87015,34.41968333,12,"Pocillopora","verrucosa",206954,4.3,"Shallow reef slope","CB"
513,"B3B4","Modern","Egypt","El Quseir","Mangrove Bay","24/10/2023",25.87015,34.41968333,5,"Seriatopora","caliendrum",206969,4.3,"Shallow reef slope","CB"
514,"B3B4","Modern","Egypt","El Quseir","Mangrove Bay","24/10/2023",25.87015,34.41968333,16,"Pocillopora","verrucosa",206954,4.3,"Shallow reef slope","CB"
515,"B3B4","Modern","Egypt","El Quseir","Mangrove Bay","24/10/2023",25.87015,34.41968333,17,"Pocillopora","verrucosa",206954,4.3,"Shallow reef slope","CB"
516,"B3B4","Modern","Egypt","El Quseir","Mangrove Bay","24/10/2023",25.87015,34.41968333,14,"Pocillopora","verrucosa",206954,4.3,"Shallow reef slope","CB"
517,"B3B4","Modern","Egypt","El Quseir","Mangrove Bay","24/10/2023",25.87015,34.41968333,14,"Acropora","sp.",205469,4.3,"Shallow reef slope","ACB"
518,"B3B4","Modern","Egypt","El Quseir","Mangrove Bay","24/10/2023",25.87015,34.41968333,6,NA,NA,NA,4.3,"Shallow reef slope",NA
518,"B3B4","Modern","Egypt","El Quseir","Mangrove Bay","24/10/2023",25.87015,34.41968333,6,NA,NA,NA,4.3,"Shallow reef slope",NA
518,"B3B4","Modern","Egypt","El Quseir","Mangrove Bay","24/10/2023",25.87015,34.41968333,6,NA,NA,NA,4.3,"Shallow reef slope",NA
518,"B3B4","Modern","Egypt","El Quseir","Mangrove Bay","24/10/2023",25.87015,34.41968333,6,NA,NA,NA,4.3,"Shallow reef slope",NA
519,"B3B4","Modern","Egypt","El Quseir","Mangrove Bay","24/10/2023",25.87015,34.41968333,3,NA,NA,NA,4.3,"Shallow reef slope",NA
519,"B3B4","Modern","Egypt","El Quseir","Mangrove Bay","24/10/2023",25.87015,34.41968333,3,NA,NA,NA,4.3,"Shallow reef slope",NA
519,"B3B4","Modern","Egypt","El Quseir","Mangrove Bay","24/10/2023",25.87015,34.41968333,3,NA,NA,NA,4.3,"Shallow reef slope",NA
520,"B3B4","Modern","Egypt","El Quseir","Mangrove Bay","24/10/2023",25.87015,34.41968333,35,NA,NA,NA,4.3,"Shallow reef slope",NA
521,"B3B4","Modern","Egypt","El Quseir","Mangrove Bay","24/10/2023",25.87015,34.41968333,5,NA,NA,NA,4.3,"Shallow reef slope",NA
521,"B3B4","Modern","Egypt","El Quseir","Mangrove Bay","24/10/2023",25.87015,34.41968333,5,NA,NA,NA,4.3,"Shallow reef slope",NA
521,"B3B4","Modern","Egypt","El Quseir","Mangrove Bay","24/10/2023",25.87015,34.41968333,5,NA,NA,NA,4.3,"Shallow reef slope",NA
521,"B3B4","Modern","Egypt","El Quseir","Mangrove Bay","24/10/2023",25.87015,34.41968333,5,NA,NA,NA,4.3,"Shallow reef slope",NA
522,"B3B4","Modern","Egypt","El Quseir","Mangrove Bay","24/10/2023",25.87015,34.41968333,6,NA,NA,NA,4.3,"Shallow reef slope",NA
522,"B3B4","Modern","Egypt","El Quseir","Mangrove Bay","24/10/2023",25.87015,34.41968333,6,NA,NA,NA,4.3,"Shallow reef slope",NA
522,"B3B4","Modern","Egypt","El Quseir","Mangrove Bay","24/10/2023",25.87015,34.41968333,6,NA,NA,NA,4.3,"Shallow reef slope",NA
522,"B3B4","Modern","Egypt","El Quseir","Mangrove Bay","24/10/2023",25.87015,34.41968333,6,NA,NA,NA,4.3,"Shallow reef slope",NA
523,"B3B4","Modern","Egypt","El Quseir","Mangrove Bay","24/10/2023",25.87015,34.41968333,4,NA,NA,NA,4.3,"Shallow reef slope",NA
523,"B3B4","Modern","Egypt","El Quseir","Mangrove Bay","24/10/2023",25.87015,34.41968333,4,NA,NA,NA,4.3,"Shallow reef slope",NA
524,"B3B4","Modern","Egypt","El Quseir","Mangrove Bay","24/10/2023",25.87015,34.41968333,6,NA,NA,NA,4.3,"Shallow reef slope",NA
524,"B3B4","Modern","Egypt","El Quseir","Mangrove Bay","24/10/2023",25.87015,34.41968333,6,NA,NA,NA,4.3,"Shallow reef slope",NA
524,"B3B4","Modern","Egypt","El Quseir","Mangrove Bay","24/10/2023",25.87015,34.41968333,6,NA,NA,NA,4.3,"Shallow reef slope",NA
524,"B3B4","Modern","Egypt","El Quseir","Mangrove Bay","24/10/2023",25.87015,34.41968333,6,NA,NA,NA,4.3,"Shallow reef slope",NA
525,"B3B4","Modern","Egypt","El Quseir","Mangrove Bay","24/10/2023",25.87015,34.41968333,3,"Dipsastraea","pallida",758233,4.3,"Shallow reef slope","CE"
526,"B3B4","Modern","Egypt","El Quseir","Mangrove Bay","24/10/2023",25.87015,34.41968333,7,NA,NA,1363,4.3,"Shallow reef slope",NA
526,"B3B4","Modern","Egypt","El Quseir","Mangrove Bay","24/10/2023",25.87015,34.41968333,7,NA,NA,1363,4.3,"Shallow reef slope",NA
526,"B3B4","Modern","Egypt","El Quseir","Mangrove Bay","24/10/2023",25.87015,34.41968333,7,NA,NA,1363,4.3,"Shallow reef slope",NA
526,"B3B4","Modern","Egypt","El Quseir","Mangrove Bay","24/10/2023",25.87015,34.41968333,7,NA,NA,1363,4.3,"Shallow reef slope",NA
527,"B3B4","Modern","Egypt","El Quseir","Mangrove Bay","24/10/2023",25.87015,34.41968333,3,"Cyphastrea","microphthalma",207416,4.3,"Shallow reef slope","CE"
528,"B3B4","Modern","Egypt","El Quseir","Mangrove Bay","24/10/2023",25.87015,34.41968333,19,"Montipora","sp.",203834,4.3,"Shallow reef slope","CE"
529,"B3B4","Modern","Egypt","El Quseir","Mangrove Bay","24/10/2023",25.87015,34.41968333,5,"Montipora","efflorescens",207163,4.3,"Shallow reef slope","CE"
530,"B3B4","Modern","Egypt","El Quseir","Mangrove Bay","24/10/2023",25.87015,34.41968333,29,"Montipora","efflorescens",207163,4.3,"Shallow reef slope","CE"
531,"B3B4","Modern","Egypt","El Quseir","Mangrove Bay","24/10/2023",25.87015,34.41968333,1,"Pavona","varians",207303,4.3,"Shallow reef slope","CE"
532,"B3B4","Modern","Egypt","El Quseir","Mangrove Bay","24/10/2023",25.87015,34.41968333,11,"Pavona","varians",207303,4.3,"Shallow reef slope","CE"
533,"B3B4","Modern","Egypt","El Quseir","Mangrove Bay","24/10/2023",25.87015,34.41968333,4,"Montipora","efflorescens",207163,4.3,"Shallow reef slope","CE"
534,"B3B4","Modern","Egypt","El Quseir","Mangrove Bay","24/10/2023",25.87015,34.41968333,8,"Montipora","maeandrina",207188,4.3,"Shallow reef slope","CE"
535,"B3B4","Modern","Egypt","El Quseir","Mangrove Bay","24/10/2023",25.87015,34.41968333,10,"Cyphastrea","sp.",206488,4.3,"Shallow reef slope","CE"
536,"B3B4","Modern","Egypt","El Quseir","Mangrove Bay","24/10/2023",25.87015,34.41968333,3,"Stylocoeniella","guentheri",206948,4.3,"Shallow reef slope","CE"
537,"B3B4","Modern","Egypt","El Quseir","Mangrove Bay","24/10/2023",25.87015,34.41968333,3,"Montipora","sp.",203834,4.3,"Shallow reef slope","CE"
538,"B3B4","Modern","Egypt","El Quseir","Mangrove Bay","24/10/2023",25.87015,34.41968333,4,"Porites","rus",207231,4.3,"Shallow reef slope","CE"
538,"B3B4","Modern","Egypt","El Quseir","Mangrove Bay","24/10/2023",25.87015,34.41968333,4,"Porites","rus",207231,4.3,"Shallow reef slope","CM"
539,"B3B4","Modern","Egypt","El Quseir","Mangrove Bay","24/10/2023",25.87015,34.41968333,5,"Echinopora","forskaliana",288341,4.3,"Shallow reef slope","CE"
540,"B3B4","Modern","Egypt","El Quseir","Mangrove Bay","24/10/2023",25.87015,34.41968333,3,"Galaxea","fascicularis",207366,4.3,"Shallow reef slope","CM"
541,"B3B4","Modern","Egypt","El Quseir","Mangrove Bay","24/10/2023",25.87015,34.41968333,13,"Cyphastrea","sp.",206488,4.3,"Shallow reef slope","CE"
542,"B3B4","Modern","Egypt","El Quseir","Mangrove Bay","24/10/2023",25.87015,34.41968333,15,"Montipora","sp.",203834,4.3,"Shallow reef slope","CE"
543,"B3B4","Modern","Egypt","El Quseir","Mangrove Bay","24/10/2023",25.87015,34.41968333,5,"Montipora","sp.",203834,4.3,"Shallow reef slope","CE"
544,"B3B4","Modern","Egypt","El Quseir","Mangrove Bay","24/10/2023",25.87015,34.41968333,4,"Porites","sp.",206485,4.3,"Shallow reef slope","CE"
544,"B3B4","Modern","Egypt","El Quseir","Mangrove Bay","24/10/2023",25.87015,34.41968333,4,"Porites","sp.",206485,4.3,"Shallow reef slope","CM"
545,"B3B4","Modern","Egypt","El Quseir","Mangrove Bay","24/10/2023",25.87015,34.41968333,3,"Montipora","sp.",203834,4.3,"Shallow reef slope","CE"
546,"B3B4","Modern","Egypt","El Quseir","Mangrove Bay","24/10/2023",25.87015,34.41968333,9,"Montipora","maeandrina",207188,4.3,"Shallow reef slope","CE"
547,"B3B4","Modern","Egypt","El Quseir","Mangrove Bay","24/10/2023",25.87015,34.41968333,8,"Goniastrea","retiformis",207461,4.3,"Shallow reef slope","CM"
548,"B3B4","Modern","Egypt","El Quseir","Mangrove Bay","24/10/2023",25.87015,34.41968333,6,"Goniastrea","edwardsi",207466,4.3,"Shallow reef slope","CM"
549,"B3B4","Modern","Egypt","El Quseir","Mangrove Bay","24/10/2023",25.87015,34.41968333,24,"Porites","sp.",206485,4.3,"Shallow reef slope","CM"
550,"B3B4","Modern","Egypt","El Quseir","Mangrove Bay","24/10/2023",25.87015,34.41968333,13,"Goniastrea","edwardsi",207466,4.3,"Shallow reef slope","CS"
550,"B3B4","Modern","Egypt","El Quseir","Mangrove Bay","24/10/2023",25.87015,34.41968333,13,"Goniastrea","edwardsi",207466,4.3,"Shallow reef slope","CM"
551,"B3B4","Modern","Egypt","El Quseir","Mangrove Bay","24/10/2023",25.87015,34.41968333,5,"Goniastrea","edwardsi",207466,4.3,"Shallow reef slope","CM"
552,"B3B4","Modern","Egypt","El Quseir","Mangrove Bay","24/10/2023",25.87015,34.41968333,24,"Goniastrea","edwardsi",207466,4.3,"Shallow reef slope","CM"
553,"B3B4","Modern","Egypt","El Quseir","Mangrove Bay","24/10/2023",25.87015,34.41968333,2,"Porites","sp.",206485,4.3,"Shallow reef slope","CM"
554,"B3B4","Modern","Egypt","El Quseir","Mangrove Bay","24/10/2023",25.87015,34.41968333,15,"Goniastrea","edwardsi",207466,4.3,"Shallow reef slope","CM"
555,"B3B4","Modern","Egypt","El Quseir","Mangrove Bay","24/10/2023",25.87015,34.41968333,2,NA,NA,1363,4.3,"Shallow reef slope",NA
556,"B3B4","Modern","Egypt","El Quseir","Mangrove Bay","24/10/2023",25.87015,34.41968333,12,"Porites","rus",207231,4.3,"Shallow reef slope","CM"
557,"B3B4","Modern","Egypt","El Quseir","Mangrove Bay","24/10/2023",25.87015,34.41968333,2,"Porites","sp.",206485,4.3,"Shallow reef slope","CM"
558,"B3B4","Modern","Egypt","El Quseir","Mangrove Bay","24/10/2023",25.87015,34.41968333,13,"Porites","sp.",206485,4.3,"Shallow reef slope","CM"
559,"B3B4","Modern","Egypt","El Quseir","Mangrove Bay","24/10/2023",25.87015,34.41968333,23,"Porites","sp.",206485,4.3,"Shallow reef slope","CM"
560,"B3B4","Modern","Egypt","El Quseir","Mangrove Bay","24/10/2023",25.87015,34.41968333,4,"Porites","sp.",206485,4.3,"Shallow reef slope","CE"
560,"B3B4","Modern","Egypt","El Quseir","Mangrove Bay","24/10/2023",25.87015,34.41968333,4,"Porites","sp.",206485,4.3,"Shallow reef slope","CM"
561,"B3B4","Modern","Egypt","El Quseir","Mangrove Bay","24/10/2023",25.87015,34.41968333,4,"Porites","sp.",206485,4.3,"Shallow reef slope","CE"
561,"B3B4","Modern","Egypt","El Quseir","Mangrove Bay","24/10/2023",25.87015,34.41968333,4,"Porites","sp.",206485,4.3,"Shallow reef slope","CM"
562,"B3B4","Modern","Egypt","El Quseir","Mangrove Bay","24/10/2023",25.87015,34.41968333,2,"Porites","sp.",206485,4.3,"Shallow reef slope","CM"
563,"B3B4","Modern","Egypt","El Quseir","Mangrove Bay","24/10/2023",25.87015,34.41968333,5,"Porites","sp.",206485,4.3,"Shallow reef slope","CM"
564,"B3B4","Modern","Egypt","El Quseir","Mangrove Bay","24/10/2023",25.87015,34.41968333,7,"Goniastrea","pectinata",207464,4.3,"Shallow reef slope","CM"
565,"B3B4","Modern","Egypt","El Quseir","Mangrove Bay","24/10/2023",25.87015,34.41968333,9,"Goniastrea","sp.",205082,4.3,"Shallow reef slope","CM"
566,"B3B4","Modern","Egypt","El Quseir","Mangrove Bay","24/10/2023",25.87015,34.41968333,2,"Porites","sp.",206485,4.3,"Shallow reef slope","CM"
567,"B3B4","Modern","Egypt","El Quseir","Mangrove Bay","24/10/2023",25.87015,34.41968333,10,"Goniastrea","pectinata",207464,4.3,"Shallow reef slope","CM"
568,"B3B4","Modern","Egypt","El Quseir","Mangrove Bay","24/10/2023",25.87015,34.41968333,15,"Astreopora","myriophthalma",207128,4.3,"Shallow reef slope","CM"
569,"B3B4","Modern","Egypt","El Quseir","Mangrove Bay","24/10/2023",25.87015,34.41968333,14,"Goniastrea","edwardsi",207466,4.3,"Shallow reef slope","CM"
570,"B3B4","Modern","Egypt","El Quseir","Mangrove Bay","24/10/2023",25.87015,34.41968333,13,"Goniastrea","edwardsi",207466,4.3,"Shallow reef slope","CS"
570,"B3B4","Modern","Egypt","El Quseir","Mangrove Bay","24/10/2023",25.87015,34.41968333,13,"Goniastrea","edwardsi",207466,4.3,"Shallow reef slope","CM"
571,"B3B4","Modern","Egypt","El Quseir","Mangrove Bay","24/10/2023",25.87015,34.41968333,63,"Goniastrea","edwardsi",207466,4.3,"Shallow reef slope","CS"
572,"B3B4","Modern","Egypt","El Quseir","Mangrove Bay","24/10/2023",25.87015,34.41968333,27,"GAP","GAP",NA,4.3,"Shallow reef slope",NA
573,"B3B4","Modern","Egypt","El Quseir","Mangrove Bay","24/10/2023",25.87015,34.41968333,85,"GAP","GAP",NA,4.3,"Shallow reef slope",NA
574,"B3B4","Modern","Egypt","El Quseir","Mangrove Bay","24/10/2023",25.87015,34.41968333,1,"GAP","GAP",NA,4.3,"Shallow reef slope",NA
575,"B3B4","Modern","Egypt","El Quseir","Mangrove Bay","24/10/2023",25.87015,34.41968333,25,"GAP","GAP",NA,4.3,"Shallow reef slope",NA
576,"B3B4","Modern","Egypt","El Quseir","Mangrove Bay","24/10/2023",25.87015,34.41968333,41,"GAP","GAP",NA,4.3,"Shallow reef slope",NA
577,"B3B4","Modern","Egypt","El Quseir","Mangrove Bay","24/10/2023",25.87015,34.41968333,42,"GAP","GAP",NA,4.3,"Shallow reef slope",NA
578,"B3B4","Modern","Egypt","El Quseir","Mangrove Bay","24/10/2023",25.87015,34.41968333,63,"GAP","GAP",NA,4.3,"Shallow reef slope",NA
579,"B3B4","Modern","Egypt","El Quseir","Mangrove Bay","24/10/2023",25.87015,34.41968333,59,"GAP","GAP",NA,4.3,"Shallow reef slope",NA
580,"B3B4","Modern","Egypt","El Quseir","Mangrove Bay","24/10/2023",25.87015,34.41968333,25,"GAP","GAP",NA,4.3,"Shallow reef slope",NA
581,"B3B4","Modern","Egypt","El Quseir","Mangrove Bay","24/10/2023",25.87015,34.41968333,42,"GAP","GAP",NA,4.3,"Shallow reef slope",NA
582,"B3B4","Modern","Egypt","El Quseir","Mangrove Bay","24/10/2023",25.87015,34.41968333,7,"GAP","GAP",NA,4.3,"Shallow reef slope",NA
583,"B3B4","Modern","Egypt","El Quseir","Mangrove Bay","24/10/2023",25.87015,34.41968333,11,"GAP","GAP",NA,4.3,"Shallow reef slope",NA
584,"B3B4","Modern","Egypt","El Quseir","Mangrove Bay","24/10/2023",25.87015,34.41968333,24,"GAP","GAP",NA,4.3,"Shallow reef slope",NA
585,"B3B4","Modern","Egypt","El Quseir","Mangrove Bay","24/10/2023",25.87015,34.41968333,5,"GAP","GAP",NA,4.3,"Shallow reef slope",NA
586,"B3B4","Modern","Egypt","El Quseir","Mangrove Bay","24/10/2023",25.87015,34.41968333,562,"GAP","GAP",NA,4.3,"Shallow reef slope",NA
587,"B3B4","Modern","Egypt","El Quseir","Mangrove Bay","24/10/2023",25.87015,34.41968333,12,"GAP","GAP",NA,4.3,"Shallow reef slope",NA
588,"B3B4","Modern","Egypt","El Quseir","Mangrove Bay","24/10/2023",25.87015,34.41968333,22,"GAP","GAP",NA,4.3,"Shallow reef slope",NA
589,"B3B4","Modern","Egypt","El Quseir","Mangrove Bay","24/10/2023",25.87015,34.41968333,10,"GAP","GAP",NA,4.3,"Shallow reef slope",NA
590,"B3B4","Modern","Egypt","El Quseir","Mangrove Bay","24/10/2023",25.87015,34.41968333,15,"GAP","GAP",NA,4.3,"Shallow reef slope",NA
591,"B3B4","Modern","Egypt","El Quseir","Mangrove Bay","24/10/2023",25.87015,34.41968333,27,"GAP","GAP",NA,4.3,"Shallow reef slope",NA
592,"B3B4","Modern","Egypt","El Quseir","Mangrove Bay","24/10/2023",25.87015,34.41968333,6,"GAP","GAP",NA,4.3,"Shallow reef slope",NA
593,"B3B4","Modern","Egypt","El Quseir","Mangrove Bay","24/10/2023",25.87015,34.41968333,32,"GAP","GAP",NA,4.3,"Shallow reef slope",NA
594,"B3B4","Modern","Egypt","El Quseir","Mangrove Bay","24/10/2023",25.87015,34.41968333,19,"GAP","GAP",NA,4.3,"Shallow reef slope",NA
595,"B3B4","Modern","Egypt","El Quseir","Mangrove Bay","24/10/2023",25.87015,34.41968333,17,"GAP","GAP",NA,4.3,"Shallow reef slope",NA
596,"B3B4","Modern","Egypt","El Quseir","Mangrove Bay","24/10/2023",25.87015,34.41968333,50,"GAP","GAP",NA,4.3,"Shallow reef slope",NA
597,"B3B4","Modern","Egypt","El Quseir","Mangrove Bay","24/10/2023",25.87015,34.41968333,48,"GAP","GAP",NA,4.3,"Shallow reef slope",NA
598,"B3B4","Modern","Egypt","El Quseir","Mangrove Bay","24/10/2023",25.87015,34.41968333,11,"Tridacna","sp.",205753,4.3,"Shallow reef slope","MOLL"
599,"B3B4","Modern","Egypt","El Quseir","Mangrove Bay","24/10/2023",25.87015,34.41968333,11,NA,NA,NA,4.3,"Shallow reef slope",NA
599,"B3B4","Modern","Egypt","El Quseir","Mangrove Bay","24/10/2023",25.87015,34.41968333,11,NA,NA,NA,4.3,"Shallow reef slope",NA
599,"B3B4","Modern","Egypt","El Quseir","Mangrove Bay","24/10/2023",25.87015,34.41968333,11,NA,NA,NA,4.3,"Shallow reef slope",NA
600,"B3B4","Modern","Egypt","El Quseir","Mangrove Bay","24/10/2023",25.87015,34.41968333,12,NA,NA,NA,4.3,"Shallow reef slope",NA
600,"B3B4","Modern","Egypt","El Quseir","Mangrove Bay","24/10/2023",25.87015,34.41968333,12,NA,NA,NA,4.3,"Shallow reef slope",NA
600,"B3B4","Modern","Egypt","El Quseir","Mangrove Bay","24/10/2023",25.87015,34.41968333,12,NA,NA,NA,4.3,"Shallow reef slope",NA
601,"B3B4","Modern","Egypt","El Quseir","Mangrove Bay","24/10/2023",25.87015,34.41968333,6,NA,NA,NA,4.3,"Shallow reef slope",NA
601,"B3B4","Modern","Egypt","El Quseir","Mangrove Bay","24/10/2023",25.87015,34.41968333,6,NA,NA,NA,4.3,"Shallow reef slope",NA
601,"B3B4","Modern","Egypt","El Quseir","Mangrove Bay","24/10/2023",25.87015,34.41968333,6,NA,NA,NA,4.3,"Shallow reef slope",NA
601,"B3B4","Modern","Egypt","El Quseir","Mangrove Bay","24/10/2023",25.87015,34.41968333,6,NA,NA,NA,4.3,"Shallow reef slope",NA
602,"B3B4","Modern","Egypt","El Quseir","Mangrove Bay","24/10/2023",25.87015,34.41968333,7,NA,NA,NA,4.3,"Shallow reef slope",NA
602,"B3B4","Modern","Egypt","El Quseir","Mangrove Bay","24/10/2023",25.87015,34.41968333,7,NA,NA,NA,4.3,"Shallow reef slope",NA
602,"B3B4","Modern","Egypt","El Quseir","Mangrove Bay","24/10/2023",25.87015,34.41968333,7,NA,NA,NA,4.3,"Shallow reef slope",NA
602,"B3B4","Modern","Egypt","El Quseir","Mangrove Bay","24/10/2023",25.87015,34.41968333,7,NA,NA,NA,4.3,"Shallow reef slope",NA
603,"B3B4","Modern","Egypt","El Quseir","Mangrove Bay","24/10/2023",25.87015,34.41968333,9,NA,NA,NA,4.3,"Shallow reef slope",NA
603,"B3B4","Modern","Egypt","El Quseir","Mangrove Bay","24/10/2023",25.87015,34.41968333,9,NA,NA,NA,4.3,"Shallow reef slope",NA
604,"B3B4","Modern","Egypt","El Quseir","Mangrove Bay","24/10/2023",25.87015,34.41968333,5,NA,NA,NA,4.3,"Shallow reef slope",NA
604,"B3B4","Modern","Egypt","El Quseir","Mangrove Bay","24/10/2023",25.87015,34.41968333,5,NA,NA,NA,4.3,"Shallow reef slope",NA
604,"B3B4","Modern","Egypt","El Quseir","Mangrove Bay","24/10/2023",25.87015,34.41968333,5,NA,NA,NA,4.3,"Shallow reef slope",NA
604,"B3B4","Modern","Egypt","El Quseir","Mangrove Bay","24/10/2023",25.87015,34.41968333,5,NA,NA,NA,4.3,"Shallow reef slope",NA
605,"B3B4","Modern","Egypt","El Quseir","Mangrove Bay","24/10/2023",25.87015,34.41968333,9,NA,NA,NA,4.3,"Shallow reef slope",NA
605,"B3B4","Modern","Egypt","El Quseir","Mangrove Bay","24/10/2023",25.87015,34.41968333,9,NA,NA,NA,4.3,"Shallow reef slope",NA
606,"B3B4","Modern","Egypt","El Quseir","Mangrove Bay","24/10/2023",25.87015,34.41968333,7,NA,NA,NA,4.3,"Shallow reef slope",NA
606,"B3B4","Modern","Egypt","El Quseir","Mangrove Bay","24/10/2023",25.87015,34.41968333,7,NA,NA,NA,4.3,"Shallow reef slope",NA
606,"B3B4","Modern","Egypt","El Quseir","Mangrove Bay","24/10/2023",25.87015,34.41968333,7,NA,NA,NA,4.3,"Shallow reef slope",NA
606,"B3B4","Modern","Egypt","El Quseir","Mangrove Bay","24/10/2023",25.87015,34.41968333,7,NA,NA,NA,4.3,"Shallow reef slope",NA
607,"B3B4","Modern","Egypt","El Quseir","Mangrove Bay","24/10/2023",25.87015,34.41968333,31,NA,NA,NA,4.3,"Shallow reef slope",NA
608,"B3B4","Modern","Egypt","El Quseir","Mangrove Bay","24/10/2023",25.87015,34.41968333,10,NA,NA,NA,4.3,"Shallow reef slope",NA
608,"B3B4","Modern","Egypt","El Quseir","Mangrove Bay","24/10/2023",25.87015,34.41968333,10,NA,NA,NA,4.3,"Shallow reef slope",NA
608,"B3B4","Modern","Egypt","El Quseir","Mangrove Bay","24/10/2023",25.87015,34.41968333,10,NA,NA,NA,4.3,"Shallow reef slope",NA
609,"B3B4","Modern","Egypt","El Quseir","Mangrove Bay","24/10/2023",25.87015,34.41968333,5,NA,NA,NA,4.3,"Shallow reef slope",NA
609,"B3B4","Modern","Egypt","El Quseir","Mangrove Bay","24/10/2023",25.87015,34.41968333,5,NA,NA,NA,4.3,"Shallow reef slope",NA
609,"B3B4","Modern","Egypt","El Quseir","Mangrove Bay","24/10/2023",25.87015,34.41968333,5,NA,NA,NA,4.3,"Shallow reef slope",NA
609,"B3B4","Modern","Egypt","El Quseir","Mangrove Bay","24/10/2023",25.87015,34.41968333,5,NA,NA,NA,4.3,"Shallow reef slope",NA
610,"B3B4","Modern","Egypt","El Quseir","Mangrove Bay","24/10/2023",25.87015,34.41968333,4,NA,NA,NA,4.3,"Shallow reef slope",NA
610,"B3B4","Modern","Egypt","El Quseir","Mangrove Bay","24/10/2023",25.87015,34.41968333,4,NA,NA,NA,4.3,"Shallow reef slope",NA
611,"B3B4","Modern","Egypt","El Quseir","Mangrove Bay","24/10/2023",25.87015,34.41968333,33,NA,NA,NA,4.3,"Shallow reef slope",NA
612,"B3B4","Modern","Egypt","El Quseir","Mangrove Bay","24/10/2023",25.87015,34.41968333,21,NA,NA,NA,4.3,"Shallow reef slope",NA
613,"B3B4","Modern","Egypt","El Quseir","Mangrove Bay","24/10/2023",25.87015,34.41968333,8,NA,NA,NA,4.3,"Shallow reef slope",NA
613,"B3B4","Modern","Egypt","El Quseir","Mangrove Bay","24/10/2023",25.87015,34.41968333,8,NA,NA,NA,4.3,"Shallow reef slope",NA
614,"B3B4","Modern","Egypt","El Quseir","Mangrove Bay","24/10/2023",25.87015,34.41968333,31,NA,NA,NA,4.3,"Shallow reef slope",NA
615,"B3B4","Modern","Egypt","El Quseir","Mangrove Bay","24/10/2023",25.87015,34.41968333,12,NA,NA,NA,4.3,"Shallow reef slope",NA
615,"B3B4","Modern","Egypt","El Quseir","Mangrove Bay","24/10/2023",25.87015,34.41968333,12,NA,NA,NA,4.3,"Shallow reef slope",NA
615,"B3B4","Modern","Egypt","El Quseir","Mangrove Bay","24/10/2023",25.87015,34.41968333,12,NA,NA,NA,4.3,"Shallow reef slope",NA
616,"B3B4","Modern","Egypt","El Quseir","Mangrove Bay","24/10/2023",25.87015,34.41968333,8,NA,NA,NA,4.3,"Shallow reef slope",NA
616,"B3B4","Modern","Egypt","El Quseir","Mangrove Bay","24/10/2023",25.87015,34.41968333,8,NA,NA,NA,4.3,"Shallow reef slope",NA
617,"B3B4","Modern","Egypt","El Quseir","Mangrove Bay","24/10/2023",25.87015,34.41968333,21,NA,NA,NA,4.3,"Shallow reef slope",NA
618,"B3B4","Modern","Egypt","El Quseir","Mangrove Bay","24/10/2023",25.87015,34.41968333,15,NA,NA,NA,4.3,"Shallow reef slope",NA
618,"B3B4","Modern","Egypt","El Quseir","Mangrove Bay","24/10/2023",25.87015,34.41968333,15,NA,NA,NA,4.3,"Shallow reef slope",NA
618,"B3B4","Modern","Egypt","El Quseir","Mangrove Bay","24/10/2023",25.87015,34.41968333,15,NA,NA,NA,4.3,"Shallow reef slope",NA
619,"B3B4","Modern","Egypt","El Quseir","Mangrove Bay","24/10/2023",25.87015,34.41968333,20,NA,NA,NA,4.3,"Shallow reef slope",NA
619,"B3B4","Modern","Egypt","El Quseir","Mangrove Bay","24/10/2023",25.87015,34.41968333,20,NA,NA,NA,4.3,"Shallow reef slope",NA
620,"B3B4","Modern","Egypt","El Quseir","Mangrove Bay","24/10/2023",25.87015,34.41968333,3,NA,NA,NA,4.3,"Shallow reef slope",NA
620,"B3B4","Modern","Egypt","El Quseir","Mangrove Bay","24/10/2023",25.87015,34.41968333,3,NA,NA,NA,4.3,"Shallow reef slope",NA
620,"B3B4","Modern","Egypt","El Quseir","Mangrove Bay","24/10/2023",25.87015,34.41968333,3,NA,NA,NA,4.3,"Shallow reef slope",NA
621,"B3B4","Modern","Egypt","El Quseir","Mangrove Bay","24/10/2023",25.87015,34.41968333,4,NA,NA,NA,4.3,"Shallow reef slope",NA
621,"B3B4","Modern","Egypt","El Quseir","Mangrove Bay","24/10/2023",25.87015,34.41968333,4,NA,NA,NA,4.3,"Shallow reef slope",NA
622,"B3B4","Modern","Egypt","El Quseir","Mangrove Bay","24/10/2023",25.87015,34.41968333,44,NA,NA,NA,4.3,"Shallow reef slope",NA
623,"B5B6","Modern","Egypt","El Quseir","Mangrove Bay","24/10/2023",25.87015,34.41968333,12,NA,NA,NA,4.3,"Shallow reef slope",NA
624,"B5B6","Modern","Egypt","El Quseir","Mangrove Bay","24/10/2023",25.87015,34.41968333,26,NA,NA,NA,4.3,"Shallow reef slope",NA
625,"B5B6","Modern","Egypt","El Quseir","Mangrove Bay","24/10/2023",25.87015,34.41968333,9,NA,NA,NA,4.3,"Shallow reef slope",NA
626,"B5B6","Modern","Egypt","El Quseir","Mangrove Bay","24/10/2023",25.87015,34.41968333,3,NA,NA,NA,4.3,"Shallow reef slope",NA
626,"B5B6","Modern","Egypt","El Quseir","Mangrove Bay","24/10/2023",25.87015,34.41968333,3,NA,NA,NA,4.3,"Shallow reef slope",NA
627,"B5B6","Modern","Egypt","El Quseir","Mangrove Bay","24/10/2023",25.87015,34.41968333,10,NA,NA,NA,4.3,"Shallow reef slope",NA
627,"B5B6","Modern","Egypt","El Quseir","Mangrove Bay","24/10/2023",25.87015,34.41968333,10,NA,NA,NA,4.3,"Shallow reef slope",NA
627,"B5B6","Modern","Egypt","El Quseir","Mangrove Bay","24/10/2023",25.87015,34.41968333,10,NA,NA,NA,4.3,"Shallow reef slope",NA
627,"B5B6","Modern","Egypt","El Quseir","Mangrove Bay","24/10/2023",25.87015,34.41968333,10,NA,NA,NA,4.3,"Shallow reef slope",NA
628,"B5B6","Modern","Egypt","El Quseir","Mangrove Bay","24/10/2023",25.87015,34.41968333,16,NA,NA,NA,4.3,"Shallow reef slope",NA
629,"B5B6","Modern","Egypt","El Quseir","Mangrove Bay","24/10/2023",25.87015,34.41968333,19,NA,NA,NA,4.3,"Shallow reef slope",NA
629,"B5B6","Modern","Egypt","El Quseir","Mangrove Bay","24/10/2023",25.87015,34.41968333,19,NA,NA,NA,4.3,"Shallow reef slope",NA
630,"B5B6","Modern","Egypt","El Quseir","Mangrove Bay","24/10/2023",25.87015,34.41968333,25,NA,NA,NA,4.3,"Shallow reef slope",NA
631,"B5B6","Modern","Egypt","El Quseir","Mangrove Bay","24/10/2023",25.87015,34.41968333,7,NA,NA,NA,4.3,"Shallow reef slope",NA
631,"B5B6","Modern","Egypt","El Quseir","Mangrove Bay","24/10/2023",25.87015,34.41968333,7,NA,NA,NA,4.3,"Shallow reef slope",NA
632,"B5B6","Modern","Egypt","El Quseir","Mangrove Bay","24/10/2023",25.87015,34.41968333,10,NA,NA,NA,4.3,"Shallow reef slope",NA
632,"B5B6","Modern","Egypt","El Quseir","Mangrove Bay","24/10/2023",25.87015,34.41968333,10,NA,NA,NA,4.3,"Shallow reef slope",NA
632,"B5B6","Modern","Egypt","El Quseir","Mangrove Bay","24/10/2023",25.87015,34.41968333,10,NA,NA,NA,4.3,"Shallow reef slope",NA
632,"B5B6","Modern","Egypt","El Quseir","Mangrove Bay","24/10/2023",25.87015,34.41968333,10,NA,NA,NA,4.3,"Shallow reef slope",NA
633,"B5B6","Modern","Egypt","El Quseir","Mangrove Bay","24/10/2023",25.87015,34.41968333,22,NA,NA,NA,4.3,"Shallow reef slope",NA
634,"B5B6","Modern","Egypt","El Quseir","Mangrove Bay","24/10/2023",25.87015,34.41968333,24,NA,NA,NA,4.3,"Shallow reef slope",NA
634,"B5B6","Modern","Egypt","El Quseir","Mangrove Bay","24/10/2023",25.87015,34.41968333,24,NA,NA,NA,4.3,"Shallow reef slope",NA
635,"B5B6","Modern","Egypt","El Quseir","Mangrove Bay","24/10/2023",25.87015,34.41968333,6,NA,NA,NA,4.3,"Shallow reef slope",NA
635,"B5B6","Modern","Egypt","El Quseir","Mangrove Bay","24/10/2023",25.87015,34.41968333,6,NA,NA,NA,4.3,"Shallow reef slope",NA
636,"B5B6","Modern","Egypt","El Quseir","Mangrove Bay","24/10/2023",25.87015,34.41968333,10,NA,NA,NA,4.3,"Shallow reef slope",NA
636,"B5B6","Modern","Egypt","El Quseir","Mangrove Bay","24/10/2023",25.87015,34.41968333,10,NA,NA,NA,4.3,"Shallow reef slope",NA
636,"B5B6","Modern","Egypt","El Quseir","Mangrove Bay","24/10/2023",25.87015,34.41968333,10,NA,NA,NA,4.3,"Shallow reef slope",NA
636,"B5B6","Modern","Egypt","El Quseir","Mangrove Bay","24/10/2023",25.87015,34.41968333,10,NA,NA,NA,4.3,"Shallow reef slope",NA
637,"B5B6","Modern","Egypt","El Quseir","Mangrove Bay","24/10/2023",25.87015,34.41968333,51,NA,NA,NA,4.3,"Shallow reef slope",NA
638,"B5B6","Modern","Egypt","El Quseir","Mangrove Bay","24/10/2023",25.87015,34.41968333,13,NA,NA,NA,4.3,"Shallow reef slope",NA
638,"B5B6","Modern","Egypt","El Quseir","Mangrove Bay","24/10/2023",25.87015,34.41968333,13,NA,NA,NA,4.3,"Shallow reef slope",NA
639,"B5B6","Modern","Egypt","El Quseir","Mangrove Bay","24/10/2023",25.87015,34.41968333,12,NA,NA,NA,4.3,"Shallow reef slope",NA
640,"B5B6","Modern","Egypt","El Quseir","Mangrove Bay","24/10/2023",25.87015,34.41968333,5,NA,NA,NA,4.3,"Shallow reef slope",NA
640,"B5B6","Modern","Egypt","El Quseir","Mangrove Bay","24/10/2023",25.87015,34.41968333,5,NA,NA,NA,4.3,"Shallow reef slope",NA
640,"B5B6","Modern","Egypt","El Quseir","Mangrove Bay","24/10/2023",25.87015,34.41968333,5,NA,NA,NA,4.3,"Shallow reef slope",NA
641,"B5B6","Modern","Egypt","El Quseir","Mangrove Bay","24/10/2023",25.87015,34.41968333,12,NA,NA,NA,4.3,"Shallow reef slope",NA
642,"B5B6","Modern","Egypt","El Quseir","Mangrove Bay","24/10/2023",25.87015,34.41968333,43,NA,NA,NA,4.3,"Shallow reef slope",NA
643,"B5B6","Modern","Egypt","El Quseir","Mangrove Bay","24/10/2023",25.87015,34.41968333,9,NA,NA,NA,4.3,"Shallow reef slope",NA
644,"B5B6","Modern","Egypt","El Quseir","Mangrove Bay","24/10/2023",25.87015,34.41968333,42,NA,NA,NA,4.3,"Shallow reef slope",NA
645,"B5B6","Modern","Egypt","El Quseir","Mangrove Bay","24/10/2023",25.87015,34.41968333,2,NA,NA,NA,4.3,"Shallow reef slope",NA
645,"B5B6","Modern","Egypt","El Quseir","Mangrove Bay","24/10/2023",25.87015,34.41968333,2,NA,NA,NA,4.3,"Shallow reef slope",NA
646,"B5B6","Modern","Egypt","El Quseir","Mangrove Bay","24/10/2023",25.87015,34.41968333,7,NA,NA,NA,4.3,"Shallow reef slope",NA
646,"B5B6","Modern","Egypt","El Quseir","Mangrove Bay","24/10/2023",25.87015,34.41968333,7,NA,NA,NA,4.3,"Shallow reef slope",NA
647,"B5B6","Modern","Egypt","El Quseir","Mangrove Bay","24/10/2023",25.87015,34.41968333,9,NA,NA,NA,4.3,"Shallow reef slope",NA
648,"B5B6","Modern","Egypt","El Quseir","Mangrove Bay","24/10/2023",25.87015,34.41968333,7,NA,NA,NA,4.3,"Shallow reef slope",NA
648,"B5B6","Modern","Egypt","El Quseir","Mangrove Bay","24/10/2023",25.87015,34.41968333,7,NA,NA,NA,4.3,"Shallow reef slope",NA
649,"B5B6","Modern","Egypt","El Quseir","Mangrove Bay","24/10/2023",25.87015,34.41968333,13,NA,NA,NA,4.3,"Shallow reef slope",NA
649,"B5B6","Modern","Egypt","El Quseir","Mangrove Bay","24/10/2023",25.87015,34.41968333,13,NA,NA,NA,4.3,"Shallow reef slope",NA
650,"B5B6","Modern","Egypt","El Quseir","Mangrove Bay","24/10/2023",25.87015,34.41968333,8,NA,NA,NA,4.3,"Shallow reef slope",NA
651,"B5B6","Modern","Egypt","El Quseir","Mangrove Bay","24/10/2023",25.87015,34.41968333,17,"Acropora","sp.",205469,4.3,"Shallow reef slope","ACB"
652,"B5B6","Modern","Egypt","El Quseir","Mangrove Bay","24/10/2023",25.87015,34.41968333,23,"Acropora","sp.",205469,4.3,"Shallow reef slope","ACB"
653,"B5B6","Modern","Egypt","El Quseir","Mangrove Bay","24/10/2023",25.87015,34.41968333,15,"Acropora","sp.",205469,4.3,"Shallow reef slope","ACB"
654,"B5B6","Modern","Egypt","El Quseir","Mangrove Bay","24/10/2023",25.87015,34.41968333,18,"Acropora","sp.",205469,4.3,"Shallow reef slope","ACB"
655,"B5B6","Modern","Egypt","El Quseir","Mangrove Bay","24/10/2023",25.87015,34.41968333,22,"Acropora","sp.",205469,4.3,"Shallow reef slope","ACB"
656,"B5B6","Modern","Egypt","El Quseir","Mangrove Bay","24/10/2023",25.87015,34.41968333,6,"Acropora","sp.",205469,4.3,"Shallow reef slope","ACB"
657,"B5B6","Modern","Egypt","El Quseir","Mangrove Bay","24/10/2023",25.87015,34.41968333,2,NA,NA,NA,4.3,"Shallow reef slope",NA
657,"B5B6","Modern","Egypt","El Quseir","Mangrove Bay","24/10/2023",25.87015,34.41968333,2,NA,NA,NA,4.3,"Shallow reef slope",NA
658,"B5B6","Modern","Egypt","El Quseir","Mangrove Bay","24/10/2023",25.87015,34.41968333,2,NA,NA,NA,4.3,"Shallow reef slope",NA
658,"B5B6","Modern","Egypt","El Quseir","Mangrove Bay","24/10/2023",25.87015,34.41968333,2,NA,NA,NA,4.3,"Shallow reef slope",NA
659,"B5B6","Modern","Egypt","El Quseir","Mangrove Bay","24/10/2023",25.87015,34.41968333,3,"Pocillopora","verrucosa",206954,4.3,"Shallow reef slope","CB"
660,"B5B6","Modern","Egypt","El Quseir","Mangrove Bay","24/10/2023",25.87015,34.41968333,13,"Pocillopora","verrucosa",206954,4.3,"Shallow reef slope","CB"
661,"B5B6","Modern","Egypt","El Quseir","Mangrove Bay","24/10/2023",25.87015,34.41968333,10,"Pocillopora","verrucosa",206954,4.3,"Shallow reef slope","CB"
662,"B5B6","Modern","Egypt","El Quseir","Mangrove Bay","24/10/2023",25.87015,34.41968333,24,"Pocillopora","verrucosa",206954,4.3,"Shallow reef slope","CB"
663,"B5B6","Modern","Egypt","El Quseir","Mangrove Bay","24/10/2023",25.87015,34.41968333,7,"Seriatopora","hystrix",206973,4.3,"Shallow reef slope","CB"
664,"B5B6","Modern","Egypt","El Quseir","Mangrove Bay","24/10/2023",25.87015,34.41968333,14,"Pocillopora","verrucosa",206954,4.3,"Shallow reef slope","CB"
665,"B5B6","Modern","Egypt","El Quseir","Mangrove Bay","24/10/2023",25.87015,34.41968333,9,"Pocillopora","damicornis",206953,4.3,"Shallow reef slope","CB"
666,"B5B6","Modern","Egypt","El Quseir","Mangrove Bay","24/10/2023",25.87015,34.41968333,15,"Pocillopora","verrucosa",206954,4.3,"Shallow reef slope","CB"
667,"B5B6","Modern","Egypt","El Quseir","Mangrove Bay","24/10/2023",25.87015,34.41968333,5,"Pocillopora","verrucosa",206954,4.3,"Shallow reef slope","CB"
668,"B5B6","Modern","Egypt","El Quseir","Mangrove Bay","24/10/2023",25.87015,34.41968333,31,"Pocillopora","verrucosa",206954,4.3,"Shallow reef slope","CB"
669,"B5B6","Modern","Egypt","El Quseir","Mangrove Bay","24/10/2023",25.87015,34.41968333,15,NA,NA,NA,4.3,"Shallow reef slope",NA
669,"B5B6","Modern","Egypt","El Quseir","Mangrove Bay","24/10/2023",25.87015,34.41968333,15,NA,NA,NA,4.3,"Shallow reef slope",NA
669,"B5B6","Modern","Egypt","El Quseir","Mangrove Bay","24/10/2023",25.87015,34.41968333,15,NA,NA,NA,4.3,"Shallow reef slope",NA
670,"B5B6","Modern","Egypt","El Quseir","Mangrove Bay","24/10/2023",25.87015,34.41968333,15,NA,NA,NA,4.3,"Shallow reef slope",NA
670,"B5B6","Modern","Egypt","El Quseir","Mangrove Bay","24/10/2023",25.87015,34.41968333,15,NA,NA,NA,4.3,"Shallow reef slope",NA
670,"B5B6","Modern","Egypt","El Quseir","Mangrove Bay","24/10/2023",25.87015,34.41968333,15,NA,NA,NA,4.3,"Shallow reef slope",NA
671,"B5B6","Modern","Egypt","El Quseir","Mangrove Bay","24/10/2023",25.87015,34.41968333,23,NA,NA,NA,4.3,"Shallow reef slope",NA
672,"B5B6","Modern","Egypt","El Quseir","Mangrove Bay","24/10/2023",25.87015,34.41968333,10,NA,NA,NA,4.3,"Shallow reef slope",NA
672,"B5B6","Modern","Egypt","El Quseir","Mangrove Bay","24/10/2023",25.87015,34.41968333,10,NA,NA,NA,4.3,"Shallow reef slope",NA
672,"B5B6","Modern","Egypt","El Quseir","Mangrove Bay","24/10/2023",25.87015,34.41968333,10,NA,NA,NA,4.3,"Shallow reef slope",NA
672,"B5B6","Modern","Egypt","El Quseir","Mangrove Bay","24/10/2023",25.87015,34.41968333,10,NA,NA,NA,4.3,"Shallow reef slope",NA
673,"B5B6","Modern","Egypt","El Quseir","Mangrove Bay","24/10/2023",25.87015,34.41968333,14,NA,NA,NA,4.3,"Shallow reef slope",NA
674,"B5B6","Modern","Egypt","El Quseir","Mangrove Bay","24/10/2023",25.87015,34.41968333,24,NA,NA,NA,4.3,"Shallow reef slope",NA
674,"B5B6","Modern","Egypt","El Quseir","Mangrove Bay","24/10/2023",25.87015,34.41968333,24,NA,NA,NA,4.3,"Shallow reef slope",NA
675,"B5B6","Modern","Egypt","El Quseir","Mangrove Bay","24/10/2023",25.87015,34.41968333,19,NA,NA,NA,4.3,"Shallow reef slope",NA
675,"B5B6","Modern","Egypt","El Quseir","Mangrove Bay","24/10/2023",25.87015,34.41968333,19,NA,NA,NA,4.3,"Shallow reef slope",NA
676,"B5B6","Modern","Egypt","El Quseir","Mangrove Bay","24/10/2023",25.87015,34.41968333,15,NA,NA,NA,4.3,"Shallow reef slope",NA
676,"B5B6","Modern","Egypt","El Quseir","Mangrove Bay","24/10/2023",25.87015,34.41968333,15,NA,NA,NA,4.3,"Shallow reef slope",NA
676,"B5B6","Modern","Egypt","El Quseir","Mangrove Bay","24/10/2023",25.87015,34.41968333,15,NA,NA,NA,4.3,"Shallow reef slope",NA
677,"B5B6","Modern","Egypt","El Quseir","Mangrove Bay","24/10/2023",25.87015,34.41968333,34,NA,NA,NA,4.3,"Shallow reef slope",NA
678,"B5B6","Modern","Egypt","El Quseir","Mangrove Bay","24/10/2023",25.87015,34.41968333,20,NA,NA,NA,4.3,"Shallow reef slope",NA
679,"B5B6","Modern","Egypt","El Quseir","Mangrove Bay","24/10/2023",25.87015,34.41968333,3,NA,NA,NA,4.3,"Shallow reef slope",NA
679,"B5B6","Modern","Egypt","El Quseir","Mangrove Bay","24/10/2023",25.87015,34.41968333,3,NA,NA,NA,4.3,"Shallow reef slope",NA
680,"B5B6","Modern","Egypt","El Quseir","Mangrove Bay","24/10/2023",25.87015,34.41968333,11,NA,NA,NA,4.3,"Shallow reef slope",NA
681,"B5B6","Modern","Egypt","El Quseir","Mangrove Bay","24/10/2023",25.87015,34.41968333,10,NA,NA,NA,4.3,"Shallow reef slope",NA
681,"B5B6","Modern","Egypt","El Quseir","Mangrove Bay","24/10/2023",25.87015,34.41968333,10,NA,NA,NA,4.3,"Shallow reef slope",NA
681,"B5B6","Modern","Egypt","El Quseir","Mangrove Bay","24/10/2023",25.87015,34.41968333,10,NA,NA,NA,4.3,"Shallow reef slope",NA
681,"B5B6","Modern","Egypt","El Quseir","Mangrove Bay","24/10/2023",25.87015,34.41968333,10,NA,NA,NA,4.3,"Shallow reef slope",NA
682,"B5B6","Modern","Egypt","El Quseir","Mangrove Bay","24/10/2023",25.87015,34.41968333,3,"Porites","sp.",206485,4.3,"Shallow reef slope","CE"
683,"B5B6","Modern","Egypt","El Quseir","Mangrove Bay","24/10/2023",25.87015,34.41968333,2,"Leptastrea","sp.",204278,4.3,"Shallow reef slope","CE"
684,"B5B6","Modern","Egypt","El Quseir","Mangrove Bay","24/10/2023",25.87015,34.41968333,2,"Leptastrea","purpurea",207470,4.3,"Shallow reef slope","CE"
685,"B5B6","Modern","Egypt","El Quseir","Mangrove Bay","24/10/2023",25.87015,34.41968333,4,"Montipora","grisea",287709,4.3,"Shallow reef slope","CE"
686,"B5B6","Modern","Egypt","El Quseir","Mangrove Bay","24/10/2023",25.87015,34.41968333,5,"Montipora","sp.",203834,4.3,"Shallow reef slope","CE"
687,"B5B6","Modern","Egypt","El Quseir","Mangrove Bay","24/10/2023",25.87015,34.41968333,13,"Montipora","maeandrina",207188,4.3,"Shallow reef slope","CE"
688,"B5B6","Modern","Egypt","El Quseir","Mangrove Bay","24/10/2023",25.87015,34.41968333,10,"Montipora","sp.",203834,4.3,"Shallow reef slope","CE"
689,"B5B6","Modern","Egypt","El Quseir","Mangrove Bay","24/10/2023",25.87015,34.41968333,2,"Cyphastrea","microphthalma",207416,4.3,"Shallow reef slope","CE"
690,"B5B6","Modern","Egypt","El Quseir","Mangrove Bay","24/10/2023",25.87015,34.41968333,7,"Cyphastrea","kausti",843628,4.3,"Shallow reef slope","CE"
691,"B5B6","Modern","Egypt","El Quseir","Mangrove Bay","24/10/2023",25.87015,34.41968333,6,"Cyphastrea","sp.",206488,4.3,"Shallow reef slope","CE"
692,"B5B6","Modern","Egypt","El Quseir","Mangrove Bay","24/10/2023",25.87015,34.41968333,9,"Montipora","sp.",203834,4.3,"Shallow reef slope","CE"
693,"B5B6","Modern","Egypt","El Quseir","Mangrove Bay","24/10/2023",25.87015,34.41968333,2,"Montipora","efflorescens",207163,4.3,"Shallow reef slope","CE"
694,"B5B6","Modern","Egypt","El Quseir","Mangrove Bay","24/10/2023",25.87015,34.41968333,10,"Montipora","efflorescens",207163,4.3,"Shallow reef slope","CE"
695,"B5B6","Modern","Egypt","El Quseir","Mangrove Bay","24/10/2023",25.87015,34.41968333,2,"Echinopora","forskaliana",288341,4.3,"Shallow reef slope","CE"
696,"B5B6","Modern","Egypt","El Quseir","Mangrove Bay","24/10/2023",25.87015,34.41968333,5,"Montipora","efflorescens",207163,4.3,"Shallow reef slope","CE"
697,"B5B6","Modern","Egypt","El Quseir","Mangrove Bay","24/10/2023",25.87015,34.41968333,9,"Acropora","sp.",205469,4.3,"Shallow reef slope","CE"
698,"B5B6","Modern","Egypt","El Quseir","Mangrove Bay","24/10/2023",25.87015,34.41968333,6,"Montipora","efflorescens",207163,4.3,"Shallow reef slope","CE"
699,"B5B6","Modern","Egypt","El Quseir","Mangrove Bay","24/10/2023",25.87015,34.41968333,3,"Acropora","sp.",205469,4.3,"Shallow reef slope","CE"
700,"B5B6","Modern","Egypt","El Quseir","Mangrove Bay","24/10/2023",25.87015,34.41968333,8,"Goniastrea","edwardsi",207466,4.3,"Shallow reef slope","CM"
701,"B5B6","Modern","Egypt","El Quseir","Mangrove Bay","24/10/2023",25.87015,34.41968333,15,"Dipsastraea","danai",758238,4.3,"Shallow reef slope","CM"
702,"B5B6","Modern","Egypt","El Quseir","Mangrove Bay","24/10/2023",25.87015,34.41968333,1,"Millepora","exaesa",210728,4.3,"Shallow reef slope","CME"
703,"B5B6","Modern","Egypt","El Quseir","Mangrove Bay","24/10/2023",25.87015,34.41968333,6,"Ctenactis","crassa",288875,4.3,"Shallow reef slope","CMR"
704,"B5B6","Modern","Egypt","El Quseir","Mangrove Bay","24/10/2023",25.87015,34.41968333,4,NA,NA,NA,4.3,"Shallow reef slope",NA
704,"B5B6","Modern","Egypt","El Quseir","Mangrove Bay","24/10/2023",25.87015,34.41968333,4,NA,NA,NA,4.3,"Shallow reef slope",NA
704,"B5B6","Modern","Egypt","El Quseir","Mangrove Bay","24/10/2023",25.87015,34.41968333,4,NA,NA,NA,4.3,"Shallow reef slope",NA
705,"B5B6","Modern","Egypt","El Quseir","Mangrove Bay","24/10/2023",25.87015,34.41968333,13,NA,NA,NA,4.3,"Shallow reef slope",NA
705,"B5B6","Modern","Egypt","El Quseir","Mangrove Bay","24/10/2023",25.87015,34.41968333,13,NA,NA,NA,4.3,"Shallow reef slope",NA
706,"B5B6","Modern","Egypt","El Quseir","Mangrove Bay","24/10/2023",25.87015,34.41968333,20,"Goniastrea","edwardsi",207466,4.3,"Shallow reef slope","CS"
707,"B5B6","Modern","Egypt","El Quseir","Mangrove Bay","24/10/2023",25.87015,34.41968333,27,"Goniastrea","edwardsi",207466,4.3,"Shallow reef slope","CS"
708,"B5B6","Modern","Egypt","El Quseir","Mangrove Bay","24/10/2023",25.87015,34.41968333,10,"Goniastrea","edwardsi",207466,4.3,"Shallow reef slope","CS"
709,"B5B6","Modern","Egypt","El Quseir","Mangrove Bay","24/10/2023",25.87015,34.41968333,15,"Goniastrea","edwardsi",207466,4.3,"Shallow reef slope","CS"
710,"B5B6","Modern","Egypt","El Quseir","Mangrove Bay","24/10/2023",25.87015,34.41968333,13,"Goniastrea","edwardsi",207466,4.3,"Shallow reef slope","CS"
711,"B5B6","Modern","Egypt","El Quseir","Mangrove Bay","24/10/2023",25.87015,34.41968333,11,"Porites","sp.",206485,4.3,"Shallow reef slope","CS"
712,"B5B6","Modern","Egypt","El Quseir","Mangrove Bay","24/10/2023",25.87015,34.41968333,7,"Coscinaraea","monile",207255,4.3,"Shallow reef slope","CS"
713,"B5B6","Modern","Egypt","El Quseir","Mangrove Bay","24/10/2023",25.87015,34.41968333,8,"Montipora","maeandrina",207188,4.3,"Shallow reef slope","CS"
714,"B5B6","Modern","Egypt","El Quseir","Mangrove Bay","24/10/2023",25.87015,34.41968333,1,"Goniastrea","edwardsi",207466,4.3,"Shallow reef slope","CS"
715,"B5B6","Modern","Egypt","El Quseir","Mangrove Bay","24/10/2023",25.87015,34.41968333,3,"Tydemania","expeditionis",214424,4.3,"Shallow reef slope","MA"
716,"B5B6","Modern","Egypt","El Quseir","Mangrove Bay","24/10/2023",25.87015,34.41968333,7,NA,NA,NA,4.3,"Shallow reef slope",NA
716,"B5B6","Modern","Egypt","El Quseir","Mangrove Bay","24/10/2023",25.87015,34.41968333,7,NA,NA,NA,4.3,"Shallow reef slope",NA
717,"B5B6","Modern","Egypt","El Quseir","Mangrove Bay","24/10/2023",25.87015,34.41968333,7,NA,NA,NA,4.3,"Shallow reef slope",NA
717,"B5B6","Modern","Egypt","El Quseir","Mangrove Bay","24/10/2023",25.87015,34.41968333,7,NA,NA,NA,4.3,"Shallow reef slope",NA
718,"B5B6","Modern","Egypt","El Quseir","Mangrove Bay","24/10/2023",25.87015,34.41968333,6,NA,NA,NA,4.3,"Shallow reef slope",NA
718,"B5B6","Modern","Egypt","El Quseir","Mangrove Bay","24/10/2023",25.87015,34.41968333,6,NA,NA,NA,4.3,"Shallow reef slope",NA
719,"B5B6","Modern","Egypt","El Quseir","Mangrove Bay","24/10/2023",25.87015,34.41968333,15,NA,NA,NA,4.3,"Shallow reef slope",NA
719,"B5B6","Modern","Egypt","El Quseir","Mangrove Bay","24/10/2023",25.87015,34.41968333,15,NA,NA,NA,4.3,"Shallow reef slope",NA
719,"B5B6","Modern","Egypt","El Quseir","Mangrove Bay","24/10/2023",25.87015,34.41968333,15,NA,NA,NA,4.3,"Shallow reef slope",NA
720,"B5B6","Modern","Egypt","El Quseir","Mangrove Bay","24/10/2023",25.87015,34.41968333,10,NA,NA,NA,4.3,"Shallow reef slope",NA
720,"B5B6","Modern","Egypt","El Quseir","Mangrove Bay","24/10/2023",25.87015,34.41968333,10,NA,NA,NA,4.3,"Shallow reef slope",NA
720,"B5B6","Modern","Egypt","El Quseir","Mangrove Bay","24/10/2023",25.87015,34.41968333,10,NA,NA,NA,4.3,"Shallow reef slope",NA
720,"B5B6","Modern","Egypt","El Quseir","Mangrove Bay","24/10/2023",25.87015,34.41968333,10,NA,NA,NA,4.3,"Shallow reef slope",NA
721,"B5B6","Modern","Egypt","El Quseir","Mangrove Bay","24/10/2023",25.87015,34.41968333,5,NA,NA,NA,4.3,"Shallow reef slope",NA
721,"B5B6","Modern","Egypt","El Quseir","Mangrove Bay","24/10/2023",25.87015,34.41968333,5,NA,NA,NA,4.3,"Shallow reef slope",NA
721,"B5B6","Modern","Egypt","El Quseir","Mangrove Bay","24/10/2023",25.87015,34.41968333,5,NA,NA,NA,4.3,"Shallow reef slope",NA
722,"B5B6","Modern","Egypt","El Quseir","Mangrove Bay","24/10/2023",25.87015,34.41968333,41,NA,NA,NA,4.3,"Shallow reef slope",NA
723,"B5B6","Modern","Egypt","El Quseir","Mangrove Bay","24/10/2023",25.87015,34.41968333,4,NA,NA,NA,4.3,"Shallow reef slope",NA
723,"B5B6","Modern","Egypt","El Quseir","Mangrove Bay","24/10/2023",25.87015,34.41968333,4,NA,NA,NA,4.3,"Shallow reef slope",NA
723,"B5B6","Modern","Egypt","El Quseir","Mangrove Bay","24/10/2023",25.87015,34.41968333,4,NA,NA,NA,4.3,"Shallow reef slope",NA
724,"B5B6","Modern","Egypt","El Quseir","Mangrove Bay","24/10/2023",25.87015,34.41968333,29,NA,NA,NA,4.3,"Shallow reef slope",NA
725,"B5B6","Modern","Egypt","El Quseir","Mangrove Bay","24/10/2023",25.87015,34.41968333,47,NA,NA,NA,4.3,"Shallow reef slope",NA
726,"B5B6","Modern","Egypt","El Quseir","Mangrove Bay","24/10/2023",25.87015,34.41968333,37,NA,NA,NA,4.3,"Shallow reef slope",NA
727,"B5B6","Modern","Egypt","El Quseir","Mangrove Bay","24/10/2023",25.87015,34.41968333,140,NA,NA,NA,4.3,"Shallow reef slope",NA
728,"B5B6","Modern","Egypt","El Quseir","Mangrove Bay","24/10/2023",25.87015,34.41968333,17,NA,NA,NA,4.3,"Shallow reef slope",NA
728,"B5B6","Modern","Egypt","El Quseir","Mangrove Bay","24/10/2023",25.87015,34.41968333,17,NA,NA,NA,4.3,"Shallow reef slope",NA
729,"B5B6","Modern","Egypt","El Quseir","Mangrove Bay","24/10/2023",25.87015,34.41968333,56,NA,NA,NA,4.3,"Shallow reef slope",NA
730,"B5B6","Modern","Egypt","El Quseir","Mangrove Bay","24/10/2023",25.87015,34.41968333,44,NA,NA,NA,4.3,"Shallow reef slope",NA
731,"B5B6","Modern","Egypt","El Quseir","Mangrove Bay","24/10/2023",25.87015,34.41968333,40,NA,NA,NA,4.3,"Shallow reef slope",NA
732,"B5B6","Modern","Egypt","El Quseir","Mangrove Bay","24/10/2023",25.87015,34.41968333,222,NA,NA,NA,4.3,"Shallow reef slope",NA
733,"B5B6","Modern","Egypt","El Quseir","Mangrove Bay","24/10/2023",25.87015,34.41968333,10,NA,NA,NA,4.3,"Shallow reef slope",NA
733,"B5B6","Modern","Egypt","El Quseir","Mangrove Bay","24/10/2023",25.87015,34.41968333,10,NA,NA,NA,4.3,"Shallow reef slope",NA
733,"B5B6","Modern","Egypt","El Quseir","Mangrove Bay","24/10/2023",25.87015,34.41968333,10,NA,NA,NA,4.3,"Shallow reef slope",NA
733,"B5B6","Modern","Egypt","El Quseir","Mangrove Bay","24/10/2023",25.87015,34.41968333,10,NA,NA,NA,4.3,"Shallow reef slope",NA
734,"B5B6","Modern","Egypt","El Quseir","Mangrove Bay","24/10/2023",25.87015,34.41968333,57,NA,NA,NA,4.3,"Shallow reef slope",NA
735,"B5B6","Modern","Egypt","El Quseir","Mangrove Bay","24/10/2023",25.87015,34.41968333,3,"Heteroxenia","sp.",204616,4.3,"Shallow reef slope","SC"
736,"B5B6","Modern","Egypt","El Quseir","Mangrove Bay","24/10/2023",25.87015,34.41968333,3,"Heteroxenia","sp.",204616,4.3,"Shallow reef slope","SC"
737,"B5B6","Modern","Egypt","El Quseir","Mangrove Bay","24/10/2023",25.87015,34.41968333,6,"Heteroxenia","sp.",204616,4.3,"Shallow reef slope","SC"
738,"B5B6","Modern","Egypt","El Quseir","Mangrove Bay","24/10/2023",25.87015,34.41968333,3,"Heteroxenia","sp.",204616,4.3,"Shallow reef slope","SC"
739,"B5B6","Modern","Egypt","El Quseir","Mangrove Bay","24/10/2023",25.87015,34.41968333,10,"Heteroxenia","sp.",204616,4.3,"Shallow reef slope","SC"
740,"B5B6","Modern","Egypt","El Quseir","Mangrove Bay","24/10/2023",25.87015,34.41968333,7,"Heteroxenia","sp.",204616,4.3,"Shallow reef slope","SC"
741,"B5B6","Modern","Egypt","El Quseir","Mangrove Bay","24/10/2023",25.87015,34.41968333,8,"Heteroxenia","sp.",204616,4.3,"Shallow reef slope","SC"
742,"B5B6","Modern","Egypt","El Quseir","Mangrove Bay","24/10/2023",25.87015,34.41968333,10,"Heteroxenia","sp.",204616,4.3,"Shallow reef slope","SC"
743,"B5B6","Modern","Egypt","El Quseir","Mangrove Bay","24/10/2023",25.87015,34.41968333,5,NA,NA,NA,4.3,"Shallow reef slope",NA
743,"B5B6","Modern","Egypt","El Quseir","Mangrove Bay","24/10/2023",25.87015,34.41968333,5,NA,NA,NA,4.3,"Shallow reef slope",NA
743,"B5B6","Modern","Egypt","El Quseir","Mangrove Bay","24/10/2023",25.87015,34.41968333,5,NA,NA,NA,4.3,"Shallow reef slope",NA
744,"B5B6","Modern","Egypt","El Quseir","Mangrove Bay","24/10/2023",25.87015,34.41968333,16,"Heteroxenia","sp.",204616,4.3,"Shallow reef slope","SC"
745,"B5B6","Modern","Egypt","El Quseir","Mangrove Bay","24/10/2023",25.87015,34.41968333,3,"Heteroxenia","sp.",204616,4.3,"Shallow reef slope","SC"
746,"B5B6","Modern","Egypt","El Quseir","Mangrove Bay","24/10/2023",25.87015,34.41968333,7,"Heteroxenia","sp.",204616,4.3,"Shallow reef slope","SC"
747,"B5B6","Modern","Egypt","El Quseir","Mangrove Bay","24/10/2023",25.87015,34.41968333,4,"Heteroxenia","sp.",204616,4.3,"Shallow reef slope","SC"
748,"B5B6","Modern","Egypt","El Quseir","Mangrove Bay","24/10/2023",25.87015,34.41968333,6,"Heteroxenia","sp.",204616,4.3,"Shallow reef slope","SC"
749,"B5B6","Modern","Egypt","El Quseir","Mangrove Bay","24/10/2023",25.87015,34.41968333,1,"Heteroxenia","sp.",204616,4.3,"Shallow reef slope","SC"
750,"B5B6","Modern","Egypt","El Quseir","Mangrove Bay","24/10/2023",25.87015,34.41968333,3,"Heteroxenia","sp.",204616,4.3,"Shallow reef slope","SC"
751,"B5B6","Modern","Egypt","El Quseir","Mangrove Bay","24/10/2023",25.87015,34.41968333,9,"Heteroxenia","sp.",204616,4.3,"Shallow reef slope","SC"
752,"B5B6","Modern","Egypt","El Quseir","Mangrove Bay","24/10/2023",25.87015,34.41968333,10,"Heteroxenia","sp.",204616,4.3,"Shallow reef slope","SC"
753,"B5B6","Modern","Egypt","El Quseir","Mangrove Bay","24/10/2023",25.87015,34.41968333,17,"Heteroxenia","sp.",204616,4.3,"Shallow reef slope","SC"
754,"B5B6","Modern","Egypt","El Quseir","Mangrove Bay","24/10/2023",25.87015,34.41968333,16,"Heteroxenia","sp.",204616,4.3,"Shallow reef slope","SC"
755,"B5B6","Modern","Egypt","El Quseir","Mangrove Bay","24/10/2023",25.87015,34.41968333,16,"Heteroxenia","sp.",204616,4.3,"Shallow reef slope","SC"
756,"B5B6","Modern","Egypt","El Quseir","Mangrove Bay","24/10/2023",25.87015,34.41968333,7,"Heteroxenia","sp.",204616,4.3,"Shallow reef slope","SC"
757,"B5B6","Modern","Egypt","El Quseir","Mangrove Bay","24/10/2023",25.87015,34.41968333,8,"Rhytisma","sp.",267812,4.3,"Shallow reef slope","SC"
758,"B5B6","Modern","Egypt","El Quseir","Mangrove Bay","24/10/2023",25.87015,34.41968333,25,"Heteroxenia","sp.",204616,4.3,"Shallow reef slope","SC"
759,"B5B6","Modern","Egypt","El Quseir","Mangrove Bay","24/10/2023",25.87015,34.41968333,17,NA,NA,NA,4.3,"Shallow reef slope",NA
759,"B5B6","Modern","Egypt","El Quseir","Mangrove Bay","24/10/2023",25.87015,34.41968333,17,NA,NA,NA,4.3,"Shallow reef slope",NA
760,"B5B6","Modern","Egypt","El Quseir","Mangrove Bay","24/10/2023",25.87015,34.41968333,4,NA,NA,NA,4.3,"Shallow reef slope",NA
760,"B5B6","Modern","Egypt","El Quseir","Mangrove Bay","24/10/2023",25.87015,34.41968333,4,NA,NA,NA,4.3,"Shallow reef slope",NA
760,"B5B6","Modern","Egypt","El Quseir","Mangrove Bay","24/10/2023",25.87015,34.41968333,4,NA,NA,NA,4.3,"Shallow reef slope",NA
761,"C1C2","Modern","Egypt","El Quseir","Mangrove Bay","22/10/2023",25.87015,34.41968333,9,NA,NA,NA,8.5,"Deeper reef slope",NA
761,"C1C2","Modern","Egypt","El Quseir","Mangrove Bay","22/10/2023",25.87015,34.41968333,9,NA,NA,NA,8.5,"Deeper reef slope",NA
762,"C1C2","Modern","Egypt","El Quseir","Mangrove Bay","22/10/2023",25.87015,34.41968333,5,NA,NA,NA,8.5,"Deeper reef slope",NA
762,"C1C2","Modern","Egypt","El Quseir","Mangrove Bay","22/10/2023",25.87015,34.41968333,5,NA,NA,NA,8.5,"Deeper reef slope",NA
762,"C1C2","Modern","Egypt","El Quseir","Mangrove Bay","22/10/2023",25.87015,34.41968333,5,NA,NA,NA,8.5,"Deeper reef slope",NA
763,"C1C2","Modern","Egypt","El Quseir","Mangrove Bay","22/10/2023",25.87015,34.41968333,9,NA,NA,NA,8.5,"Deeper reef slope",NA
763,"C1C2","Modern","Egypt","El Quseir","Mangrove Bay","22/10/2023",25.87015,34.41968333,9,NA,NA,NA,8.5,"Deeper reef slope",NA
764,"C1C2","Modern","Egypt","El Quseir","Mangrove Bay","22/10/2023",25.87015,34.41968333,6,NA,NA,NA,8.5,"Deeper reef slope",NA
764,"C1C2","Modern","Egypt","El Quseir","Mangrove Bay","22/10/2023",25.87015,34.41968333,6,NA,NA,NA,8.5,"Deeper reef slope",NA
764,"C1C2","Modern","Egypt","El Quseir","Mangrove Bay","22/10/2023",25.87015,34.41968333,6,NA,NA,NA,8.5,"Deeper reef slope",NA
764,"C1C2","Modern","Egypt","El Quseir","Mangrove Bay","22/10/2023",25.87015,34.41968333,6,NA,NA,NA,8.5,"Deeper reef slope",NA
765,"C1C2","Modern","Egypt","El Quseir","Mangrove Bay","22/10/2023",25.87015,34.41968333,28,NA,NA,NA,8.5,"Deeper reef slope",NA
766,"C1C2","Modern","Egypt","El Quseir","Mangrove Bay","22/10/2023",25.87015,34.41968333,21,NA,NA,NA,8.5,"Deeper reef slope",NA
767,"C1C2","Modern","Egypt","El Quseir","Mangrove Bay","22/10/2023",25.87015,34.41968333,34,NA,NA,NA,8.5,"Deeper reef slope",NA
767,"C1C2","Modern","Egypt","El Quseir","Mangrove Bay","22/10/2023",25.87015,34.41968333,34,NA,NA,NA,8.5,"Deeper reef slope",NA
768,"C1C2","Modern","Egypt","El Quseir","Mangrove Bay","22/10/2023",25.87015,34.41968333,6,NA,NA,NA,8.5,"Deeper reef slope",NA
768,"C1C2","Modern","Egypt","El Quseir","Mangrove Bay","22/10/2023",25.87015,34.41968333,6,NA,NA,NA,8.5,"Deeper reef slope",NA
768,"C1C2","Modern","Egypt","El Quseir","Mangrove Bay","22/10/2023",25.87015,34.41968333,6,NA,NA,NA,8.5,"Deeper reef slope",NA
768,"C1C2","Modern","Egypt","El Quseir","Mangrove Bay","22/10/2023",25.87015,34.41968333,6,NA,NA,NA,8.5,"Deeper reef slope",NA
769,"C1C2","Modern","Egypt","El Quseir","Mangrove Bay","22/10/2023",25.87015,34.41968333,9,NA,NA,NA,8.5,"Deeper reef slope",NA
769,"C1C2","Modern","Egypt","El Quseir","Mangrove Bay","22/10/2023",25.87015,34.41968333,9,NA,NA,NA,8.5,"Deeper reef slope",NA
770,"C1C2","Modern","Egypt","El Quseir","Mangrove Bay","22/10/2023",25.87015,34.41968333,6,NA,NA,NA,8.5,"Deeper reef slope",NA
770,"C1C2","Modern","Egypt","El Quseir","Mangrove Bay","22/10/2023",25.87015,34.41968333,6,NA,NA,NA,8.5,"Deeper reef slope",NA
770,"C1C2","Modern","Egypt","El Quseir","Mangrove Bay","22/10/2023",25.87015,34.41968333,6,NA,NA,NA,8.5,"Deeper reef slope",NA
770,"C1C2","Modern","Egypt","El Quseir","Mangrove Bay","22/10/2023",25.87015,34.41968333,6,NA,NA,NA,8.5,"Deeper reef slope",NA
771,"C1C2","Modern","Egypt","El Quseir","Mangrove Bay","22/10/2023",25.87015,34.41968333,5,NA,NA,NA,8.5,"Deeper reef slope",NA
771,"C1C2","Modern","Egypt","El Quseir","Mangrove Bay","22/10/2023",25.87015,34.41968333,5,NA,NA,NA,8.5,"Deeper reef slope",NA
771,"C1C2","Modern","Egypt","El Quseir","Mangrove Bay","22/10/2023",25.87015,34.41968333,5,NA,NA,NA,8.5,"Deeper reef slope",NA
772,"C1C2","Modern","Egypt","El Quseir","Mangrove Bay","22/10/2023",25.87015,34.41968333,46,NA,NA,NA,8.5,"Deeper reef slope",NA
773,"C1C2","Modern","Egypt","El Quseir","Mangrove Bay","22/10/2023",25.87015,34.41968333,14,NA,NA,NA,8.5,"Deeper reef slope",NA
774,"C1C2","Modern","Egypt","El Quseir","Mangrove Bay","22/10/2023",25.87015,34.41968333,16,NA,NA,NA,8.5,"Deeper reef slope",NA
775,"C1C2","Modern","Egypt","El Quseir","Mangrove Bay","22/10/2023",25.87015,34.41968333,17,NA,NA,NA,8.5,"Deeper reef slope",NA
776,"C1C2","Modern","Egypt","El Quseir","Mangrove Bay","22/10/2023",25.87015,34.41968333,56,NA,NA,NA,8.5,"Deeper reef slope",NA
777,"C1C2","Modern","Egypt","El Quseir","Mangrove Bay","22/10/2023",25.87015,34.41968333,46,NA,NA,NA,8.5,"Deeper reef slope",NA
778,"C1C2","Modern","Egypt","El Quseir","Mangrove Bay","22/10/2023",25.87015,34.41968333,58,NA,NA,NA,8.5,"Deeper reef slope",NA
779,"C1C2","Modern","Egypt","El Quseir","Mangrove Bay","22/10/2023",25.87015,34.41968333,21,NA,NA,NA,8.5,"Deeper reef slope",NA
780,"C1C2","Modern","Egypt","El Quseir","Mangrove Bay","22/10/2023",25.87015,34.41968333,26,NA,NA,NA,8.5,"Deeper reef slope",NA
781,"C1C2","Modern","Egypt","El Quseir","Mangrove Bay","22/10/2023",25.87015,34.41968333,21,NA,NA,NA,8.5,"Deeper reef slope",NA
782,"C1C2","Modern","Egypt","El Quseir","Mangrove Bay","22/10/2023",25.87015,34.41968333,20,NA,NA,NA,8.5,"Deeper reef slope",NA
782,"C1C2","Modern","Egypt","El Quseir","Mangrove Bay","22/10/2023",25.87015,34.41968333,20,NA,NA,NA,8.5,"Deeper reef slope",NA
783,"C1C2","Modern","Egypt","El Quseir","Mangrove Bay","22/10/2023",25.87015,34.41968333,12,NA,NA,NA,8.5,"Deeper reef slope",NA
784,"C1C2","Modern","Egypt","El Quseir","Mangrove Bay","22/10/2023",25.87015,34.41968333,14,NA,NA,NA,8.5,"Deeper reef slope",NA
785,"C1C2","Modern","Egypt","El Quseir","Mangrove Bay","22/10/2023",25.87015,34.41968333,8,NA,NA,NA,8.5,"Deeper reef slope",NA
785,"C1C2","Modern","Egypt","El Quseir","Mangrove Bay","22/10/2023",25.87015,34.41968333,8,NA,NA,NA,8.5,"Deeper reef slope",NA
786,"C1C2","Modern","Egypt","El Quseir","Mangrove Bay","22/10/2023",25.87015,34.41968333,9,NA,NA,NA,8.5,"Deeper reef slope",NA
786,"C1C2","Modern","Egypt","El Quseir","Mangrove Bay","22/10/2023",25.87015,34.41968333,9,NA,NA,NA,8.5,"Deeper reef slope",NA
787,"C1C2","Modern","Egypt","El Quseir","Mangrove Bay","22/10/2023",25.87015,34.41968333,17,NA,NA,NA,8.5,"Deeper reef slope",NA
788,"C1C2","Modern","Egypt","El Quseir","Mangrove Bay","22/10/2023",25.87015,34.41968333,10,NA,NA,NA,8.5,"Deeper reef slope",NA
789,"C1C2","Modern","Egypt","El Quseir","Mangrove Bay","22/10/2023",25.87015,34.41968333,31,NA,NA,NA,8.5,"Deeper reef slope",NA
790,"C1C2","Modern","Egypt","El Quseir","Mangrove Bay","22/10/2023",25.87015,34.41968333,13,NA,NA,NA,8.5,"Deeper reef slope",NA
790,"C1C2","Modern","Egypt","El Quseir","Mangrove Bay","22/10/2023",25.87015,34.41968333,13,NA,NA,NA,8.5,"Deeper reef slope",NA
791,"C1C2","Modern","Egypt","El Quseir","Mangrove Bay","22/10/2023",25.87015,34.41968333,5,NA,NA,NA,8.5,"Deeper reef slope",NA
791,"C1C2","Modern","Egypt","El Quseir","Mangrove Bay","22/10/2023",25.87015,34.41968333,5,NA,NA,NA,8.5,"Deeper reef slope",NA
791,"C1C2","Modern","Egypt","El Quseir","Mangrove Bay","22/10/2023",25.87015,34.41968333,5,NA,NA,NA,8.5,"Deeper reef slope",NA
792,"C1C2","Modern","Egypt","El Quseir","Mangrove Bay","22/10/2023",25.87015,34.41968333,13,NA,NA,NA,8.5,"Deeper reef slope",NA
792,"C1C2","Modern","Egypt","El Quseir","Mangrove Bay","22/10/2023",25.87015,34.41968333,13,NA,NA,NA,8.5,"Deeper reef slope",NA
793,"C1C2","Modern","Egypt","El Quseir","Mangrove Bay","22/10/2023",25.87015,34.41968333,18,NA,NA,NA,8.5,"Deeper reef slope",NA
794,"C1C2","Modern","Egypt","El Quseir","Mangrove Bay","22/10/2023",25.87015,34.41968333,19,NA,NA,NA,8.5,"Deeper reef slope",NA
795,"C1C2","Modern","Egypt","El Quseir","Mangrove Bay","22/10/2023",25.87015,34.41968333,15,NA,NA,NA,8.5,"Deeper reef slope",NA
796,"C1C2","Modern","Egypt","El Quseir","Mangrove Bay","22/10/2023",25.87015,34.41968333,1,NA,NA,NA,8.5,"Deeper reef slope",NA
796,"C1C2","Modern","Egypt","El Quseir","Mangrove Bay","22/10/2023",25.87015,34.41968333,1,NA,NA,NA,8.5,"Deeper reef slope",NA
797,"C1C2","Modern","Egypt","El Quseir","Mangrove Bay","22/10/2023",25.87015,34.41968333,13,NA,NA,NA,8.5,"Deeper reef slope",NA
797,"C1C2","Modern","Egypt","El Quseir","Mangrove Bay","22/10/2023",25.87015,34.41968333,13,NA,NA,NA,8.5,"Deeper reef slope",NA
798,"C1C2","Modern","Egypt","El Quseir","Mangrove Bay","22/10/2023",25.87015,34.41968333,28,NA,NA,NA,8.5,"Deeper reef slope",NA
799,"C1C2","Modern","Egypt","El Quseir","Mangrove Bay","22/10/2023",25.87015,34.41968333,36,NA,NA,NA,8.5,"Deeper reef slope",NA
800,"C1C2","Modern","Egypt","El Quseir","Mangrove Bay","22/10/2023",25.87015,34.41968333,2,NA,NA,NA,8.5,"Deeper reef slope",NA
800,"C1C2","Modern","Egypt","El Quseir","Mangrove Bay","22/10/2023",25.87015,34.41968333,2,NA,NA,NA,8.5,"Deeper reef slope",NA
801,"C1C2","Modern","Egypt","El Quseir","Mangrove Bay","22/10/2023",25.87015,34.41968333,8,NA,NA,NA,8.5,"Deeper reef slope",NA
801,"C1C2","Modern","Egypt","El Quseir","Mangrove Bay","22/10/2023",25.87015,34.41968333,8,NA,NA,NA,8.5,"Deeper reef slope",NA
802,"C1C2","Modern","Egypt","El Quseir","Mangrove Bay","22/10/2023",25.87015,34.41968333,6,NA,NA,NA,8.5,"Deeper reef slope",NA
802,"C1C2","Modern","Egypt","El Quseir","Mangrove Bay","22/10/2023",25.87015,34.41968333,6,NA,NA,NA,8.5,"Deeper reef slope",NA
802,"C1C2","Modern","Egypt","El Quseir","Mangrove Bay","22/10/2023",25.87015,34.41968333,6,NA,NA,NA,8.5,"Deeper reef slope",NA
802,"C1C2","Modern","Egypt","El Quseir","Mangrove Bay","22/10/2023",25.87015,34.41968333,6,NA,NA,NA,8.5,"Deeper reef slope",NA
803,"C1C2","Modern","Egypt","El Quseir","Mangrove Bay","22/10/2023",25.87015,34.41968333,6,NA,NA,NA,8.5,"Deeper reef slope",NA
803,"C1C2","Modern","Egypt","El Quseir","Mangrove Bay","22/10/2023",25.87015,34.41968333,6,NA,NA,NA,8.5,"Deeper reef slope",NA
803,"C1C2","Modern","Egypt","El Quseir","Mangrove Bay","22/10/2023",25.87015,34.41968333,6,NA,NA,NA,8.5,"Deeper reef slope",NA
803,"C1C2","Modern","Egypt","El Quseir","Mangrove Bay","22/10/2023",25.87015,34.41968333,6,NA,NA,NA,8.5,"Deeper reef slope",NA
804,"C1C2","Modern","Egypt","El Quseir","Mangrove Bay","22/10/2023",25.87015,34.41968333,6,NA,NA,NA,8.5,"Deeper reef slope",NA
804,"C1C2","Modern","Egypt","El Quseir","Mangrove Bay","22/10/2023",25.87015,34.41968333,6,NA,NA,NA,8.5,"Deeper reef slope",NA
804,"C1C2","Modern","Egypt","El Quseir","Mangrove Bay","22/10/2023",25.87015,34.41968333,6,NA,NA,NA,8.5,"Deeper reef slope",NA
804,"C1C2","Modern","Egypt","El Quseir","Mangrove Bay","22/10/2023",25.87015,34.41968333,6,NA,NA,NA,8.5,"Deeper reef slope",NA
805,"C1C2","Modern","Egypt","El Quseir","Mangrove Bay","22/10/2023",25.87015,34.41968333,4,NA,NA,NA,8.5,"Deeper reef slope",NA
805,"C1C2","Modern","Egypt","El Quseir","Mangrove Bay","22/10/2023",25.87015,34.41968333,4,NA,NA,NA,8.5,"Deeper reef slope",NA
806,"C1C2","Modern","Egypt","El Quseir","Mangrove Bay","22/10/2023",25.87015,34.41968333,5,NA,NA,NA,8.5,"Deeper reef slope",NA
806,"C1C2","Modern","Egypt","El Quseir","Mangrove Bay","22/10/2023",25.87015,34.41968333,5,NA,NA,NA,8.5,"Deeper reef slope",NA
806,"C1C2","Modern","Egypt","El Quseir","Mangrove Bay","22/10/2023",25.87015,34.41968333,5,NA,NA,NA,8.5,"Deeper reef slope",NA
807,"C1C2","Modern","Egypt","El Quseir","Mangrove Bay","22/10/2023",25.87015,34.41968333,15,NA,NA,NA,8.5,"Deeper reef slope",NA
808,"C1C2","Modern","Egypt","El Quseir","Mangrove Bay","22/10/2023",25.87015,34.41968333,9,NA,NA,NA,8.5,"Deeper reef slope",NA
808,"C1C2","Modern","Egypt","El Quseir","Mangrove Bay","22/10/2023",25.87015,34.41968333,9,NA,NA,NA,8.5,"Deeper reef slope",NA
809,"C1C2","Modern","Egypt","El Quseir","Mangrove Bay","22/10/2023",25.87015,34.41968333,4,NA,NA,NA,8.5,"Deeper reef slope",NA
809,"C1C2","Modern","Egypt","El Quseir","Mangrove Bay","22/10/2023",25.87015,34.41968333,4,NA,NA,NA,8.5,"Deeper reef slope",NA
810,"C1C2","Modern","Egypt","El Quseir","Mangrove Bay","22/10/2023",25.87015,34.41968333,46,NA,NA,NA,8.5,"Deeper reef slope",NA
811,"C1C2","Modern","Egypt","El Quseir","Mangrove Bay","22/10/2023",25.87015,34.41968333,3,NA,NA,NA,8.5,"Deeper reef slope",NA
811,"C1C2","Modern","Egypt","El Quseir","Mangrove Bay","22/10/2023",25.87015,34.41968333,3,NA,NA,NA,8.5,"Deeper reef slope",NA
812,"C1C2","Modern","Egypt","El Quseir","Mangrove Bay","22/10/2023",25.87015,34.41968333,20,NA,NA,NA,8.5,"Deeper reef slope",NA
812,"C1C2","Modern","Egypt","El Quseir","Mangrove Bay","22/10/2023",25.87015,34.41968333,20,NA,NA,NA,8.5,"Deeper reef slope",NA
813,"C1C2","Modern","Egypt","El Quseir","Mangrove Bay","22/10/2023",25.87015,34.41968333,16,NA,NA,NA,8.5,"Deeper reef slope",NA
814,"C1C2","Modern","Egypt","El Quseir","Mangrove Bay","22/10/2023",25.87015,34.41968333,10,NA,NA,NA,8.5,"Deeper reef slope",NA
815,"C1C2","Modern","Egypt","El Quseir","Mangrove Bay","22/10/2023",25.87015,34.41968333,19,NA,NA,NA,8.5,"Deeper reef slope",NA
816,"C1C2","Modern","Egypt","El Quseir","Mangrove Bay","22/10/2023",25.87015,34.41968333,21,NA,NA,NA,8.5,"Deeper reef slope",NA
817,"C1C2","Modern","Egypt","El Quseir","Mangrove Bay","22/10/2023",25.87015,34.41968333,9,NA,NA,NA,8.5,"Deeper reef slope",NA
817,"C1C2","Modern","Egypt","El Quseir","Mangrove Bay","22/10/2023",25.87015,34.41968333,9,NA,NA,NA,8.5,"Deeper reef slope",NA
818,"C1C2","Modern","Egypt","El Quseir","Mangrove Bay","22/10/2023",25.87015,34.41968333,8,NA,NA,NA,8.5,"Deeper reef slope",NA
818,"C1C2","Modern","Egypt","El Quseir","Mangrove Bay","22/10/2023",25.87015,34.41968333,8,NA,NA,NA,8.5,"Deeper reef slope",NA
819,"C1C2","Modern","Egypt","El Quseir","Mangrove Bay","22/10/2023",25.87015,34.41968333,71,NA,NA,NA,8.5,"Deeper reef slope",NA
820,"C1C2","Modern","Egypt","El Quseir","Mangrove Bay","22/10/2023",25.87015,34.41968333,4,NA,NA,NA,8.5,"Deeper reef slope",NA
820,"C1C2","Modern","Egypt","El Quseir","Mangrove Bay","22/10/2023",25.87015,34.41968333,4,NA,NA,NA,8.5,"Deeper reef slope",NA
821,"C1C2","Modern","Egypt","El Quseir","Mangrove Bay","22/10/2023",25.87015,34.41968333,6,"Pocillopora","sp.",206938,8.5,"Deeper reef slope","CB"
822,"C1C2","Modern","Egypt","El Quseir","Mangrove Bay","22/10/2023",25.87015,34.41968333,4,"Pocillopora","damicornis",206953,8.5,"Deeper reef slope","CB"
823,"C1C2","Modern","Egypt","El Quseir","Mangrove Bay","22/10/2023",25.87015,34.41968333,15,"Pocillopora","damicornis",206953,8.5,"Deeper reef slope","CB"
824,"C1C2","Modern","Egypt","El Quseir","Mangrove Bay","22/10/2023",25.87015,34.41968333,5,"Acropora","squarrosa",207053,8.5,"Deeper reef slope","ACB"
825,"C1C2","Modern","Egypt","El Quseir","Mangrove Bay","22/10/2023",25.87015,34.41968333,10,"Acropora","squarrosa",207053,8.5,"Deeper reef slope","ACB"
826,"C1C2","Modern","Egypt","El Quseir","Mangrove Bay","22/10/2023",25.87015,34.41968333,14,"Acropora","hemprichii",288207,8.5,"Deeper reef slope","ACB"
827,"C1C2","Modern","Egypt","El Quseir","Mangrove Bay","22/10/2023",25.87015,34.41968333,45,"Acropora","squarrosa",207053,8.5,"Deeper reef slope","ACB"
828,"C1C2","Modern","Egypt","El Quseir","Mangrove Bay","22/10/2023",25.87015,34.41968333,24,"Acropora","squarrosa",207053,8.5,"Deeper reef slope","ACB"
829,"C1C2","Modern","Egypt","El Quseir","Mangrove Bay","22/10/2023",25.87015,34.41968333,27,"Pocillopora","damicornis",206953,8.5,"Deeper reef slope","CB"
830,"C1C2","Modern","Egypt","El Quseir","Mangrove Bay","22/10/2023",25.87015,34.41968333,6,"Dipsastraea","laxa",NA,8.5,"Deeper reef slope","CD"
831,"C1C2","Modern","Egypt","El Quseir","Mangrove Bay","22/10/2023",25.87015,34.41968333,40,"Paramontastraea","peresi",762398,8.5,"Deeper reef slope","CE"
832,"C1C2","Modern","Egypt","El Quseir","Mangrove Bay","22/10/2023",25.87015,34.41968333,3,"Cyphastrea","sp.",206488,8.5,"Deeper reef slope","CE"
833,"C1C2","Modern","Egypt","El Quseir","Mangrove Bay","22/10/2023",25.87015,34.41968333,2,"Leptastrea","purpurea",207470,8.5,"Deeper reef slope","CE"
834,"C1C2","Modern","Egypt","El Quseir","Mangrove Bay","22/10/2023",25.87015,34.41968333,7,"Psammocora","profundacella",207271,8.5,"Deeper reef slope","CE"
835,"C1C2","Modern","Egypt","El Quseir","Mangrove Bay","22/10/2023",25.87015,34.41968333,7,"Porites","sp.",206485,8.5,"Deeper reef slope","CE"
836,"C1C2","Modern","Egypt","El Quseir","Mangrove Bay","22/10/2023",25.87015,34.41968333,7,"Pavona","varians",207303,8.5,"Deeper reef slope","CE"
837,"C1C2","Modern","Egypt","El Quseir","Mangrove Bay","22/10/2023",25.87015,34.41968333,4,"Cyphastrea","microphthalma",207416,8.5,"Deeper reef slope","CE"
837,"C1C2","Modern","Egypt","El Quseir","Mangrove Bay","22/10/2023",25.87015,34.41968333,4,"Cyphastrea","microphthalma",207416,8.5,"Deeper reef slope","CM"
838,"C1C2","Modern","Egypt","El Quseir","Mangrove Bay","22/10/2023",25.87015,34.41968333,6,"Merulina","scheeri",207408,8.5,"Deeper reef slope","CE"
839,"C1C2","Modern","Egypt","El Quseir","Mangrove Bay","22/10/2023",25.87015,34.41968333,3,"Acanthastrea","echinata",207384,8.5,"Deeper reef slope","CE"
840,"C1C2","Modern","Egypt","El Quseir","Mangrove Bay","22/10/2023",25.87015,34.41968333,6,"Acanthastrea","echinata",207384,8.5,"Deeper reef slope","CE"
841,"C1C2","Modern","Egypt","El Quseir","Mangrove Bay","22/10/2023",25.87015,34.41968333,2,"Leptastrea","purpurea",207470,8.5,"Deeper reef slope","CE"
842,"C1C2","Modern","Egypt","El Quseir","Mangrove Bay","22/10/2023",25.87015,34.41968333,5,"Cyphastrea","chalcidicum",207415,8.5,"Deeper reef slope","CM"
842,"C1C2","Modern","Egypt","El Quseir","Mangrove Bay","22/10/2023",25.87015,34.41968333,5,"Cyphastrea","chalcidicum",207415,8.5,"Deeper reef slope","CE"
843,"C1C2","Modern","Egypt","El Quseir","Mangrove Bay","22/10/2023",25.87015,34.41968333,6,"Montipora","crypta",1617333,8.5,"Deeper reef slope","CE"
844,"C1C2","Modern","Egypt","El Quseir","Mangrove Bay","22/10/2023",25.87015,34.41968333,2,"Psammocora","profundacella",207271,8.5,"Deeper reef slope","CE"
845,"C1C2","Modern","Egypt","El Quseir","Mangrove Bay","22/10/2023",25.87015,34.41968333,10,"Porites","rus",207231,8.5,"Deeper reef slope","CM"
845,"C1C2","Modern","Egypt","El Quseir","Mangrove Bay","22/10/2023",25.87015,34.41968333,10,"Porites","rus",207231,8.5,"Deeper reef slope","CE"
846,"C1C2","Modern","Egypt","El Quseir","Mangrove Bay","22/10/2023",25.87015,34.41968333,7,"Coscinaraea","monile",207255,8.5,"Deeper reef slope","CE"
847,"C1C2","Modern","Egypt","El Quseir","Mangrove Bay","22/10/2023",25.87015,34.41968333,25,"Stylocoeniella","guentheri",206948,8.5,"Deeper reef slope","CE"
848,"C1C2","Modern","Egypt","El Quseir","Mangrove Bay","22/10/2023",25.87015,34.41968333,10,"Echinopora","forskaliana",288341,8.5,"Deeper reef slope","CE"
849,"C1C2","Modern","Egypt","El Quseir","Mangrove Bay","22/10/2023",25.87015,34.41968333,3,"Cyphastrea","chalcidicum",207415,8.5,"Deeper reef slope","CE"
850,"C1C2","Modern","Egypt","El Quseir","Mangrove Bay","22/10/2023",25.87015,34.41968333,4,"Favites","complanata",207455,8.5,"Deeper reef slope","CE"
851,"C1C2","Modern","Egypt","El Quseir","Mangrove Bay","22/10/2023",25.87015,34.41968333,3,"Oxypora","sp.",205536,8.5,"Deeper reef slope","CE"
852,"C1C2","Modern","Egypt","El Quseir","Mangrove Bay","22/10/2023",25.87015,34.41968333,10,"Montipora","maeandrina",207188,8.5,"Deeper reef slope","CE"
853,"C1C2","Modern","Egypt","El Quseir","Mangrove Bay","22/10/2023",25.87015,34.41968333,13,"Echinopora","forskaliana",288341,8.5,"Deeper reef slope","CE"
854,"C1C2","Modern","Egypt","El Quseir","Mangrove Bay","22/10/2023",25.87015,34.41968333,9,"Porites","sp.",206485,8.5,"Deeper reef slope","CE"
855,"C1C2","Modern","Egypt","El Quseir","Mangrove Bay","22/10/2023",25.87015,34.41968333,10,"Montipora","crypta",1617333,8.5,"Deeper reef slope","CE"
856,"C1C2","Modern","Egypt","El Quseir","Mangrove Bay","22/10/2023",25.87015,34.41968333,3,"Porites","sp.",206485,8.5,"Deeper reef slope","CM"
856,"C1C2","Modern","Egypt","El Quseir","Mangrove Bay","22/10/2023",25.87015,34.41968333,3,"Porites","sp.",206485,8.5,"Deeper reef slope","CS"
856,"C1C2","Modern","Egypt","El Quseir","Mangrove Bay","22/10/2023",25.87015,34.41968333,3,"Porites","sp.",206485,8.5,"Deeper reef slope","CE"
857,"C1C2","Modern","Egypt","El Quseir","Mangrove Bay","22/10/2023",25.87015,34.41968333,1,"Cyphastrea","microphthalma",207416,8.5,"Deeper reef slope","CE"
858,"C1C2","Modern","Egypt","El Quseir","Mangrove Bay","22/10/2023",25.87015,34.41968333,3,"Dipsastraea","pallida",758233,8.5,"Deeper reef slope","CM"
858,"C1C2","Modern","Egypt","El Quseir","Mangrove Bay","22/10/2023",25.87015,34.41968333,3,"Dipsastraea","pallida",758233,8.5,"Deeper reef slope","CE"
859,"C1C2","Modern","Egypt","El Quseir","Mangrove Bay","22/10/2023",25.87015,34.41968333,9,"Montipora","maeandrina",207188,8.5,"Deeper reef slope","CE"
860,"C1C2","Modern","Egypt","El Quseir","Mangrove Bay","22/10/2023",25.87015,34.41968333,7,"Paramontastraea","peresi",762398,8.5,"Deeper reef slope","CE"
861,"C1C2","Modern","Egypt","El Quseir","Mangrove Bay","22/10/2023",25.87015,34.41968333,3,"Porites","sp.",206485,8.5,"Deeper reef slope","CM"
861,"C1C2","Modern","Egypt","El Quseir","Mangrove Bay","22/10/2023",25.87015,34.41968333,3,"Porites","sp.",206485,8.5,"Deeper reef slope","CS"
861,"C1C2","Modern","Egypt","El Quseir","Mangrove Bay","22/10/2023",25.87015,34.41968333,3,"Porites","sp.",206485,8.5,"Deeper reef slope","CE"
862,"C1C2","Modern","Egypt","El Quseir","Mangrove Bay","22/10/2023",25.87015,34.41968333,6,"Porites","sp.",206485,8.5,"Deeper reef slope","CM"
862,"C1C2","Modern","Egypt","El Quseir","Mangrove Bay","22/10/2023",25.87015,34.41968333,6,"Porites","sp.",206485,8.5,"Deeper reef slope","CS"
863,"C1C2","Modern","Egypt","El Quseir","Mangrove Bay","22/10/2023",25.87015,34.41968333,3,"Goniastrea","edwardsi",207466,8.5,"Deeper reef slope","CM"
864,"C1C2","Modern","Egypt","El Quseir","Mangrove Bay","22/10/2023",25.87015,34.41968333,9,"Goniastrea","edwardsi",207466,8.5,"Deeper reef slope","CM"
865,"C1C2","Modern","Egypt","El Quseir","Mangrove Bay","22/10/2023",25.87015,34.41968333,3,"Dipsastraea","laxa",758235,8.5,"Deeper reef slope","CM"
865,"C1C2","Modern","Egypt","El Quseir","Mangrove Bay","22/10/2023",25.87015,34.41968333,3,"Dipsastraea","laxa",758235,8.5,"Deeper reef slope","CE"
866,"C1C2","Modern","Egypt","El Quseir","Mangrove Bay","22/10/2023",25.87015,34.41968333,13,"Dipsastraea","laxa",758235,8.5,"Deeper reef slope","CM"
867,"C1C2","Modern","Egypt","El Quseir","Mangrove Bay","22/10/2023",25.87015,34.41968333,4,"Echinopora","forskaliana",288341,8.5,"Deeper reef slope","CM"
868,"C1C2","Modern","Egypt","El Quseir","Mangrove Bay","22/10/2023",25.87015,34.41968333,10,"Porites","sp.",206485,8.5,"Deeper reef slope","CM"
868,"C1C2","Modern","Egypt","El Quseir","Mangrove Bay","22/10/2023",25.87015,34.41968333,10,"Porites","sp.",206485,8.5,"Deeper reef slope","CE"
869,"C1C2","Modern","Egypt","El Quseir","Mangrove Bay","22/10/2023",25.87015,34.41968333,31,"Psammocora","profundacella",207271,8.5,"Deeper reef slope","CM"
870,"C1C2","Modern","Egypt","El Quseir","Mangrove Bay","22/10/2023",25.87015,34.41968333,10,"Porites","sp.",206485,8.5,"Deeper reef slope","CM"
870,"C1C2","Modern","Egypt","El Quseir","Mangrove Bay","22/10/2023",25.87015,34.41968333,10,"Porites","sp.",206485,8.5,"Deeper reef slope","CE"
871,"C1C2","Modern","Egypt","El Quseir","Mangrove Bay","22/10/2023",25.87015,34.41968333,14,"Goniastrea","edwardsi",207466,8.5,"Deeper reef slope","CM"
872,"C1C2","Modern","Egypt","El Quseir","Mangrove Bay","22/10/2023",25.87015,34.41968333,4,"Cyphastrea","chalcidicum",207415,8.5,"Deeper reef slope","CE"
872,"C1C2","Modern","Egypt","El Quseir","Mangrove Bay","22/10/2023",25.87015,34.41968333,4,"Cyphastrea","chalcidicum",207415,8.5,"Deeper reef slope","CM"
873,"C1C2","Modern","Egypt","El Quseir","Mangrove Bay","22/10/2023",25.87015,34.41968333,5,"Cyphastrea","chalcidicum",207415,8.5,"Deeper reef slope","CM"
873,"C1C2","Modern","Egypt","El Quseir","Mangrove Bay","22/10/2023",25.87015,34.41968333,5,"Cyphastrea","chalcidicum",207415,8.5,"Deeper reef slope","CE"
874,"C1C2","Modern","Egypt","El Quseir","Mangrove Bay","22/10/2023",25.87015,34.41968333,5,"Paramontastraea","peresi",762398,8.5,"Deeper reef slope","CM"
875,"C1C2","Modern","Egypt","El Quseir","Mangrove Bay","22/10/2023",25.87015,34.41968333,3,"Porites","sp.",206485,8.5,"Deeper reef slope","CM"
875,"C1C2","Modern","Egypt","El Quseir","Mangrove Bay","22/10/2023",25.87015,34.41968333,3,"Porites","sp.",206485,8.5,"Deeper reef slope","CS"
875,"C1C2","Modern","Egypt","El Quseir","Mangrove Bay","22/10/2023",25.87015,34.41968333,3,"Porites","sp.",206485,8.5,"Deeper reef slope","CE"
876,"C1C2","Modern","Egypt","El Quseir","Mangrove Bay","22/10/2023",25.87015,34.41968333,4,"Acanthastrea","echinata",207384,8.5,"Deeper reef slope","CM"
877,"C1C2","Modern","Egypt","El Quseir","Mangrove Bay","22/10/2023",25.87015,34.41968333,3,"Astreopora","myriophthalma",207128,8.5,"Deeper reef slope","CM"
878,"C1C2","Modern","Egypt","El Quseir","Mangrove Bay","22/10/2023",25.87015,34.41968333,3,"Goniastrea","edwardsi",207466,8.5,"Deeper reef slope","CM"
879,"C1C2","Modern","Egypt","El Quseir","Mangrove Bay","22/10/2023",25.87015,34.41968333,2,"Porites","sp.",206485,8.5,"Deeper reef slope","CM"
880,"C1C2","Modern","Egypt","El Quseir","Mangrove Bay","22/10/2023",25.87015,34.41968333,4,"Porites","sp.",206485,8.5,"Deeper reef slope","CM"
881,"C1C2","Modern","Egypt","El Quseir","Mangrove Bay","22/10/2023",25.87015,34.41968333,16,"Goniastrea","edwardsi",207466,8.5,"Deeper reef slope","CM"
882,"C1C2","Modern","Egypt","El Quseir","Mangrove Bay","22/10/2023",25.87015,34.41968333,5,"Echinopora","forskaliana",288341,8.5,"Deeper reef slope","CM"
883,"C1C2","Modern","Egypt","El Quseir","Mangrove Bay","22/10/2023",25.87015,34.41968333,6,"Favites","vasta",430663,8.5,"Deeper reef slope","CM"
884,"C1C2","Modern","Egypt","El Quseir","Mangrove Bay","22/10/2023",25.87015,34.41968333,12,"Pavona","varians",207303,8.5,"Deeper reef slope","CM"
885,"C1C2","Modern","Egypt","El Quseir","Mangrove Bay","22/10/2023",25.87015,34.41968333,4,"Goniastrea","pectinata",207464,8.5,"Deeper reef slope","CM"
886,"C1C2","Modern","Egypt","El Quseir","Mangrove Bay","22/10/2023",25.87015,34.41968333,7,"Goniastrea","pectinata",207464,8.5,"Deeper reef slope","CM"
887,"C1C2","Modern","Egypt","El Quseir","Mangrove Bay","22/10/2023",25.87015,34.41968333,8,"Porites","sp.",206485,8.5,"Deeper reef slope","CM"
888,"C1C2","Modern","Egypt","El Quseir","Mangrove Bay","22/10/2023",25.87015,34.41968333,4,"Porites","sp.",206485,8.5,"Deeper reef slope","CM"
889,"C1C2","Modern","Egypt","El Quseir","Mangrove Bay","22/10/2023",25.87015,34.41968333,1,"Millepora","dichotoma",210733,8.5,"Deeper reef slope","CME"
890,"C1C2","Modern","Egypt","El Quseir","Mangrove Bay","22/10/2023",25.87015,34.41968333,10,"Millepora","exaesa",210728,8.5,"Deeper reef slope","CME"
891,"C1C2","Modern","Egypt","El Quseir","Mangrove Bay","22/10/2023",25.87015,34.41968333,2,"Millepora","exaesa",210728,8.5,"Deeper reef slope","CME"
892,"C1C2","Modern","Egypt","El Quseir","Mangrove Bay","22/10/2023",25.87015,34.41968333,5,"Millepora","exaesa",210728,8.5,"Deeper reef slope","CME"
893,"C1C2","Modern","Egypt","El Quseir","Mangrove Bay","22/10/2023",25.87015,34.41968333,2,"Millepora","sp.",205902,8.5,"Deeper reef slope","CME"
894,"C1C2","Modern","Egypt","El Quseir","Mangrove Bay","22/10/2023",25.87015,34.41968333,1,"Goniastrea","edwardsi",207466,8.5,"Deeper reef slope","CS"
895,"C1C2","Modern","Egypt","El Quseir","Mangrove Bay","22/10/2023",25.87015,34.41968333,6,"Porites","sp.",206485,8.5,"Deeper reef slope","CM"
895,"C1C2","Modern","Egypt","El Quseir","Mangrove Bay","22/10/2023",25.87015,34.41968333,6,"Porites","sp.",206485,8.5,"Deeper reef slope","CS"
896,"C1C2","Modern","Egypt","El Quseir","Mangrove Bay","22/10/2023",25.87015,34.41968333,5,"Porites","sp.",206485,8.5,"Deeper reef slope","CS"
897,"C1C2","Modern","Egypt","El Quseir","Mangrove Bay","22/10/2023",25.87015,34.41968333,2,"Pavona","varians",207303,8.5,"Deeper reef slope","CS"
898,"C1C2","Modern","Egypt","El Quseir","Mangrove Bay","22/10/2023",25.87015,34.41968333,3,"Porites","sp.",206485,8.5,"Deeper reef slope","CM"
898,"C1C2","Modern","Egypt","El Quseir","Mangrove Bay","22/10/2023",25.87015,34.41968333,3,"Porites","sp.",206485,8.5,"Deeper reef slope","CS"
898,"C1C2","Modern","Egypt","El Quseir","Mangrove Bay","22/10/2023",25.87015,34.41968333,3,"Porites","sp.",206485,8.5,"Deeper reef slope","CE"
899,"C1C2","Modern","Egypt","El Quseir","Mangrove Bay","22/10/2023",25.87015,34.41968333,17,"Paramontastraea","peresi",762398,8.5,"Deeper reef slope","CS"
900,"C1C2","Modern","Egypt","El Quseir","Mangrove Bay","22/10/2023",25.87015,34.41968333,50,"GAP","GAP",NA,8.5,"Deeper reef slope",NA
901,"C1C2","Modern","Egypt","El Quseir","Mangrove Bay","22/10/2023",25.87015,34.41968333,27,"GAP","GAP",NA,8.5,"Deeper reef slope",NA
902,"C1C2","Modern","Egypt","El Quseir","Mangrove Bay","22/10/2023",25.87015,34.41968333,9,"GAP","GAP",NA,8.5,"Deeper reef slope",NA
903,"C1C2","Modern","Egypt","El Quseir","Mangrove Bay","22/10/2023",25.87015,34.41968333,80,"GAP","GAP",NA,8.5,"Deeper reef slope",NA
904,"C1C2","Modern","Egypt","El Quseir","Mangrove Bay","22/10/2023",25.87015,34.41968333,29,"GAP","GAP",NA,8.5,"Deeper reef slope",NA
905,"C1C2","Modern","Egypt","El Quseir","Mangrove Bay","22/10/2023",25.87015,34.41968333,35,"GAP","GAP",NA,8.5,"Deeper reef slope",NA
906,"C1C2","Modern","Egypt","El Quseir","Mangrove Bay","22/10/2023",25.87015,34.41968333,5,"GAP","GAP",NA,8.5,"Deeper reef slope",NA
907,"C1C2","Modern","Egypt","El Quseir","Mangrove Bay","22/10/2023",25.87015,34.41968333,20,"GAP","GAP",NA,8.5,"Deeper reef slope",NA
908,"C1C2","Modern","Egypt","El Quseir","Mangrove Bay","22/10/2023",25.87015,34.41968333,5,"GAP","GAP",NA,8.5,"Deeper reef slope",NA
909,"C1C2","Modern","Egypt","El Quseir","Mangrove Bay","22/10/2023",25.87015,34.41968333,8,"GAP","GAP",NA,8.5,"Deeper reef slope",NA
910,"C1C2","Modern","Egypt","El Quseir","Mangrove Bay","22/10/2023",25.87015,34.41968333,13,"GAP","GAP",NA,8.5,"Deeper reef slope",NA
911,"C1C2","Modern","Egypt","El Quseir","Mangrove Bay","22/10/2023",25.87015,34.41968333,6,"GAP","GAP",NA,8.5,"Deeper reef slope",NA
912,"C1C2","Modern","Egypt","El Quseir","Mangrove Bay","22/10/2023",25.87015,34.41968333,5,"GAP","GAP",NA,8.5,"Deeper reef slope",NA
913,"C1C2","Modern","Egypt","El Quseir","Mangrove Bay","22/10/2023",25.87015,34.41968333,24,"GAP","GAP",NA,8.5,"Deeper reef slope",NA
914,"C1C2","Modern","Egypt","El Quseir","Mangrove Bay","22/10/2023",25.87015,34.41968333,40,"GAP","GAP",NA,8.5,"Deeper reef slope",NA
915,"C1C2","Modern","Egypt","El Quseir","Mangrove Bay","22/10/2023",25.87015,34.41968333,34,"GAP","GAP",NA,8.5,"Deeper reef slope",NA
916,"C1C2","Modern","Egypt","El Quseir","Mangrove Bay","22/10/2023",25.87015,34.41968333,32,"GAP","GAP",NA,8.5,"Deeper reef slope",NA
917,"C1C2","Modern","Egypt","El Quseir","Mangrove Bay","22/10/2023",25.87015,34.41968333,9,"GAP","GAP",NA,8.5,"Deeper reef slope",NA
918,"C1C2","Modern","Egypt","El Quseir","Mangrove Bay","22/10/2023",25.87015,34.41968333,30,"GAP","GAP",NA,8.5,"Deeper reef slope",NA
919,"C1C2","Modern","Egypt","El Quseir","Mangrove Bay","22/10/2023",25.87015,34.41968333,61,"GAP","GAP",NA,8.5,"Deeper reef slope",NA
920,"C1C2","Modern","Egypt","El Quseir","Mangrove Bay","22/10/2023",25.87015,34.41968333,20,"GAP","GAP",NA,8.5,"Deeper reef slope",NA
921,"C1C2","Modern","Egypt","El Quseir","Mangrove Bay","22/10/2023",25.87015,34.41968333,5,"GAP","GAP",NA,8.5,"Deeper reef slope",NA
922,"C1C2","Modern","Egypt","El Quseir","Mangrove Bay","22/10/2023",25.87015,34.41968333,8,"GAP","GAP",NA,8.5,"Deeper reef slope",NA
923,"C1C2","Modern","Egypt","El Quseir","Mangrove Bay","22/10/2023",25.87015,34.41968333,21,"Heteroxenia","sp.",204616,8.5,"Deeper reef slope","SC"
924,"C1C2","Modern","Egypt","El Quseir","Mangrove Bay","22/10/2023",25.87015,34.41968333,13,"Heteroxenia","sp.",204616,8.5,"Deeper reef slope","SC"
925,"C1C2","Modern","Egypt","El Quseir","Mangrove Bay","22/10/2023",25.87015,34.41968333,1,NA,NA,NA,8.5,"Deeper reef slope",NA
925,"C1C2","Modern","Egypt","El Quseir","Mangrove Bay","22/10/2023",25.87015,34.41968333,1,NA,NA,NA,8.5,"Deeper reef slope",NA
926,"C1C2","Modern","Egypt","El Quseir","Mangrove Bay","22/10/2023",25.87015,34.41968333,16,"Heteroxenia","sp.",204616,8.5,"Deeper reef slope","SC"
927,"C1C2","Modern","Egypt","El Quseir","Mangrove Bay","22/10/2023",25.87015,34.41968333,6,"Heteroxenia","sp.",204616,8.5,"Deeper reef slope","SC"
928,"C1C2","Modern","Egypt","El Quseir","Mangrove Bay","22/10/2023",25.87015,34.41968333,23,"Heteroxenia","sp.",204616,8.5,"Deeper reef slope","SC"
929,"C1C2","Modern","Egypt","El Quseir","Mangrove Bay","22/10/2023",25.87015,34.41968333,14,"Heteroxenia","sp.",204616,8.5,"Deeper reef slope","SC"
930,"C1C2","Modern","Egypt","El Quseir","Mangrove Bay","22/10/2023",25.87015,34.41968333,7,"Heteroxenia","sp.",204616,8.5,"Deeper reef slope","SC"
931,"C1C2","Modern","Egypt","El Quseir","Mangrove Bay","22/10/2023",25.87015,34.41968333,2,"Heteroxenia","sp.",204616,8.5,"Deeper reef slope","SC"
932,"C1C2","Modern","Egypt","El Quseir","Mangrove Bay","22/10/2023",25.87015,34.41968333,11,"Heteroxenia","sp.",204616,8.5,"Deeper reef slope","SC"
933,"C1C2","Modern","Egypt","El Quseir","Mangrove Bay","22/10/2023",25.87015,34.41968333,10,"Heteroxenia","sp.",204616,8.5,"Deeper reef slope","SC"
934,"C1C2","Modern","Egypt","El Quseir","Mangrove Bay","22/10/2023",25.87015,34.41968333,6,NA,NA,NA,8.5,"Deeper reef slope",NA
934,"C1C2","Modern","Egypt","El Quseir","Mangrove Bay","22/10/2023",25.87015,34.41968333,6,NA,NA,NA,8.5,"Deeper reef slope",NA
934,"C1C2","Modern","Egypt","El Quseir","Mangrove Bay","22/10/2023",25.87015,34.41968333,6,NA,NA,NA,8.5,"Deeper reef slope",NA
934,"C1C2","Modern","Egypt","El Quseir","Mangrove Bay","22/10/2023",25.87015,34.41968333,6,NA,NA,NA,8.5,"Deeper reef slope",NA
935,"C1C2","Modern","Egypt","El Quseir","Mangrove Bay","22/10/2023",25.87015,34.41968333,15,"Heteroxenia","sp.",204616,8.5,"Deeper reef slope","SC"
936,"C1C2","Modern","Egypt","El Quseir","Mangrove Bay","22/10/2023",25.87015,34.41968333,17,"Heteroxenia","sp.",204616,8.5,"Deeper reef slope","SC"
937,"C1C2","Modern","Egypt","El Quseir","Mangrove Bay","22/10/2023",25.87015,34.41968333,10,"Heteroxenia","sp.",204616,8.5,"Deeper reef slope","SC"
938,"C1C2","Modern","Egypt","El Quseir","Mangrove Bay","22/10/2023",25.87015,34.41968333,19,"Heteroxenia","sp.",204616,8.5,"Deeper reef slope","SC"
939,"C1C2","Modern","Egypt","El Quseir","Mangrove Bay","22/10/2023",25.87015,34.41968333,20,"Heteroxenia","sp.",204616,8.5,"Deeper reef slope","SC"
940,"C1C2","Modern","Egypt","El Quseir","Mangrove Bay","22/10/2023",25.87015,34.41968333,7,NA,NA,NA,8.5,"Deeper reef slope",NA
941,"C1C2","Modern","Egypt","El Quseir","Mangrove Bay","22/10/2023",25.87015,34.41968333,52,NA,NA,NA,8.5,"Deeper reef slope",NA
942,"C1C2","Modern","Egypt","El Quseir","Mangrove Bay","22/10/2023",25.87015,34.41968333,11,NA,NA,NA,8.5,"Deeper reef slope",NA
943,"C1C2","Modern","Egypt","El Quseir","Mangrove Bay","22/10/2023",25.87015,34.41968333,19,"Heteroxenia","sp.",204616,8.5,"Deeper reef slope","SC"
944,"C1C2","Modern","Egypt","El Quseir","Mangrove Bay","22/10/2023",25.87015,34.41968333,11,"Heteroxenia","sp.",204616,8.5,"Deeper reef slope","SC"
945,"C1C2","Modern","Egypt","El Quseir","Mangrove Bay","22/10/2023",25.87015,34.41968333,16,"Heteroxenia","sp.",204616,8.5,"Deeper reef slope","SC"
946,"C1C2","Modern","Egypt","El Quseir","Mangrove Bay","22/10/2023",25.87015,34.41968333,5,NA,NA,NA,8.5,"Deeper reef slope",NA
946,"C1C2","Modern","Egypt","El Quseir","Mangrove Bay","22/10/2023",25.87015,34.41968333,5,NA,NA,NA,8.5,"Deeper reef slope",NA
946,"C1C2","Modern","Egypt","El Quseir","Mangrove Bay","22/10/2023",25.87015,34.41968333,5,NA,NA,NA,8.5,"Deeper reef slope",NA
947,"C1C2","Modern","Egypt","El Quseir","Mangrove Bay","22/10/2023",25.87015,34.41968333,2,NA,NA,NA,8.5,"Deeper reef slope",NA
947,"C1C2","Modern","Egypt","El Quseir","Mangrove Bay","22/10/2023",25.87015,34.41968333,2,NA,NA,NA,8.5,"Deeper reef slope",NA
948,"C1C2","Modern","Egypt","El Quseir","Mangrove Bay","22/10/2023",25.87015,34.41968333,6,NA,NA,NA,8.5,"Deeper reef slope",NA
948,"C1C2","Modern","Egypt","El Quseir","Mangrove Bay","22/10/2023",25.87015,34.41968333,6,NA,NA,NA,8.5,"Deeper reef slope",NA
948,"C1C2","Modern","Egypt","El Quseir","Mangrove Bay","22/10/2023",25.87015,34.41968333,6,NA,NA,NA,8.5,"Deeper reef slope",NA
948,"C1C2","Modern","Egypt","El Quseir","Mangrove Bay","22/10/2023",25.87015,34.41968333,6,NA,NA,NA,8.5,"Deeper reef slope",NA
949,"C1C2","Modern","Egypt","El Quseir","Mangrove Bay","22/10/2023",25.87015,34.41968333,3,NA,NA,NA,8.5,"Deeper reef slope",NA
949,"C1C2","Modern","Egypt","El Quseir","Mangrove Bay","22/10/2023",25.87015,34.41968333,3,NA,NA,NA,8.5,"Deeper reef slope",NA
950,"C3C4","Modern","Egypt","El Quseir","Mangrove Bay","22/10/2023",25.87015,34.41968333,19,NA,NA,NA,8.6,"Deeper reef slope",NA
950,"C3C4","Modern","Egypt","El Quseir","Mangrove Bay","22/10/2023",25.87015,34.41968333,19,NA,NA,NA,8.6,"Deeper reef slope",NA
950,"C3C4","Modern","Egypt","El Quseir","Mangrove Bay","22/10/2023",25.87015,34.41968333,19,NA,NA,NA,8.6,"Deeper reef slope",NA
951,"C3C4","Modern","Egypt","El Quseir","Mangrove Bay","22/10/2023",25.87015,34.41968333,6,NA,NA,NA,8.6,"Deeper reef slope",NA
951,"C3C4","Modern","Egypt","El Quseir","Mangrove Bay","22/10/2023",25.87015,34.41968333,6,NA,NA,NA,8.6,"Deeper reef slope",NA
952,"C3C4","Modern","Egypt","El Quseir","Mangrove Bay","22/10/2023",25.87015,34.41968333,10,NA,NA,NA,8.6,"Deeper reef slope",NA
952,"C3C4","Modern","Egypt","El Quseir","Mangrove Bay","22/10/2023",25.87015,34.41968333,10,NA,NA,NA,8.6,"Deeper reef slope",NA
952,"C3C4","Modern","Egypt","El Quseir","Mangrove Bay","22/10/2023",25.87015,34.41968333,10,NA,NA,NA,8.6,"Deeper reef slope",NA
952,"C3C4","Modern","Egypt","El Quseir","Mangrove Bay","22/10/2023",25.87015,34.41968333,10,NA,NA,NA,8.6,"Deeper reef slope",NA
953,"C3C4","Modern","Egypt","El Quseir","Mangrove Bay","22/10/2023",25.87015,34.41968333,5,NA,NA,NA,8.6,"Deeper reef slope",NA
953,"C3C4","Modern","Egypt","El Quseir","Mangrove Bay","22/10/2023",25.87015,34.41968333,5,NA,NA,NA,8.6,"Deeper reef slope",NA
953,"C3C4","Modern","Egypt","El Quseir","Mangrove Bay","22/10/2023",25.87015,34.41968333,5,NA,NA,NA,8.6,"Deeper reef slope",NA
953,"C3C4","Modern","Egypt","El Quseir","Mangrove Bay","22/10/2023",25.87015,34.41968333,5,NA,NA,NA,8.6,"Deeper reef slope",NA
953,"C3C4","Modern","Egypt","El Quseir","Mangrove Bay","22/10/2023",25.87015,34.41968333,5,NA,NA,NA,8.6,"Deeper reef slope",NA
953,"C3C4","Modern","Egypt","El Quseir","Mangrove Bay","22/10/2023",25.87015,34.41968333,5,NA,NA,NA,8.6,"Deeper reef slope",NA
953,"C3C4","Modern","Egypt","El Quseir","Mangrove Bay","22/10/2023",25.87015,34.41968333,5,NA,NA,NA,8.6,"Deeper reef slope",NA
954,"C3C4","Modern","Egypt","El Quseir","Mangrove Bay","22/10/2023",25.87015,34.41968333,20,NA,NA,NA,8.6,"Deeper reef slope",NA
954,"C3C4","Modern","Egypt","El Quseir","Mangrove Bay","22/10/2023",25.87015,34.41968333,20,NA,NA,NA,8.6,"Deeper reef slope",NA
955,"C3C4","Modern","Egypt","El Quseir","Mangrove Bay","22/10/2023",25.87015,34.41968333,3,NA,NA,NA,8.6,"Deeper reef slope",NA
955,"C3C4","Modern","Egypt","El Quseir","Mangrove Bay","22/10/2023",25.87015,34.41968333,3,NA,NA,NA,8.6,"Deeper reef slope",NA
955,"C3C4","Modern","Egypt","El Quseir","Mangrove Bay","22/10/2023",25.87015,34.41968333,3,NA,NA,NA,8.6,"Deeper reef slope",NA
956,"C3C4","Modern","Egypt","El Quseir","Mangrove Bay","22/10/2023",25.87015,34.41968333,14,NA,NA,NA,8.6,"Deeper reef slope",NA
956,"C3C4","Modern","Egypt","El Quseir","Mangrove Bay","22/10/2023",25.87015,34.41968333,14,NA,NA,NA,8.6,"Deeper reef slope",NA
956,"C3C4","Modern","Egypt","El Quseir","Mangrove Bay","22/10/2023",25.87015,34.41968333,14,NA,NA,NA,8.6,"Deeper reef slope",NA
957,"C3C4","Modern","Egypt","El Quseir","Mangrove Bay","22/10/2023",25.87015,34.41968333,6,NA,NA,NA,8.6,"Deeper reef slope",NA
957,"C3C4","Modern","Egypt","El Quseir","Mangrove Bay","22/10/2023",25.87015,34.41968333,6,NA,NA,NA,8.6,"Deeper reef slope",NA
958,"C3C4","Modern","Egypt","El Quseir","Mangrove Bay","22/10/2023",25.87015,34.41968333,6,NA,NA,NA,8.6,"Deeper reef slope",NA
958,"C3C4","Modern","Egypt","El Quseir","Mangrove Bay","22/10/2023",25.87015,34.41968333,6,NA,NA,NA,8.6,"Deeper reef slope",NA
959,"C3C4","Modern","Egypt","El Quseir","Mangrove Bay","22/10/2023",25.87015,34.41968333,15,NA,NA,NA,8.6,"Deeper reef slope",NA
959,"C3C4","Modern","Egypt","El Quseir","Mangrove Bay","22/10/2023",25.87015,34.41968333,15,NA,NA,NA,8.6,"Deeper reef slope",NA
959,"C3C4","Modern","Egypt","El Quseir","Mangrove Bay","22/10/2023",25.87015,34.41968333,15,NA,NA,NA,8.6,"Deeper reef slope",NA
959,"C3C4","Modern","Egypt","El Quseir","Mangrove Bay","22/10/2023",25.87015,34.41968333,15,NA,NA,NA,8.6,"Deeper reef slope",NA
960,"C3C4","Modern","Egypt","El Quseir","Mangrove Bay","22/10/2023",25.87015,34.41968333,103,NA,NA,NA,8.6,"Deeper reef slope",NA
961,"C3C4","Modern","Egypt","El Quseir","Mangrove Bay","22/10/2023",25.87015,34.41968333,2,NA,NA,NA,8.6,"Deeper reef slope",NA
961,"C3C4","Modern","Egypt","El Quseir","Mangrove Bay","22/10/2023",25.87015,34.41968333,2,NA,NA,NA,8.6,"Deeper reef slope",NA
962,"C3C4","Modern","Egypt","El Quseir","Mangrove Bay","22/10/2023",25.87015,34.41968333,31,NA,NA,NA,8.6,"Deeper reef slope",NA
963,"C3C4","Modern","Egypt","El Quseir","Mangrove Bay","22/10/2023",25.87015,34.41968333,22,"Acropora","squarrosa",207053,8.6,"Deeper reef slope","ACB"
963,"C3C4","Modern","Egypt","El Quseir","Mangrove Bay","22/10/2023",25.87015,34.41968333,22,"Acropora","squarrosa",207053,8.6,"Deeper reef slope","ACD"
964,"C3C4","Modern","Egypt","El Quseir","Mangrove Bay","22/10/2023",25.87015,34.41968333,13,"Acropora","squarrosa",207053,8.6,"Deeper reef slope","ACB"
965,"C3C4","Modern","Egypt","El Quseir","Mangrove Bay","22/10/2023",25.87015,34.41968333,10,"Acropora","sp.",205469,8.6,"Deeper reef slope","ACB"
966,"C3C4","Modern","Egypt","El Quseir","Mangrove Bay","22/10/2023",25.87015,34.41968333,11,"Acropora","squarrosa",207053,8.6,"Deeper reef slope","ACB"
967,"C3C4","Modern","Egypt","El Quseir","Mangrove Bay","22/10/2023",25.87015,34.41968333,11,"Acropora","squarrosa",207053,8.6,"Deeper reef slope","ACB"
968,"C3C4","Modern","Egypt","El Quseir","Mangrove Bay","22/10/2023",25.87015,34.41968333,8,"Acropora","hemprichii",288207,8.6,"Deeper reef slope","ACD"
969,"C3C4","Modern","Egypt","El Quseir","Mangrove Bay","22/10/2023",25.87015,34.41968333,22,"Acropora","sp.",205469,8.6,"Deeper reef slope","ACB"
969,"C3C4","Modern","Egypt","El Quseir","Mangrove Bay","22/10/2023",25.87015,34.41968333,22,"Acropora","sp.",205469,8.6,"Deeper reef slope","ACD"
970,"C3C4","Modern","Egypt","El Quseir","Mangrove Bay","22/10/2023",25.87015,34.41968333,19,NA,NA,NA,8.6,"Deeper reef slope",NA
970,"C3C4","Modern","Egypt","El Quseir","Mangrove Bay","22/10/2023",25.87015,34.41968333,19,NA,NA,NA,8.6,"Deeper reef slope",NA
970,"C3C4","Modern","Egypt","El Quseir","Mangrove Bay","22/10/2023",25.87015,34.41968333,19,NA,NA,NA,8.6,"Deeper reef slope",NA
971,"C3C4","Modern","Egypt","El Quseir","Mangrove Bay","22/10/2023",25.87015,34.41968333,7,NA,NA,NA,8.6,"Deeper reef slope",NA
971,"C3C4","Modern","Egypt","El Quseir","Mangrove Bay","22/10/2023",25.87015,34.41968333,7,NA,NA,NA,8.6,"Deeper reef slope",NA
971,"C3C4","Modern","Egypt","El Quseir","Mangrove Bay","22/10/2023",25.87015,34.41968333,7,NA,NA,NA,8.6,"Deeper reef slope",NA
971,"C3C4","Modern","Egypt","El Quseir","Mangrove Bay","22/10/2023",25.87015,34.41968333,7,NA,NA,NA,8.6,"Deeper reef slope",NA
972,"C3C4","Modern","Egypt","El Quseir","Mangrove Bay","22/10/2023",25.87015,34.41968333,5,NA,NA,NA,8.6,"Deeper reef slope",NA
972,"C3C4","Modern","Egypt","El Quseir","Mangrove Bay","22/10/2023",25.87015,34.41968333,5,NA,NA,NA,8.6,"Deeper reef slope",NA
972,"C3C4","Modern","Egypt","El Quseir","Mangrove Bay","22/10/2023",25.87015,34.41968333,5,NA,NA,NA,8.6,"Deeper reef slope",NA
972,"C3C4","Modern","Egypt","El Quseir","Mangrove Bay","22/10/2023",25.87015,34.41968333,5,NA,NA,NA,8.6,"Deeper reef slope",NA
972,"C3C4","Modern","Egypt","El Quseir","Mangrove Bay","22/10/2023",25.87015,34.41968333,5,NA,NA,NA,8.6,"Deeper reef slope",NA
972,"C3C4","Modern","Egypt","El Quseir","Mangrove Bay","22/10/2023",25.87015,34.41968333,5,NA,NA,NA,8.6,"Deeper reef slope",NA
972,"C3C4","Modern","Egypt","El Quseir","Mangrove Bay","22/10/2023",25.87015,34.41968333,5,NA,NA,NA,8.6,"Deeper reef slope",NA
973,"C3C4","Modern","Egypt","El Quseir","Mangrove Bay","22/10/2023",25.87015,34.41968333,10,NA,NA,NA,8.6,"Deeper reef slope",NA
973,"C3C4","Modern","Egypt","El Quseir","Mangrove Bay","22/10/2023",25.87015,34.41968333,10,NA,NA,NA,8.6,"Deeper reef slope",NA
973,"C3C4","Modern","Egypt","El Quseir","Mangrove Bay","22/10/2023",25.87015,34.41968333,10,NA,NA,NA,8.6,"Deeper reef slope",NA
973,"C3C4","Modern","Egypt","El Quseir","Mangrove Bay","22/10/2023",25.87015,34.41968333,10,NA,NA,NA,8.6,"Deeper reef slope",NA
974,"C3C4","Modern","Egypt","El Quseir","Mangrove Bay","22/10/2023",25.87015,34.41968333,13,NA,NA,NA,8.6,"Deeper reef slope",NA
974,"C3C4","Modern","Egypt","El Quseir","Mangrove Bay","22/10/2023",25.87015,34.41968333,13,NA,NA,NA,8.6,"Deeper reef slope",NA
974,"C3C4","Modern","Egypt","El Quseir","Mangrove Bay","22/10/2023",25.87015,34.41968333,13,NA,NA,NA,8.6,"Deeper reef slope",NA
975,"C3C4","Modern","Egypt","El Quseir","Mangrove Bay","22/10/2023",25.87015,34.41968333,14,NA,NA,NA,8.6,"Deeper reef slope",NA
975,"C3C4","Modern","Egypt","El Quseir","Mangrove Bay","22/10/2023",25.87015,34.41968333,14,NA,NA,NA,8.6,"Deeper reef slope",NA
975,"C3C4","Modern","Egypt","El Quseir","Mangrove Bay","22/10/2023",25.87015,34.41968333,14,NA,NA,NA,8.6,"Deeper reef slope",NA
976,"C3C4","Modern","Egypt","El Quseir","Mangrove Bay","22/10/2023",25.87015,34.41968333,16,NA,NA,NA,8.6,"Deeper reef slope",NA
976,"C3C4","Modern","Egypt","El Quseir","Mangrove Bay","22/10/2023",25.87015,34.41968333,16,NA,NA,NA,8.6,"Deeper reef slope",NA
977,"C3C4","Modern","Egypt","El Quseir","Mangrove Bay","22/10/2023",25.87015,34.41968333,5,NA,NA,NA,8.6,"Deeper reef slope",NA
977,"C3C4","Modern","Egypt","El Quseir","Mangrove Bay","22/10/2023",25.87015,34.41968333,5,NA,NA,NA,8.6,"Deeper reef slope",NA
977,"C3C4","Modern","Egypt","El Quseir","Mangrove Bay","22/10/2023",25.87015,34.41968333,5,NA,NA,NA,8.6,"Deeper reef slope",NA
977,"C3C4","Modern","Egypt","El Quseir","Mangrove Bay","22/10/2023",25.87015,34.41968333,5,NA,NA,NA,8.6,"Deeper reef slope",NA
977,"C3C4","Modern","Egypt","El Quseir","Mangrove Bay","22/10/2023",25.87015,34.41968333,5,NA,NA,NA,8.6,"Deeper reef slope",NA
977,"C3C4","Modern","Egypt","El Quseir","Mangrove Bay","22/10/2023",25.87015,34.41968333,5,NA,NA,NA,8.6,"Deeper reef slope",NA
977,"C3C4","Modern","Egypt","El Quseir","Mangrove Bay","22/10/2023",25.87015,34.41968333,5,NA,NA,NA,8.6,"Deeper reef slope",NA
978,"C3C4","Modern","Egypt","El Quseir","Mangrove Bay","22/10/2023",25.87015,34.41968333,10,NA,NA,NA,8.6,"Deeper reef slope",NA
978,"C3C4","Modern","Egypt","El Quseir","Mangrove Bay","22/10/2023",25.87015,34.41968333,10,NA,NA,NA,8.6,"Deeper reef slope",NA
978,"C3C4","Modern","Egypt","El Quseir","Mangrove Bay","22/10/2023",25.87015,34.41968333,10,NA,NA,NA,8.6,"Deeper reef slope",NA
978,"C3C4","Modern","Egypt","El Quseir","Mangrove Bay","22/10/2023",25.87015,34.41968333,10,NA,NA,NA,8.6,"Deeper reef slope",NA
979,"C3C4","Modern","Egypt","El Quseir","Mangrove Bay","22/10/2023",25.87015,34.41968333,12,"Stylophora","subseriata",206980,8.6,"Deeper reef slope","CB"
980,"C3C4","Modern","Egypt","El Quseir","Mangrove Bay","22/10/2023",25.87015,34.41968333,18,"Pocillopora","damicornis",206953,8.6,"Deeper reef slope","CB"
981,"C3C4","Modern","Egypt","El Quseir","Mangrove Bay","22/10/2023",25.87015,34.41968333,13,"Pocillopora","damicornis",206953,8.6,"Deeper reef slope","CB"
982,"C3C4","Modern","Egypt","El Quseir","Mangrove Bay","22/10/2023",25.87015,34.41968333,10,"Pocillopora","damicornis",206953,8.6,"Deeper reef slope","CB"
983,"C3C4","Modern","Egypt","El Quseir","Mangrove Bay","22/10/2023",25.87015,34.41968333,6,"Pocillopora","verrucosa",206954,8.6,"Deeper reef slope","CB"
984,"C3C4","Modern","Egypt","El Quseir","Mangrove Bay","22/10/2023",25.87015,34.41968333,3,NA,NA,NA,8.6,"Deeper reef slope",NA
984,"C3C4","Modern","Egypt","El Quseir","Mangrove Bay","22/10/2023",25.87015,34.41968333,3,NA,NA,NA,8.6,"Deeper reef slope",NA
984,"C3C4","Modern","Egypt","El Quseir","Mangrove Bay","22/10/2023",25.87015,34.41968333,3,NA,NA,NA,8.6,"Deeper reef slope",NA
985,"C3C4","Modern","Egypt","El Quseir","Mangrove Bay","22/10/2023",25.87015,34.41968333,25,NA,NA,NA,8.6,"Deeper reef slope",NA
986,"C3C4","Modern","Egypt","El Quseir","Mangrove Bay","22/10/2023",25.87015,34.41968333,11,"Stylophora","sp.",NA,8.6,"Deeper reef slope","CD"
987,"C3C4","Modern","Egypt","El Quseir","Mangrove Bay","22/10/2023",25.87015,34.41968333,19,"Acropora","sp.",NA,8.6,"Deeper reef slope","CD"
988,"C3C4","Modern","Egypt","El Quseir","Mangrove Bay","22/10/2023",25.87015,34.41968333,10,NA,NA,NA,8.6,"Deeper reef slope",NA
988,"C3C4","Modern","Egypt","El Quseir","Mangrove Bay","22/10/2023",25.87015,34.41968333,10,NA,NA,NA,8.6,"Deeper reef slope",NA
988,"C3C4","Modern","Egypt","El Quseir","Mangrove Bay","22/10/2023",25.87015,34.41968333,10,NA,NA,NA,8.6,"Deeper reef slope",NA
988,"C3C4","Modern","Egypt","El Quseir","Mangrove Bay","22/10/2023",25.87015,34.41968333,10,NA,NA,NA,8.6,"Deeper reef slope",NA
989,"C3C4","Modern","Egypt","El Quseir","Mangrove Bay","22/10/2023",25.87015,34.41968333,8,NA,NA,NA,8.6,"Deeper reef slope",NA
989,"C3C4","Modern","Egypt","El Quseir","Mangrove Bay","22/10/2023",25.87015,34.41968333,8,NA,NA,NA,8.6,"Deeper reef slope",NA
990,"C3C4","Modern","Egypt","El Quseir","Mangrove Bay","22/10/2023",25.87015,34.41968333,5,NA,NA,NA,8.6,"Deeper reef slope",NA
990,"C3C4","Modern","Egypt","El Quseir","Mangrove Bay","22/10/2023",25.87015,34.41968333,5,NA,NA,NA,8.6,"Deeper reef slope",NA
990,"C3C4","Modern","Egypt","El Quseir","Mangrove Bay","22/10/2023",25.87015,34.41968333,5,NA,NA,NA,8.6,"Deeper reef slope",NA
990,"C3C4","Modern","Egypt","El Quseir","Mangrove Bay","22/10/2023",25.87015,34.41968333,5,NA,NA,NA,8.6,"Deeper reef slope",NA
990,"C3C4","Modern","Egypt","El Quseir","Mangrove Bay","22/10/2023",25.87015,34.41968333,5,NA,NA,NA,8.6,"Deeper reef slope",NA
990,"C3C4","Modern","Egypt","El Quseir","Mangrove Bay","22/10/2023",25.87015,34.41968333,5,NA,NA,NA,8.6,"Deeper reef slope",NA
990,"C3C4","Modern","Egypt","El Quseir","Mangrove Bay","22/10/2023",25.87015,34.41968333,5,NA,NA,NA,8.6,"Deeper reef slope",NA
991,"C3C4","Modern","Egypt","El Quseir","Mangrove Bay","22/10/2023",25.87015,34.41968333,15,NA,NA,NA,8.6,"Deeper reef slope",NA
991,"C3C4","Modern","Egypt","El Quseir","Mangrove Bay","22/10/2023",25.87015,34.41968333,15,NA,NA,NA,8.6,"Deeper reef slope",NA
991,"C3C4","Modern","Egypt","El Quseir","Mangrove Bay","22/10/2023",25.87015,34.41968333,15,NA,NA,NA,8.6,"Deeper reef slope",NA
991,"C3C4","Modern","Egypt","El Quseir","Mangrove Bay","22/10/2023",25.87015,34.41968333,15,NA,NA,NA,8.6,"Deeper reef slope",NA
992,"C3C4","Modern","Egypt","El Quseir","Mangrove Bay","22/10/2023",25.87015,34.41968333,13,NA,NA,NA,8.6,"Deeper reef slope",NA
992,"C3C4","Modern","Egypt","El Quseir","Mangrove Bay","22/10/2023",25.87015,34.41968333,13,NA,NA,NA,8.6,"Deeper reef slope",NA
992,"C3C4","Modern","Egypt","El Quseir","Mangrove Bay","22/10/2023",25.87015,34.41968333,13,NA,NA,NA,8.6,"Deeper reef slope",NA
993,"C3C4","Modern","Egypt","El Quseir","Mangrove Bay","22/10/2023",25.87015,34.41968333,5,"Pocillopora","damicornis",NA,8.6,"Deeper reef slope","CDA"
994,"C3C4","Modern","Egypt","El Quseir","Mangrove Bay","22/10/2023",25.87015,34.41968333,8,NA,NA,NA,8.6,"Deeper reef slope",NA
994,"C3C4","Modern","Egypt","El Quseir","Mangrove Bay","22/10/2023",25.87015,34.41968333,8,NA,NA,NA,8.6,"Deeper reef slope",NA
995,"C3C4","Modern","Egypt","El Quseir","Mangrove Bay","22/10/2023",25.87015,34.41968333,27,NA,NA,NA,8.6,"Deeper reef slope",NA
996,"C3C4","Modern","Egypt","El Quseir","Mangrove Bay","22/10/2023",25.87015,34.41968333,9,"Acropora","sp.",NA,8.6,"Deeper reef slope","CDA"
997,"C3C4","Modern","Egypt","El Quseir","Mangrove Bay","22/10/2023",25.87015,34.41968333,1,NA,NA,NA,8.6,"Deeper reef slope",NA
998,"C3C4","Modern","Egypt","El Quseir","Mangrove Bay","22/10/2023",25.87015,34.41968333,5,NA,NA,NA,8.6,"Deeper reef slope",NA
998,"C3C4","Modern","Egypt","El Quseir","Mangrove Bay","22/10/2023",25.87015,34.41968333,5,NA,NA,NA,8.6,"Deeper reef slope",NA
998,"C3C4","Modern","Egypt","El Quseir","Mangrove Bay","22/10/2023",25.87015,34.41968333,5,NA,NA,NA,8.6,"Deeper reef slope",NA
998,"C3C4","Modern","Egypt","El Quseir","Mangrove Bay","22/10/2023",25.87015,34.41968333,5,NA,NA,NA,8.6,"Deeper reef slope",NA
998,"C3C4","Modern","Egypt","El Quseir","Mangrove Bay","22/10/2023",25.87015,34.41968333,5,NA,NA,NA,8.6,"Deeper reef slope",NA
998,"C3C4","Modern","Egypt","El Quseir","Mangrove Bay","22/10/2023",25.87015,34.41968333,5,NA,NA,NA,8.6,"Deeper reef slope",NA
998,"C3C4","Modern","Egypt","El Quseir","Mangrove Bay","22/10/2023",25.87015,34.41968333,5,NA,NA,NA,8.6,"Deeper reef slope",NA
999,"C3C4","Modern","Egypt","El Quseir","Mangrove Bay","22/10/2023",25.87015,34.41968333,3,"Porites","sp.",206485,8.6,"Deeper reef slope","CE"
999,"C3C4","Modern","Egypt","El Quseir","Mangrove Bay","22/10/2023",25.87015,34.41968333,3,"Porites","sp.",206485,8.6,"Deeper reef slope","CS"
1000,"C3C4","Modern","Egypt","El Quseir","Mangrove Bay","22/10/2023",25.87015,34.41968333,4,"Leptastrea","purpurea",207470,8.6,"Deeper reef slope","CE"
1001,"C3C4","Modern","Egypt","El Quseir","Mangrove Bay","22/10/2023",25.87015,34.41968333,3,"Gyrosmilia","interrupta",207496,8.6,"Deeper reef slope","CE"
1002,"C3C4","Modern","Egypt","El Quseir","Mangrove Bay","22/10/2023",25.87015,34.41968333,7,"Porites","sp.",206485,8.6,"Deeper reef slope","CE"
1002,"C3C4","Modern","Egypt","El Quseir","Mangrove Bay","22/10/2023",25.87015,34.41968333,7,"Porites","sp.",206485,8.6,"Deeper reef slope","CM"
1002,"C3C4","Modern","Egypt","El Quseir","Mangrove Bay","22/10/2023",25.87015,34.41968333,7,"Porites","sp.",206485,8.6,"Deeper reef slope","CS"
1003,"C3C4","Modern","Egypt","El Quseir","Mangrove Bay","22/10/2023",25.87015,34.41968333,6,"Goniastrea","pectinata",207464,8.6,"Deeper reef slope","CE"
1004,"C3C4","Modern","Egypt","El Quseir","Mangrove Bay","22/10/2023",25.87015,34.41968333,10,"Leptastrea","purpurea",207470,8.6,"Deeper reef slope","CE"
1005,"C3C4","Modern","Egypt","El Quseir","Mangrove Bay","22/10/2023",25.87015,34.41968333,3,"Montipora","maeandrina",207188,8.6,"Deeper reef slope","CE"
1006,"C3C4","Modern","Egypt","El Quseir","Mangrove Bay","22/10/2023",25.87015,34.41968333,7,"Merulina","scheeri",207408,8.6,"Deeper reef slope","CE"
1007,"C3C4","Modern","Egypt","El Quseir","Mangrove Bay","22/10/2023",25.87015,34.41968333,10,"Dipsastraea","laxa",758235,8.6,"Deeper reef slope","CE"
1008,"C3C4","Modern","Egypt","El Quseir","Mangrove Bay","22/10/2023",25.87015,34.41968333,5,"Montipora","danae",207152,8.6,"Deeper reef slope","CE"
1009,"C3C4","Modern","Egypt","El Quseir","Mangrove Bay","22/10/2023",25.87015,34.41968333,33,"Echinopora","forskaliana",288341,8.6,"Deeper reef slope","CE"
1010,"C3C4","Modern","Egypt","El Quseir","Mangrove Bay","22/10/2023",25.87015,34.41968333,3,"Cyphastrea","kausti",843628,8.6,"Deeper reef slope","CE"
1011,"C3C4","Modern","Egypt","El Quseir","Mangrove Bay","22/10/2023",25.87015,34.41968333,5,"Goniastrea","edwardsi",207466,8.6,"Deeper reef slope","CE"
1012,"C3C4","Modern","Egypt","El Quseir","Mangrove Bay","22/10/2023",25.87015,34.41968333,5,"Leptastrea","bottae",207476,8.6,"Deeper reef slope","CE"
1013,"C3C4","Modern","Egypt","El Quseir","Mangrove Bay","22/10/2023",25.87015,34.41968333,3,"Cyphastrea","sp.",206488,8.6,"Deeper reef slope","CE"
1014,"C3C4","Modern","Egypt","El Quseir","Mangrove Bay","22/10/2023",25.87015,34.41968333,5,"Turbinaria","mesenterina",207511,8.6,"Deeper reef slope","CF"
1015,"C3C4","Modern","Egypt","El Quseir","Mangrove Bay","22/10/2023",25.87015,34.41968333,4,"Porites","sp.",206485,8.6,"Deeper reef slope","CM"
1016,"C3C4","Modern","Egypt","El Quseir","Mangrove Bay","22/10/2023",25.87015,34.41968333,18,"Porites","rus",207231,8.6,"Deeper reef slope","CM"
1017,"C3C4","Modern","Egypt","El Quseir","Mangrove Bay","22/10/2023",25.87015,34.41968333,28,"Porites","sp.",206485,8.6,"Deeper reef slope","CM"
1018,"C3C4","Modern","Egypt","El Quseir","Mangrove Bay","22/10/2023",25.87015,34.41968333,10,"Porites","sp.",206485,8.6,"Deeper reef slope","CM"
1019,"C3C4","Modern","Egypt","El Quseir","Mangrove Bay","22/10/2023",25.87015,34.41968333,15,"Goniastrea","pectinata",207464,8.6,"Deeper reef slope","CM"
1020,"C3C4","Modern","Egypt","El Quseir","Mangrove Bay","22/10/2023",25.87015,34.41968333,6,"Porites","sp.",206485,8.6,"Deeper reef slope","CM"
1021,"C3C4","Modern","Egypt","El Quseir","Mangrove Bay","22/10/2023",25.87015,34.41968333,2,"Porites","sp.",206485,8.6,"Deeper reef slope","CS"
1021,"C3C4","Modern","Egypt","El Quseir","Mangrove Bay","22/10/2023",25.87015,34.41968333,2,"Porites","sp.",206485,8.6,"Deeper reef slope","CM"
1022,"C3C4","Modern","Egypt","El Quseir","Mangrove Bay","22/10/2023",25.87015,34.41968333,15,"Porites","sp.",206485,8.6,"Deeper reef slope","CM"
1023,"C3C4","Modern","Egypt","El Quseir","Mangrove Bay","22/10/2023",25.87015,34.41968333,10,"Porites","sp.",206485,8.6,"Deeper reef slope","CM"
1024,"C3C4","Modern","Egypt","El Quseir","Mangrove Bay","22/10/2023",25.87015,34.41968333,6,"Porites","sp.",206485,8.6,"Deeper reef slope","CM"
1025,"C3C4","Modern","Egypt","El Quseir","Mangrove Bay","22/10/2023",25.87015,34.41968333,7,"Porites","sp.",206485,8.6,"Deeper reef slope","CE"
1025,"C3C4","Modern","Egypt","El Quseir","Mangrove Bay","22/10/2023",25.87015,34.41968333,7,"Porites","sp.",206485,8.6,"Deeper reef slope","CM"
1025,"C3C4","Modern","Egypt","El Quseir","Mangrove Bay","22/10/2023",25.87015,34.41968333,7,"Porites","sp.",206485,8.6,"Deeper reef slope","CS"
1026,"C3C4","Modern","Egypt","El Quseir","Mangrove Bay","22/10/2023",25.87015,34.41968333,12,"Goniastrea","edwardsi",207466,8.6,"Deeper reef slope","CM"
1026,"C3C4","Modern","Egypt","El Quseir","Mangrove Bay","22/10/2023",25.87015,34.41968333,12,"Goniastrea","edwardsi",207466,8.6,"Deeper reef slope","CS"
1027,"C3C4","Modern","Egypt","El Quseir","Mangrove Bay","22/10/2023",25.87015,34.41968333,4,"Porites","sp.",206485,8.6,"Deeper reef slope","CM"
1028,"C3C4","Modern","Egypt","El Quseir","Mangrove Bay","22/10/2023",25.87015,34.41968333,31,"Goniastrea","pectinata",207464,8.6,"Deeper reef slope","CM"
1029,"C3C4","Modern","Egypt","El Quseir","Mangrove Bay","22/10/2023",25.87015,34.41968333,4,"Porites","sp.",206485,8.6,"Deeper reef slope","CM"
1030,"C3C4","Modern","Egypt","El Quseir","Mangrove Bay","22/10/2023",25.87015,34.41968333,5,"Porites","sp.",206485,8.6,"Deeper reef slope","CS"
1030,"C3C4","Modern","Egypt","El Quseir","Mangrove Bay","22/10/2023",25.87015,34.41968333,5,"Porites","sp.",206485,8.6,"Deeper reef slope","CM"
1031,"C3C4","Modern","Egypt","El Quseir","Mangrove Bay","22/10/2023",25.87015,34.41968333,6,"Dipsastraea","speciosa",758219,8.6,"Deeper reef slope","CS"
1032,"C3C4","Modern","Egypt","El Quseir","Mangrove Bay","22/10/2023",25.87015,34.41968333,2,"Porites","rus",207231,8.6,"Deeper reef slope","CS"
1032,"C3C4","Modern","Egypt","El Quseir","Mangrove Bay","22/10/2023",25.87015,34.41968333,2,"Porites","rus",207231,8.6,"Deeper reef slope","CM"
1033,"C3C4","Modern","Egypt","El Quseir","Mangrove Bay","22/10/2023",25.87015,34.41968333,3,"Porites","sp.",206485,8.6,"Deeper reef slope","CE"
1033,"C3C4","Modern","Egypt","El Quseir","Mangrove Bay","22/10/2023",25.87015,34.41968333,3,"Porites","sp.",206485,8.6,"Deeper reef slope","CS"
1034,"C3C4","Modern","Egypt","El Quseir","Mangrove Bay","22/10/2023",25.87015,34.41968333,8,"Porites","sp.",206485,8.6,"Deeper reef slope","CS"
1035,"C3C4","Modern","Egypt","El Quseir","Mangrove Bay","22/10/2023",25.87015,34.41968333,2,"Porites","sp.",206485,8.6,"Deeper reef slope","CS"
1035,"C3C4","Modern","Egypt","El Quseir","Mangrove Bay","22/10/2023",25.87015,34.41968333,2,"Porites","sp.",206485,8.6,"Deeper reef slope","CM"
1036,"C3C4","Modern","Egypt","El Quseir","Mangrove Bay","22/10/2023",25.87015,34.41968333,5,"Porites","sp.",206485,8.6,"Deeper reef slope","CS"
1036,"C3C4","Modern","Egypt","El Quseir","Mangrove Bay","22/10/2023",25.87015,34.41968333,5,"Porites","sp.",206485,8.6,"Deeper reef slope","CM"
1037,"C3C4","Modern","Egypt","El Quseir","Mangrove Bay","22/10/2023",25.87015,34.41968333,7,"Cyphastrea","kausti",843628,8.6,"Deeper reef slope","CS"
1038,"C3C4","Modern","Egypt","El Quseir","Mangrove Bay","22/10/2023",25.87015,34.41968333,12,"Goniastrea","edwardsi",207466,8.6,"Deeper reef slope","CM"
1038,"C3C4","Modern","Egypt","El Quseir","Mangrove Bay","22/10/2023",25.87015,34.41968333,12,"Goniastrea","edwardsi",207466,8.6,"Deeper reef slope","CS"
1039,"C3C4","Modern","Egypt","El Quseir","Mangrove Bay","22/10/2023",25.87015,34.41968333,5,"Cyphastrea","microphthalma",207416,8.6,"Deeper reef slope","CS"
1040,"C3C4","Modern","Egypt","El Quseir","Mangrove Bay","22/10/2023",25.87015,34.41968333,7,"Porites","sp.",206485,8.6,"Deeper reef slope","CE"
1040,"C3C4","Modern","Egypt","El Quseir","Mangrove Bay","22/10/2023",25.87015,34.41968333,7,"Porites","sp.",206485,8.6,"Deeper reef slope","CM"
1040,"C3C4","Modern","Egypt","El Quseir","Mangrove Bay","22/10/2023",25.87015,34.41968333,7,"Porites","sp.",206485,8.6,"Deeper reef slope","CS"
1041,"C3C4","Modern","Egypt","El Quseir","Mangrove Bay","22/10/2023",25.87015,34.41968333,5,"Porites","sp.",206485,8.6,"Deeper reef slope","CS"
1041,"C3C4","Modern","Egypt","El Quseir","Mangrove Bay","22/10/2023",25.87015,34.41968333,5,"Porites","sp.",206485,8.6,"Deeper reef slope","CM"
1042,"C3C4","Modern","Egypt","El Quseir","Mangrove Bay","22/10/2023",25.87015,34.41968333,4,"GAP","GAP",NA,8.6,"Deeper reef slope",NA
1043,"C3C4","Modern","Egypt","El Quseir","Mangrove Bay","22/10/2023",25.87015,34.41968333,6,"GAP","GAP",NA,8.6,"Deeper reef slope",NA
1044,"C3C4","Modern","Egypt","El Quseir","Mangrove Bay","22/10/2023",25.87015,34.41968333,30,"GAP","GAP",NA,8.6,"Deeper reef slope",NA
1045,"C3C4","Modern","Egypt","El Quseir","Mangrove Bay","22/10/2023",25.87015,34.41968333,6,"GAP","GAP",NA,8.6,"Deeper reef slope",NA
1046,"C3C4","Modern","Egypt","El Quseir","Mangrove Bay","22/10/2023",25.87015,34.41968333,51,"GAP","GAP",NA,8.6,"Deeper reef slope",NA
1047,"C3C4","Modern","Egypt","El Quseir","Mangrove Bay","22/10/2023",25.87015,34.41968333,5,"GAP","GAP",NA,8.6,"Deeper reef slope",NA
1048,"C3C4","Modern","Egypt","El Quseir","Mangrove Bay","22/10/2023",25.87015,34.41968333,7,"GAP","GAP",NA,8.6,"Deeper reef slope",NA
1049,"C3C4","Modern","Egypt","El Quseir","Mangrove Bay","22/10/2023",25.87015,34.41968333,22,"GAP","GAP",NA,8.6,"Deeper reef slope",NA
1050,"C3C4","Modern","Egypt","El Quseir","Mangrove Bay","22/10/2023",25.87015,34.41968333,17,"GAP","GAP",NA,8.6,"Deeper reef slope",NA
1051,"C3C4","Modern","Egypt","El Quseir","Mangrove Bay","22/10/2023",25.87015,34.41968333,15,"GAP","GAP",NA,8.6,"Deeper reef slope",NA
1052,"C3C4","Modern","Egypt","El Quseir","Mangrove Bay","22/10/2023",25.87015,34.41968333,37,"GAP","GAP",NA,8.6,"Deeper reef slope",NA
1053,"C3C4","Modern","Egypt","El Quseir","Mangrove Bay","22/10/2023",25.87015,34.41968333,35,"GAP","GAP",NA,8.6,"Deeper reef slope",NA
1054,"C3C4","Modern","Egypt","El Quseir","Mangrove Bay","22/10/2023",25.87015,34.41968333,23,"GAP","GAP",NA,8.6,"Deeper reef slope",NA
1055,"C3C4","Modern","Egypt","El Quseir","Mangrove Bay","22/10/2023",25.87015,34.41968333,14,"GAP","GAP",NA,8.6,"Deeper reef slope",NA
1056,"C3C4","Modern","Egypt","El Quseir","Mangrove Bay","22/10/2023",25.87015,34.41968333,70,"GAP","GAP",NA,8.6,"Deeper reef slope",NA
1057,"C3C4","Modern","Egypt","El Quseir","Mangrove Bay","22/10/2023",25.87015,34.41968333,20,"GAP","GAP",NA,8.6,"Deeper reef slope",NA
1058,"C3C4","Modern","Egypt","El Quseir","Mangrove Bay","22/10/2023",25.87015,34.41968333,19,"GAP","GAP",NA,8.6,"Deeper reef slope",NA
1059,"C3C4","Modern","Egypt","El Quseir","Mangrove Bay","22/10/2023",25.87015,34.41968333,9,"GAP","GAP",NA,8.6,"Deeper reef slope",NA
1060,"C3C4","Modern","Egypt","El Quseir","Mangrove Bay","22/10/2023",25.87015,34.41968333,8,"GAP","GAP",NA,8.6,"Deeper reef slope",NA
1061,"C3C4","Modern","Egypt","El Quseir","Mangrove Bay","22/10/2023",25.87015,34.41968333,16,"GAP","GAP",NA,8.6,"Deeper reef slope",NA
1062,"C3C4","Modern","Egypt","El Quseir","Mangrove Bay","22/10/2023",25.87015,34.41968333,3,NA,NA,NA,8.6,"Deeper reef slope",NA
1062,"C3C4","Modern","Egypt","El Quseir","Mangrove Bay","22/10/2023",25.87015,34.41968333,3,NA,NA,NA,8.6,"Deeper reef slope",NA
1062,"C3C4","Modern","Egypt","El Quseir","Mangrove Bay","22/10/2023",25.87015,34.41968333,3,NA,NA,NA,8.6,"Deeper reef slope",NA
1063,"C3C4","Modern","Egypt","El Quseir","Mangrove Bay","22/10/2023",25.87015,34.41968333,9,NA,NA,NA,8.6,"Deeper reef slope",NA
1063,"C3C4","Modern","Egypt","El Quseir","Mangrove Bay","22/10/2023",25.87015,34.41968333,9,NA,NA,NA,8.6,"Deeper reef slope",NA
1063,"C3C4","Modern","Egypt","El Quseir","Mangrove Bay","22/10/2023",25.87015,34.41968333,9,NA,NA,NA,8.6,"Deeper reef slope",NA
1064,"C3C4","Modern","Egypt","El Quseir","Mangrove Bay","22/10/2023",25.87015,34.41968333,4,NA,NA,NA,8.6,"Deeper reef slope",NA
1064,"C3C4","Modern","Egypt","El Quseir","Mangrove Bay","22/10/2023",25.87015,34.41968333,4,NA,NA,NA,8.6,"Deeper reef slope",NA
1065,"C3C4","Modern","Egypt","El Quseir","Mangrove Bay","22/10/2023",25.87015,34.41968333,13,NA,NA,NA,8.6,"Deeper reef slope",NA
1065,"C3C4","Modern","Egypt","El Quseir","Mangrove Bay","22/10/2023",25.87015,34.41968333,13,NA,NA,NA,8.6,"Deeper reef slope",NA
1065,"C3C4","Modern","Egypt","El Quseir","Mangrove Bay","22/10/2023",25.87015,34.41968333,13,NA,NA,NA,8.6,"Deeper reef slope",NA
1066,"C3C4","Modern","Egypt","El Quseir","Mangrove Bay","22/10/2023",25.87015,34.41968333,5,NA,NA,NA,8.6,"Deeper reef slope",NA
1066,"C3C4","Modern","Egypt","El Quseir","Mangrove Bay","22/10/2023",25.87015,34.41968333,5,NA,NA,NA,8.6,"Deeper reef slope",NA
1066,"C3C4","Modern","Egypt","El Quseir","Mangrove Bay","22/10/2023",25.87015,34.41968333,5,NA,NA,NA,8.6,"Deeper reef slope",NA
1066,"C3C4","Modern","Egypt","El Quseir","Mangrove Bay","22/10/2023",25.87015,34.41968333,5,NA,NA,NA,8.6,"Deeper reef slope",NA
1066,"C3C4","Modern","Egypt","El Quseir","Mangrove Bay","22/10/2023",25.87015,34.41968333,5,NA,NA,NA,8.6,"Deeper reef slope",NA
1066,"C3C4","Modern","Egypt","El Quseir","Mangrove Bay","22/10/2023",25.87015,34.41968333,5,NA,NA,NA,8.6,"Deeper reef slope",NA
1066,"C3C4","Modern","Egypt","El Quseir","Mangrove Bay","22/10/2023",25.87015,34.41968333,5,NA,NA,NA,8.6,"Deeper reef slope",NA
1067,"C3C4","Modern","Egypt","El Quseir","Mangrove Bay","22/10/2023",25.87015,34.41968333,9,NA,NA,NA,8.6,"Deeper reef slope",NA
1067,"C3C4","Modern","Egypt","El Quseir","Mangrove Bay","22/10/2023",25.87015,34.41968333,9,NA,NA,NA,8.6,"Deeper reef slope",NA
1067,"C3C4","Modern","Egypt","El Quseir","Mangrove Bay","22/10/2023",25.87015,34.41968333,9,NA,NA,NA,8.6,"Deeper reef slope",NA
1068,"C3C4","Modern","Egypt","El Quseir","Mangrove Bay","22/10/2023",25.87015,34.41968333,4,"Heteroxenia","sp.",204616,8.6,"Deeper reef slope","SC"
1069,"C3C4","Modern","Egypt","El Quseir","Mangrove Bay","22/10/2023",25.87015,34.41968333,14,"Heteroxenia","sp.",204616,8.6,"Deeper reef slope","SC"
1070,"C3C4","Modern","Egypt","El Quseir","Mangrove Bay","22/10/2023",25.87015,34.41968333,74,"Heteroxenia","sp.",204616,8.6,"Deeper reef slope","SC"
1071,"C3C4","Modern","Egypt","El Quseir","Mangrove Bay","22/10/2023",25.87015,34.41968333,10,"Heteroxenia","sp.",204616,8.6,"Deeper reef slope","SC"
1072,"C3C4","Modern","Egypt","El Quseir","Mangrove Bay","22/10/2023",25.87015,34.41968333,6,"Heteroxenia","sp.",204616,8.6,"Deeper reef slope","SC"
1073,"C3C4","Modern","Egypt","El Quseir","Mangrove Bay","22/10/2023",25.87015,34.41968333,11,"Heteroxenia","sp.",204616,8.6,"Deeper reef slope","SC"
1074,"C3C4","Modern","Egypt","El Quseir","Mangrove Bay","22/10/2023",25.87015,34.41968333,4,"Heteroxenia","sp.",204616,8.6,"Deeper reef slope","SC"
1075,"C3C4","Modern","Egypt","El Quseir","Mangrove Bay","22/10/2023",25.87015,34.41968333,2,"Heteroxenia","sp.",204616,8.6,"Deeper reef slope","SC"
1076,"C3C4","Modern","Egypt","El Quseir","Mangrove Bay","22/10/2023",25.87015,34.41968333,1,"Heteroxenia","sp.",204616,8.6,"Deeper reef slope","SC"
1077,"C3C4","Modern","Egypt","El Quseir","Mangrove Bay","22/10/2023",25.87015,34.41968333,3,"Heteroxenia","sp.",204616,8.6,"Deeper reef slope","SC"
1078,"C3C4","Modern","Egypt","El Quseir","Mangrove Bay","22/10/2023",25.87015,34.41968333,2,"Heteroxenia","sp.",204616,8.6,"Deeper reef slope","SC"
1079,"C3C4","Modern","Egypt","El Quseir","Mangrove Bay","22/10/2023",25.87015,34.41968333,11,NA,NA,NA,8.6,"Deeper reef slope",NA
1080,"C3C4","Modern","Egypt","El Quseir","Mangrove Bay","22/10/2023",25.87015,34.41968333,2,NA,NA,NA,8.6,"Deeper reef slope",NA
1080,"C3C4","Modern","Egypt","El Quseir","Mangrove Bay","22/10/2023",25.87015,34.41968333,2,NA,NA,NA,8.6,"Deeper reef slope",NA
1081,"C3C4","Modern","Egypt","El Quseir","Mangrove Bay","22/10/2023",25.87015,34.41968333,5,NA,NA,NA,8.6,"Deeper reef slope",NA
1081,"C3C4","Modern","Egypt","El Quseir","Mangrove Bay","22/10/2023",25.87015,34.41968333,5,NA,NA,NA,8.6,"Deeper reef slope",NA
1081,"C3C4","Modern","Egypt","El Quseir","Mangrove Bay","22/10/2023",25.87015,34.41968333,5,NA,NA,NA,8.6,"Deeper reef slope",NA
1081,"C3C4","Modern","Egypt","El Quseir","Mangrove Bay","22/10/2023",25.87015,34.41968333,5,NA,NA,NA,8.6,"Deeper reef slope",NA
1081,"C3C4","Modern","Egypt","El Quseir","Mangrove Bay","22/10/2023",25.87015,34.41968333,5,NA,NA,NA,8.6,"Deeper reef slope",NA
1081,"C3C4","Modern","Egypt","El Quseir","Mangrove Bay","22/10/2023",25.87015,34.41968333,5,NA,NA,NA,8.6,"Deeper reef slope",NA
1081,"C3C4","Modern","Egypt","El Quseir","Mangrove Bay","22/10/2023",25.87015,34.41968333,5,NA,NA,NA,8.6,"Deeper reef slope",NA
1082,"C3C4","Modern","Egypt","El Quseir","Mangrove Bay","22/10/2023",25.87015,34.41968333,38,NA,NA,NA,8.6,"Deeper reef slope",NA
1083,"C3C4","Modern","Egypt","El Quseir","Mangrove Bay","22/10/2023",25.87015,34.41968333,15,NA,NA,NA,8.6,"Deeper reef slope",NA
1083,"C3C4","Modern","Egypt","El Quseir","Mangrove Bay","22/10/2023",25.87015,34.41968333,15,NA,NA,NA,8.6,"Deeper reef slope",NA
1083,"C3C4","Modern","Egypt","El Quseir","Mangrove Bay","22/10/2023",25.87015,34.41968333,15,NA,NA,NA,8.6,"Deeper reef slope",NA
1083,"C3C4","Modern","Egypt","El Quseir","Mangrove Bay","22/10/2023",25.87015,34.41968333,15,NA,NA,NA,8.6,"Deeper reef slope",NA
1084,"C3C4","Modern","Egypt","El Quseir","Mangrove Bay","22/10/2023",25.87015,34.41968333,7,NA,NA,NA,8.6,"Deeper reef slope",NA
1084,"C3C4","Modern","Egypt","El Quseir","Mangrove Bay","22/10/2023",25.87015,34.41968333,7,NA,NA,NA,8.6,"Deeper reef slope",NA
1084,"C3C4","Modern","Egypt","El Quseir","Mangrove Bay","22/10/2023",25.87015,34.41968333,7,NA,NA,NA,8.6,"Deeper reef slope",NA
1084,"C3C4","Modern","Egypt","El Quseir","Mangrove Bay","22/10/2023",25.87015,34.41968333,7,NA,NA,NA,8.6,"Deeper reef slope",NA
1085,"C3C4","Modern","Egypt","El Quseir","Mangrove Bay","22/10/2023",25.87015,34.41968333,11,NA,NA,NA,8.6,"Deeper reef slope",NA
1086,"C3C4","Modern","Egypt","El Quseir","Mangrove Bay","22/10/2023",25.87015,34.41968333,17,NA,NA,NA,8.6,"Deeper reef slope",NA
1086,"C3C4","Modern","Egypt","El Quseir","Mangrove Bay","22/10/2023",25.87015,34.41968333,17,NA,NA,NA,8.6,"Deeper reef slope",NA
1087,"C3C4","Modern","Egypt","El Quseir","Mangrove Bay","22/10/2023",25.87015,34.41968333,27,"Heteroxenia","sp.",204616,8.6,"Deeper reef slope","SC"
1088,"C3C4","Modern","Egypt","El Quseir","Mangrove Bay","22/10/2023",25.87015,34.41968333,5,"Heteroxenia","sp.",204616,8.6,"Deeper reef slope","SC"
1089,"C3C4","Modern","Egypt","El Quseir","Mangrove Bay","22/10/2023",25.87015,34.41968333,27,"Heteroxenia","sp.",204616,8.6,"Deeper reef slope","SC"
1090,"C3C4","Modern","Egypt","El Quseir","Mangrove Bay","22/10/2023",25.87015,34.41968333,8,"Heteroxenia","sp.",204616,8.6,"Deeper reef slope","SC"
1091,"C3C4","Modern","Egypt","El Quseir","Mangrove Bay","22/10/2023",25.87015,34.41968333,5,"Heteroxenia","sp.",204616,8.6,"Deeper reef slope","SC"
1092,"C3C4","Modern","Egypt","El Quseir","Mangrove Bay","22/10/2023",25.87015,34.41968333,20,"Heteroxenia","sp.",204616,8.6,"Deeper reef slope","SC"
1093,"C3C4","Modern","Egypt","El Quseir","Mangrove Bay","22/10/2023",25.87015,34.41968333,5,NA,NA,NA,8.6,"Deeper reef slope",NA
1093,"C3C4","Modern","Egypt","El Quseir","Mangrove Bay","22/10/2023",25.87015,34.41968333,5,NA,NA,NA,8.6,"Deeper reef slope",NA
1093,"C3C4","Modern","Egypt","El Quseir","Mangrove Bay","22/10/2023",25.87015,34.41968333,5,NA,NA,NA,8.6,"Deeper reef slope",NA
1093,"C3C4","Modern","Egypt","El Quseir","Mangrove Bay","22/10/2023",25.87015,34.41968333,5,NA,NA,NA,8.6,"Deeper reef slope",NA
1093,"C3C4","Modern","Egypt","El Quseir","Mangrove Bay","22/10/2023",25.87015,34.41968333,5,NA,NA,NA,8.6,"Deeper reef slope",NA
1093,"C3C4","Modern","Egypt","El Quseir","Mangrove Bay","22/10/2023",25.87015,34.41968333,5,NA,NA,NA,8.6,"Deeper reef slope",NA
1093,"C3C4","Modern","Egypt","El Quseir","Mangrove Bay","22/10/2023",25.87015,34.41968333,5,NA,NA,NA,8.6,"Deeper reef slope",NA
1094,"C3C4","Modern","Egypt","El Quseir","Mangrove Bay","22/10/2023",25.87015,34.41968333,13,"Heteroxenia","sp.",204616,8.6,"Deeper reef slope","SC"
1095,"C3C4","Modern","Egypt","El Quseir","Mangrove Bay","22/10/2023",25.87015,34.41968333,27,"Heteroxenia","sp.",204616,8.6,"Deeper reef slope","SC"
1096,"C3C4","Modern","Egypt","El Quseir","Mangrove Bay","22/10/2023",25.87015,34.41968333,11,"Heteroxenia","sp.",204616,8.6,"Deeper reef slope","SC"
1097,"C3C4","Modern","Egypt","El Quseir","Mangrove Bay","22/10/2023",25.87015,34.41968333,17,"Heteroxenia","sp.",204616,8.6,"Deeper reef slope","SC"
1098,"C3C4","Modern","Egypt","El Quseir","Mangrove Bay","22/10/2023",25.87015,34.41968333,11,"Heteroxenia","sp.",204616,8.6,"Deeper reef slope","SC"
1099,"C3C4","Modern","Egypt","El Quseir","Mangrove Bay","22/10/2023",25.87015,34.41968333,60,"Heteroxenia","sp.",204616,8.6,"Deeper reef slope","SC"
1100,"C3C4","Modern","Egypt","El Quseir","Mangrove Bay","22/10/2023",25.87015,34.41968333,9,"Heteroxenia","sp.",204616,8.6,"Deeper reef slope","SC"
1101,"C3C4","Modern","Egypt","El Quseir","Mangrove Bay","22/10/2023",25.87015,34.41968333,2,NA,NA,NA,8.6,"Deeper reef slope",NA
1101,"C3C4","Modern","Egypt","El Quseir","Mangrove Bay","22/10/2023",25.87015,34.41968333,2,NA,NA,NA,8.6,"Deeper reef slope",NA
1102,"C3C4","Modern","Egypt","El Quseir","Mangrove Bay","22/10/2023",25.87015,34.41968333,0,"Heteroxenia","sp.",204616,8.6,"Deeper reef slope","SC"
1103,"C3C4","Modern","Egypt","El Quseir","Mangrove Bay","22/10/2023",25.87015,34.41968333,43,"Heteroxenia","sp.",204616,8.6,"Deeper reef slope","SC"
1104,"C3C4","Modern","Egypt","El Quseir","Mangrove Bay","22/10/2023",25.87015,34.41968333,5,"Heteroxenia","sp.",204616,8.6,"Deeper reef slope","SC"
1105,"C3C4","Modern","Egypt","El Quseir","Mangrove Bay","22/10/2023",25.87015,34.41968333,0,"Heteroxenia","sp.",204616,8.6,"Deeper reef slope","SC"
1106,"C3C4","Modern","Egypt","El Quseir","Mangrove Bay","22/10/2023",25.87015,34.41968333,4,"Heteroxenia","sp.",204616,8.6,"Deeper reef slope","SC"
1107,"C3C4","Modern","Egypt","El Quseir","Mangrove Bay","22/10/2023",25.87015,34.41968333,12,"Heteroxenia","sp.",204616,8.6,"Deeper reef slope","SC"
1108,"C3C4","Modern","Egypt","El Quseir","Mangrove Bay","22/10/2023",25.87015,34.41968333,2,"Heteroxenia","sp.",204616,8.6,"Deeper reef slope","SC"
1109,"C3C4","Modern","Egypt","El Quseir","Mangrove Bay","22/10/2023",25.87015,34.41968333,35,"Heteroxenia","sp.",204616,8.6,"Deeper reef slope","SC"
1110,"C3C4","Modern","Egypt","El Quseir","Mangrove Bay","22/10/2023",25.87015,34.41968333,10,NA,NA,NA,8.6,"Deeper reef slope",NA
1110,"C3C4","Modern","Egypt","El Quseir","Mangrove Bay","22/10/2023",25.87015,34.41968333,10,NA,NA,NA,8.6,"Deeper reef slope",NA
1110,"C3C4","Modern","Egypt","El Quseir","Mangrove Bay","22/10/2023",25.87015,34.41968333,10,NA,NA,NA,8.6,"Deeper reef slope",NA
1110,"C3C4","Modern","Egypt","El Quseir","Mangrove Bay","22/10/2023",25.87015,34.41968333,10,NA,NA,NA,8.6,"Deeper reef slope",NA
1111,"C3C4","Modern","Egypt","El Quseir","Mangrove Bay","22/10/2023",25.87015,34.41968333,7,NA,NA,NA,8.6,"Deeper reef slope",NA
1111,"C3C4","Modern","Egypt","El Quseir","Mangrove Bay","22/10/2023",25.87015,34.41968333,7,NA,NA,NA,8.6,"Deeper reef slope",NA
1111,"C3C4","Modern","Egypt","El Quseir","Mangrove Bay","22/10/2023",25.87015,34.41968333,7,NA,NA,NA,8.6,"Deeper reef slope",NA
1111,"C3C4","Modern","Egypt","El Quseir","Mangrove Bay","22/10/2023",25.87015,34.41968333,7,NA,NA,NA,8.6,"Deeper reef slope",NA
1112,"C3C4","Modern","Egypt","El Quseir","Mangrove Bay","22/10/2023",25.87015,34.41968333,5,NA,NA,NA,8.6,"Deeper reef slope",NA
1112,"C3C4","Modern","Egypt","El Quseir","Mangrove Bay","22/10/2023",25.87015,34.41968333,5,NA,NA,NA,8.6,"Deeper reef slope",NA
1112,"C3C4","Modern","Egypt","El Quseir","Mangrove Bay","22/10/2023",25.87015,34.41968333,5,NA,NA,NA,8.6,"Deeper reef slope",NA
1112,"C3C4","Modern","Egypt","El Quseir","Mangrove Bay","22/10/2023",25.87015,34.41968333,5,NA,NA,NA,8.6,"Deeper reef slope",NA
1112,"C3C4","Modern","Egypt","El Quseir","Mangrove Bay","22/10/2023",25.87015,34.41968333,5,NA,NA,NA,8.6,"Deeper reef slope",NA
1112,"C3C4","Modern","Egypt","El Quseir","Mangrove Bay","22/10/2023",25.87015,34.41968333,5,NA,NA,NA,8.6,"Deeper reef slope",NA
1112,"C3C4","Modern","Egypt","El Quseir","Mangrove Bay","22/10/2023",25.87015,34.41968333,5,NA,NA,NA,8.6,"Deeper reef slope",NA
1113,"C5C6","Modern","Egypt","El Quseir","Mangrove Bay","24/10/2023",25.87015,34.41968333,5,NA,NA,NA,8.8,"Deeper reef slope",NA
1113,"C5C6","Modern","Egypt","El Quseir","Mangrove Bay","24/10/2023",25.87015,34.41968333,5,NA,NA,NA,8.8,"Deeper reef slope",NA
1113,"C5C6","Modern","Egypt","El Quseir","Mangrove Bay","24/10/2023",25.87015,34.41968333,5,NA,NA,NA,8.8,"Deeper reef slope",NA
1113,"C5C6","Modern","Egypt","El Quseir","Mangrove Bay","24/10/2023",25.87015,34.41968333,5,NA,NA,NA,8.8,"Deeper reef slope",NA
1114,"C5C6","Modern","Egypt","El Quseir","Mangrove Bay","24/10/2023",25.87015,34.41968333,2,NA,NA,NA,8.8,"Deeper reef slope",NA
1114,"C5C6","Modern","Egypt","El Quseir","Mangrove Bay","24/10/2023",25.87015,34.41968333,2,NA,NA,NA,8.8,"Deeper reef slope",NA
1115,"C5C6","Modern","Egypt","El Quseir","Mangrove Bay","24/10/2023",25.87015,34.41968333,1,NA,NA,NA,8.8,"Deeper reef slope",NA
1115,"C5C6","Modern","Egypt","El Quseir","Mangrove Bay","24/10/2023",25.87015,34.41968333,1,NA,NA,NA,8.8,"Deeper reef slope",NA
1116,"C5C6","Modern","Egypt","El Quseir","Mangrove Bay","24/10/2023",25.87015,34.41968333,3,NA,NA,NA,8.8,"Deeper reef slope",NA
1116,"C5C6","Modern","Egypt","El Quseir","Mangrove Bay","24/10/2023",25.87015,34.41968333,3,NA,NA,NA,8.8,"Deeper reef slope",NA
1116,"C5C6","Modern","Egypt","El Quseir","Mangrove Bay","24/10/2023",25.87015,34.41968333,3,NA,NA,NA,8.8,"Deeper reef slope",NA
1117,"C5C6","Modern","Egypt","El Quseir","Mangrove Bay","24/10/2023",25.87015,34.41968333,17,NA,NA,NA,8.8,"Deeper reef slope",NA
1117,"C5C6","Modern","Egypt","El Quseir","Mangrove Bay","24/10/2023",25.87015,34.41968333,17,NA,NA,NA,8.8,"Deeper reef slope",NA
1117,"C5C6","Modern","Egypt","El Quseir","Mangrove Bay","24/10/2023",25.87015,34.41968333,17,NA,NA,NA,8.8,"Deeper reef slope",NA
1118,"C5C6","Modern","Egypt","El Quseir","Mangrove Bay","24/10/2023",25.87015,34.41968333,20,NA,NA,NA,8.8,"Deeper reef slope",NA
1118,"C5C6","Modern","Egypt","El Quseir","Mangrove Bay","24/10/2023",25.87015,34.41968333,20,NA,NA,NA,8.8,"Deeper reef slope",NA
1119,"C5C6","Modern","Egypt","El Quseir","Mangrove Bay","24/10/2023",25.87015,34.41968333,2,NA,NA,NA,8.8,"Deeper reef slope",NA
1119,"C5C6","Modern","Egypt","El Quseir","Mangrove Bay","24/10/2023",25.87015,34.41968333,2,NA,NA,NA,8.8,"Deeper reef slope",NA
1120,"C5C6","Modern","Egypt","El Quseir","Mangrove Bay","24/10/2023",25.87015,34.41968333,36,NA,NA,NA,8.8,"Deeper reef slope",NA
1121,"C5C6","Modern","Egypt","El Quseir","Mangrove Bay","24/10/2023",25.87015,34.41968333,11,NA,NA,NA,8.8,"Deeper reef slope",NA
1122,"C5C6","Modern","Egypt","El Quseir","Mangrove Bay","24/10/2023",25.87015,34.41968333,20,NA,NA,NA,8.8,"Deeper reef slope",NA
1122,"C5C6","Modern","Egypt","El Quseir","Mangrove Bay","24/10/2023",25.87015,34.41968333,20,NA,NA,NA,8.8,"Deeper reef slope",NA
1123,"C5C6","Modern","Egypt","El Quseir","Mangrove Bay","24/10/2023",25.87015,34.41968333,12,NA,NA,NA,8.8,"Deeper reef slope",NA
1124,"C5C6","Modern","Egypt","El Quseir","Mangrove Bay","24/10/2023",25.87015,34.41968333,13,NA,NA,NA,8.8,"Deeper reef slope",NA
1124,"C5C6","Modern","Egypt","El Quseir","Mangrove Bay","24/10/2023",25.87015,34.41968333,13,NA,NA,NA,8.8,"Deeper reef slope",NA
1125,"C5C6","Modern","Egypt","El Quseir","Mangrove Bay","24/10/2023",25.87015,34.41968333,16,NA,NA,NA,8.8,"Deeper reef slope",NA
1125,"C5C6","Modern","Egypt","El Quseir","Mangrove Bay","24/10/2023",25.87015,34.41968333,16,NA,NA,NA,8.8,"Deeper reef slope",NA
1126,"C5C6","Modern","Egypt","El Quseir","Mangrove Bay","24/10/2023",25.87015,34.41968333,4,NA,NA,NA,8.8,"Deeper reef slope",NA
1126,"C5C6","Modern","Egypt","El Quseir","Mangrove Bay","24/10/2023",25.87015,34.41968333,4,NA,NA,NA,8.8,"Deeper reef slope",NA
1126,"C5C6","Modern","Egypt","El Quseir","Mangrove Bay","24/10/2023",25.87015,34.41968333,4,NA,NA,NA,8.8,"Deeper reef slope",NA
1126,"C5C6","Modern","Egypt","El Quseir","Mangrove Bay","24/10/2023",25.87015,34.41968333,4,NA,NA,NA,8.8,"Deeper reef slope",NA
1127,"C5C6","Modern","Egypt","El Quseir","Mangrove Bay","24/10/2023",25.87015,34.41968333,2,NA,NA,NA,8.8,"Deeper reef slope",NA
1127,"C5C6","Modern","Egypt","El Quseir","Mangrove Bay","24/10/2023",25.87015,34.41968333,2,NA,NA,NA,8.8,"Deeper reef slope",NA
1128,"C5C6","Modern","Egypt","El Quseir","Mangrove Bay","24/10/2023",25.87015,34.41968333,5,NA,NA,NA,8.8,"Deeper reef slope",NA
1128,"C5C6","Modern","Egypt","El Quseir","Mangrove Bay","24/10/2023",25.87015,34.41968333,5,NA,NA,NA,8.8,"Deeper reef slope",NA
1128,"C5C6","Modern","Egypt","El Quseir","Mangrove Bay","24/10/2023",25.87015,34.41968333,5,NA,NA,NA,8.8,"Deeper reef slope",NA
1128,"C5C6","Modern","Egypt","El Quseir","Mangrove Bay","24/10/2023",25.87015,34.41968333,5,NA,NA,NA,8.8,"Deeper reef slope",NA
1129,"C5C6","Modern","Egypt","El Quseir","Mangrove Bay","24/10/2023",25.87015,34.41968333,8,NA,NA,NA,8.8,"Deeper reef slope",NA
1129,"C5C6","Modern","Egypt","El Quseir","Mangrove Bay","24/10/2023",25.87015,34.41968333,8,NA,NA,NA,8.8,"Deeper reef slope",NA
1130,"C5C6","Modern","Egypt","El Quseir","Mangrove Bay","24/10/2023",25.87015,34.41968333,12,NA,NA,NA,8.8,"Deeper reef slope",NA
1131,"C5C6","Modern","Egypt","El Quseir","Mangrove Bay","24/10/2023",25.87015,34.41968333,28,NA,NA,NA,8.8,"Deeper reef slope",NA
1132,"C5C6","Modern","Egypt","El Quseir","Mangrove Bay","24/10/2023",25.87015,34.41968333,15,NA,NA,NA,8.8,"Deeper reef slope",NA
1133,"C5C6","Modern","Egypt","El Quseir","Mangrove Bay","24/10/2023",25.87015,34.41968333,10,NA,NA,NA,8.8,"Deeper reef slope",NA
1133,"C5C6","Modern","Egypt","El Quseir","Mangrove Bay","24/10/2023",25.87015,34.41968333,10,NA,NA,NA,8.8,"Deeper reef slope",NA
1133,"C5C6","Modern","Egypt","El Quseir","Mangrove Bay","24/10/2023",25.87015,34.41968333,10,NA,NA,NA,8.8,"Deeper reef slope",NA
1133,"C5C6","Modern","Egypt","El Quseir","Mangrove Bay","24/10/2023",25.87015,34.41968333,10,NA,NA,NA,8.8,"Deeper reef slope",NA
1134,"C5C6","Modern","Egypt","El Quseir","Mangrove Bay","24/10/2023",25.87015,34.41968333,7,NA,NA,NA,8.8,"Deeper reef slope",NA
1134,"C5C6","Modern","Egypt","El Quseir","Mangrove Bay","24/10/2023",25.87015,34.41968333,7,NA,NA,NA,8.8,"Deeper reef slope",NA
1135,"C5C6","Modern","Egypt","El Quseir","Mangrove Bay","24/10/2023",25.87015,34.41968333,37,NA,NA,NA,8.8,"Deeper reef slope",NA
1136,"C5C6","Modern","Egypt","El Quseir","Mangrove Bay","24/10/2023",25.87015,34.41968333,1,NA,NA,NA,8.8,"Deeper reef slope",NA
1136,"C5C6","Modern","Egypt","El Quseir","Mangrove Bay","24/10/2023",25.87015,34.41968333,1,NA,NA,NA,8.8,"Deeper reef slope",NA
1137,"C5C6","Modern","Egypt","El Quseir","Mangrove Bay","24/10/2023",25.87015,34.41968333,4,NA,NA,NA,8.8,"Deeper reef slope",NA
1137,"C5C6","Modern","Egypt","El Quseir","Mangrove Bay","24/10/2023",25.87015,34.41968333,4,NA,NA,NA,8.8,"Deeper reef slope",NA
1137,"C5C6","Modern","Egypt","El Quseir","Mangrove Bay","24/10/2023",25.87015,34.41968333,4,NA,NA,NA,8.8,"Deeper reef slope",NA
1137,"C5C6","Modern","Egypt","El Quseir","Mangrove Bay","24/10/2023",25.87015,34.41968333,4,NA,NA,NA,8.8,"Deeper reef slope",NA
1138,"C5C6","Modern","Egypt","El Quseir","Mangrove Bay","24/10/2023",25.87015,34.41968333,11,NA,NA,NA,8.8,"Deeper reef slope",NA
1139,"C5C6","Modern","Egypt","El Quseir","Mangrove Bay","24/10/2023",25.87015,34.41968333,20,NA,NA,NA,8.8,"Deeper reef slope",NA
1139,"C5C6","Modern","Egypt","El Quseir","Mangrove Bay","24/10/2023",25.87015,34.41968333,20,NA,NA,NA,8.8,"Deeper reef slope",NA
1140,"C5C6","Modern","Egypt","El Quseir","Mangrove Bay","24/10/2023",25.87015,34.41968333,22,NA,NA,NA,8.8,"Deeper reef slope",NA
1141,"C5C6","Modern","Egypt","El Quseir","Mangrove Bay","24/10/2023",25.87015,34.41968333,17,NA,NA,NA,8.8,"Deeper reef slope",NA
1141,"C5C6","Modern","Egypt","El Quseir","Mangrove Bay","24/10/2023",25.87015,34.41968333,17,NA,NA,NA,8.8,"Deeper reef slope",NA
1141,"C5C6","Modern","Egypt","El Quseir","Mangrove Bay","24/10/2023",25.87015,34.41968333,17,NA,NA,NA,8.8,"Deeper reef slope",NA
1142,"C5C6","Modern","Egypt","El Quseir","Mangrove Bay","24/10/2023",25.87015,34.41968333,2,NA,NA,NA,8.8,"Deeper reef slope",NA
1142,"C5C6","Modern","Egypt","El Quseir","Mangrove Bay","24/10/2023",25.87015,34.41968333,2,NA,NA,NA,8.8,"Deeper reef slope",NA
1143,"C5C6","Modern","Egypt","El Quseir","Mangrove Bay","24/10/2023",25.87015,34.41968333,3,NA,NA,NA,8.8,"Deeper reef slope",NA
1143,"C5C6","Modern","Egypt","El Quseir","Mangrove Bay","24/10/2023",25.87015,34.41968333,3,NA,NA,NA,8.8,"Deeper reef slope",NA
1143,"C5C6","Modern","Egypt","El Quseir","Mangrove Bay","24/10/2023",25.87015,34.41968333,3,NA,NA,NA,8.8,"Deeper reef slope",NA
1144,"C5C6","Modern","Egypt","El Quseir","Mangrove Bay","24/10/2023",25.87015,34.41968333,8,NA,NA,NA,8.8,"Deeper reef slope",NA
1144,"C5C6","Modern","Egypt","El Quseir","Mangrove Bay","24/10/2023",25.87015,34.41968333,8,NA,NA,NA,8.8,"Deeper reef slope",NA
1145,"C5C6","Modern","Egypt","El Quseir","Mangrove Bay","24/10/2023",25.87015,34.41968333,19,NA,NA,NA,8.8,"Deeper reef slope",NA
1145,"C5C6","Modern","Egypt","El Quseir","Mangrove Bay","24/10/2023",25.87015,34.41968333,19,NA,NA,NA,8.8,"Deeper reef slope",NA
1146,"C5C6","Modern","Egypt","El Quseir","Mangrove Bay","24/10/2023",25.87015,34.41968333,8,NA,NA,NA,8.8,"Deeper reef slope",NA
1146,"C5C6","Modern","Egypt","El Quseir","Mangrove Bay","24/10/2023",25.87015,34.41968333,8,NA,NA,NA,8.8,"Deeper reef slope",NA
1147,"C5C6","Modern","Egypt","El Quseir","Mangrove Bay","24/10/2023",25.87015,34.41968333,12,NA,NA,NA,8.8,"Deeper reef slope",NA
1148,"C5C6","Modern","Egypt","El Quseir","Mangrove Bay","24/10/2023",25.87015,34.41968333,30,NA,NA,NA,8.8,"Deeper reef slope",NA
1148,"C5C6","Modern","Egypt","El Quseir","Mangrove Bay","24/10/2023",25.87015,34.41968333,30,NA,NA,NA,8.8,"Deeper reef slope",NA
1149,"C5C6","Modern","Egypt","El Quseir","Mangrove Bay","24/10/2023",25.87015,34.41968333,9,NA,NA,NA,8.8,"Deeper reef slope",NA
1149,"C5C6","Modern","Egypt","El Quseir","Mangrove Bay","24/10/2023",25.87015,34.41968333,9,NA,NA,NA,8.8,"Deeper reef slope",NA
1150,"C5C6","Modern","Egypt","El Quseir","Mangrove Bay","24/10/2023",25.87015,34.41968333,12,NA,NA,NA,8.8,"Deeper reef slope",NA
1151,"C5C6","Modern","Egypt","El Quseir","Mangrove Bay","24/10/2023",25.87015,34.41968333,1,NA,NA,NA,8.8,"Deeper reef slope",NA
1151,"C5C6","Modern","Egypt","El Quseir","Mangrove Bay","24/10/2023",25.87015,34.41968333,1,NA,NA,NA,8.8,"Deeper reef slope",NA
1152,"C5C6","Modern","Egypt","El Quseir","Mangrove Bay","24/10/2023",25.87015,34.41968333,5,NA,NA,NA,8.8,"Deeper reef slope",NA
1152,"C5C6","Modern","Egypt","El Quseir","Mangrove Bay","24/10/2023",25.87015,34.41968333,5,NA,NA,NA,8.8,"Deeper reef slope",NA
1152,"C5C6","Modern","Egypt","El Quseir","Mangrove Bay","24/10/2023",25.87015,34.41968333,5,NA,NA,NA,8.8,"Deeper reef slope",NA
1152,"C5C6","Modern","Egypt","El Quseir","Mangrove Bay","24/10/2023",25.87015,34.41968333,5,NA,NA,NA,8.8,"Deeper reef slope",NA
1153,"C5C6","Modern","Egypt","El Quseir","Mangrove Bay","24/10/2023",25.87015,34.41968333,8,"Acropora","sp.",205469,8.8,"Deeper reef slope","ACB"
1154,"C5C6","Modern","Egypt","El Quseir","Mangrove Bay","24/10/2023",25.87015,34.41968333,5,"Acropora","squarrosa",207053,8.8,"Deeper reef slope","ACB"
1155,"C5C6","Modern","Egypt","El Quseir","Mangrove Bay","24/10/2023",25.87015,34.41968333,2,"Acropora","sp.",205469,8.8,"Deeper reef slope","ACB"
1156,"C5C6","Modern","Egypt","El Quseir","Mangrove Bay","24/10/2023",25.87015,34.41968333,68,"Acropora","squarrosa",207053,8.8,"Deeper reef slope","ACB"
1157,"C5C6","Modern","Egypt","El Quseir","Mangrove Bay","24/10/2023",25.87015,34.41968333,22,"Acropora","squarrosa",207053,8.8,"Deeper reef slope","ACB"
1158,"C5C6","Modern","Egypt","El Quseir","Mangrove Bay","24/10/2023",25.87015,34.41968333,15,"Acropora","squarrosa",207053,8.8,"Deeper reef slope","ACB"
1159,"C5C6","Modern","Egypt","El Quseir","Mangrove Bay","24/10/2023",25.87015,34.41968333,15,"Echinopora","fruticulosa",207422,8.8,"Deeper reef slope","CB"
1160,"C5C6","Modern","Egypt","El Quseir","Mangrove Bay","24/10/2023",25.87015,34.41968333,7,"Echinopora","fruticulosa",207422,8.8,"Deeper reef slope","CB"
1161,"C5C6","Modern","Egypt","El Quseir","Mangrove Bay","24/10/2023",25.87015,34.41968333,6,"Seriatopora","caliendrum",206969,8.8,"Deeper reef slope","CB"
1162,"C5C6","Modern","Egypt","El Quseir","Mangrove Bay","24/10/2023",25.87015,34.41968333,11,"Seriatopora","caliendrum",206969,8.8,"Deeper reef slope","CB"
1163,"C5C6","Modern","Egypt","El Quseir","Mangrove Bay","24/10/2023",25.87015,34.41968333,18,"Pocillopora","damicornis",206953,8.8,"Deeper reef slope","CB"
1164,"C5C6","Modern","Egypt","El Quseir","Mangrove Bay","24/10/2023",25.87015,34.41968333,25,"Echinopora","fruticulosa",207422,8.8,"Deeper reef slope","CB"
1165,"C5C6","Modern","Egypt","El Quseir","Mangrove Bay","24/10/2023",25.87015,34.41968333,14,"Pocillopora","damicornis",206953,8.8,"Deeper reef slope","CB"
1166,"C5C6","Modern","Egypt","El Quseir","Mangrove Bay","24/10/2023",25.87015,34.41968333,16,"Pocillopora","damicornis",206953,8.8,"Deeper reef slope","CB"
1167,"C5C6","Modern","Egypt","El Quseir","Mangrove Bay","24/10/2023",25.87015,34.41968333,15,"Pocillopora","damicornis",206953,8.8,"Deeper reef slope","CB"
1168,"C5C6","Modern","Egypt","El Quseir","Mangrove Bay","24/10/2023",25.87015,34.41968333,7,NA,NA,NA,8.8,"Deeper reef slope",NA
1168,"C5C6","Modern","Egypt","El Quseir","Mangrove Bay","24/10/2023",25.87015,34.41968333,7,NA,NA,NA,8.8,"Deeper reef slope",NA
1169,"C5C6","Modern","Egypt","El Quseir","Mangrove Bay","24/10/2023",25.87015,34.41968333,8,"Montipora","efflorescens",NA,8.8,"Deeper reef slope","CDA"
1169,"C5C6","Modern","Egypt","El Quseir","Mangrove Bay","24/10/2023",25.87015,34.41968333,8,"Montipora","efflorescens",NA,8.8,"Deeper reef slope","CE"
1170,"C5C6","Modern","Egypt","El Quseir","Mangrove Bay","24/10/2023",25.87015,34.41968333,3,NA,NA,NA,8.8,"Deeper reef slope",NA
1170,"C5C6","Modern","Egypt","El Quseir","Mangrove Bay","24/10/2023",25.87015,34.41968333,3,NA,NA,NA,8.8,"Deeper reef slope",NA
1170,"C5C6","Modern","Egypt","El Quseir","Mangrove Bay","24/10/2023",25.87015,34.41968333,3,NA,NA,NA,8.8,"Deeper reef slope",NA
1171,"C5C6","Modern","Egypt","El Quseir","Mangrove Bay","24/10/2023",25.87015,34.41968333,4,NA,NA,NA,8.8,"Deeper reef slope",NA
1171,"C5C6","Modern","Egypt","El Quseir","Mangrove Bay","24/10/2023",25.87015,34.41968333,4,NA,NA,NA,8.8,"Deeper reef slope",NA
1171,"C5C6","Modern","Egypt","El Quseir","Mangrove Bay","24/10/2023",25.87015,34.41968333,4,NA,NA,NA,8.8,"Deeper reef slope",NA
1171,"C5C6","Modern","Egypt","El Quseir","Mangrove Bay","24/10/2023",25.87015,34.41968333,4,NA,NA,NA,8.8,"Deeper reef slope",NA
1172,"C5C6","Modern","Egypt","El Quseir","Mangrove Bay","24/10/2023",25.87015,34.41968333,3,"Porites","sp.",NA,8.8,"Deeper reef slope","CS"
1172,"C5C6","Modern","Egypt","El Quseir","Mangrove Bay","24/10/2023",25.87015,34.41968333,3,"Porites","sp.",NA,8.8,"Deeper reef slope","CDA"
1172,"C5C6","Modern","Egypt","El Quseir","Mangrove Bay","24/10/2023",25.87015,34.41968333,3,"Porites","sp.",NA,8.8,"Deeper reef slope","CM"
1173,"C5C6","Modern","Egypt","El Quseir","Mangrove Bay","24/10/2023",25.87015,34.41968333,7,NA,NA,NA,8.8,"Deeper reef slope",NA
1173,"C5C6","Modern","Egypt","El Quseir","Mangrove Bay","24/10/2023",25.87015,34.41968333,7,NA,NA,NA,8.8,"Deeper reef slope",NA
1174,"C5C6","Modern","Egypt","El Quseir","Mangrove Bay","24/10/2023",25.87015,34.41968333,15,"Dipsastraea","pallida",NA,8.8,"Deeper reef slope","CDA"
1175,"C5C6","Modern","Egypt","El Quseir","Mangrove Bay","24/10/2023",25.87015,34.41968333,6,NA,NA,NA,8.8,"Deeper reef slope",NA
1175,"C5C6","Modern","Egypt","El Quseir","Mangrove Bay","24/10/2023",25.87015,34.41968333,6,NA,NA,NA,8.8,"Deeper reef slope",NA
1175,"C5C6","Modern","Egypt","El Quseir","Mangrove Bay","24/10/2023",25.87015,34.41968333,6,NA,NA,NA,8.8,"Deeper reef slope",NA
1176,"C5C6","Modern","Egypt","El Quseir","Mangrove Bay","24/10/2023",25.87015,34.41968333,4,"Echinopora","forskaliana",288341,8.8,"Deeper reef slope","CE"
1177,"C5C6","Modern","Egypt","El Quseir","Mangrove Bay","24/10/2023",25.87015,34.41968333,7,"Montipora","efflorescens",207163,8.8,"Deeper reef slope","CE"
1178,"C5C6","Modern","Egypt","El Quseir","Mangrove Bay","24/10/2023",25.87015,34.41968333,1,"Montipora","efflorescens",207163,8.8,"Deeper reef slope","CE"
1179,"C5C6","Modern","Egypt","El Quseir","Mangrove Bay","24/10/2023",25.87015,34.41968333,2,"Montipora","efflorescens",207163,8.8,"Deeper reef slope","CE"
1180,"C5C6","Modern","Egypt","El Quseir","Mangrove Bay","24/10/2023",25.87015,34.41968333,12,"Montipora","efflorescens",207163,8.8,"Deeper reef slope","CE"
1181,"C5C6","Modern","Egypt","El Quseir","Mangrove Bay","24/10/2023",25.87015,34.41968333,10,"Montipora","maeandrina",207188,8.8,"Deeper reef slope","CE"
1182,"C5C6","Modern","Egypt","El Quseir","Mangrove Bay","24/10/2023",25.87015,34.41968333,8,"Montipora","maeandrina",207188,8.8,"Deeper reef slope","CDA"
1182,"C5C6","Modern","Egypt","El Quseir","Mangrove Bay","24/10/2023",25.87015,34.41968333,8,"Montipora","maeandrina",207188,8.8,"Deeper reef slope","CE"
1183,"C5C6","Modern","Egypt","El Quseir","Mangrove Bay","24/10/2023",25.87015,34.41968333,5,"Dipsastraea","faviaformis",888171,8.8,"Deeper reef slope","CE"
1184,"C5C6","Modern","Egypt","El Quseir","Mangrove Bay","24/10/2023",25.87015,34.41968333,10,"Galaxea","fascicularis",207366,8.8,"Deeper reef slope","CM"
1185,"C5C6","Modern","Egypt","El Quseir","Mangrove Bay","24/10/2023",25.87015,34.41968333,6,"Echinophyllia","sp.",204799,8.8,"Deeper reef slope","CE"
1186,"C5C6","Modern","Egypt","El Quseir","Mangrove Bay","24/10/2023",25.87015,34.41968333,3,"Echinopora","forskaliana",288341,8.8,"Deeper reef slope","CE"
1187,"C5C6","Modern","Egypt","El Quseir","Mangrove Bay","24/10/2023",25.87015,34.41968333,3,"Echinopora","forskaliana",288341,8.8,"Deeper reef slope","CE"
1188,"C5C6","Modern","Egypt","El Quseir","Mangrove Bay","24/10/2023",25.87015,34.41968333,10,"Dipsastraea","matthaii",758240,8.8,"Deeper reef slope","CE"
1189,"C5C6","Modern","Egypt","El Quseir","Mangrove Bay","24/10/2023",25.87015,34.41968333,18,"Goniastrea","pectinata",207464,8.8,"Deeper reef slope","CM"
1190,"C5C6","Modern","Egypt","El Quseir","Mangrove Bay","24/10/2023",25.87015,34.41968333,4,"Porites","sp.",206485,8.8,"Deeper reef slope","CM"
1191,"C5C6","Modern","Egypt","El Quseir","Mangrove Bay","24/10/2023",25.87015,34.41968333,25,"Goniastrea","pectinata",207464,8.8,"Deeper reef slope","CM"
1192,"C5C6","Modern","Egypt","El Quseir","Mangrove Bay","24/10/2023",25.87015,34.41968333,5,"Porites","sp.",206485,8.8,"Deeper reef slope","CS"
1192,"C5C6","Modern","Egypt","El Quseir","Mangrove Bay","24/10/2023",25.87015,34.41968333,5,"Porites","sp.",206485,8.8,"Deeper reef slope","CM"
1193,"C5C6","Modern","Egypt","El Quseir","Mangrove Bay","24/10/2023",25.87015,34.41968333,2,"Porites","sp.",206485,8.8,"Deeper reef slope","CM"
1193,"C5C6","Modern","Egypt","El Quseir","Mangrove Bay","24/10/2023",25.87015,34.41968333,2,"Porites","sp.",206485,8.8,"Deeper reef slope","CS"
1194,"C5C6","Modern","Egypt","El Quseir","Mangrove Bay","24/10/2023",25.87015,34.41968333,2,"Porites","sp.",206485,8.8,"Deeper reef slope","CM"
1194,"C5C6","Modern","Egypt","El Quseir","Mangrove Bay","24/10/2023",25.87015,34.41968333,2,"Porites","sp.",206485,8.8,"Deeper reef slope","CS"
1195,"C5C6","Modern","Egypt","El Quseir","Mangrove Bay","24/10/2023",25.87015,34.41968333,10,"Goniastrea","pectinata",207464,8.8,"Deeper reef slope","CM"
1195,"C5C6","Modern","Egypt","El Quseir","Mangrove Bay","24/10/2023",25.87015,34.41968333,10,"Goniastrea","pectinata",207464,8.8,"Deeper reef slope","CS"
1196,"C5C6","Modern","Egypt","El Quseir","Mangrove Bay","24/10/2023",25.87015,34.41968333,6,"Goniastrea","edwardsi",207466,8.8,"Deeper reef slope","CS"
1196,"C5C6","Modern","Egypt","El Quseir","Mangrove Bay","24/10/2023",25.87015,34.41968333,6,"Goniastrea","edwardsi",207466,8.8,"Deeper reef slope","CM"
1197,"C5C6","Modern","Egypt","El Quseir","Mangrove Bay","24/10/2023",25.87015,34.41968333,3,"Porites","sp.",206485,8.8,"Deeper reef slope","CS"
1197,"C5C6","Modern","Egypt","El Quseir","Mangrove Bay","24/10/2023",25.87015,34.41968333,3,"Porites","sp.",206485,8.8,"Deeper reef slope","CDA"
1197,"C5C6","Modern","Egypt","El Quseir","Mangrove Bay","24/10/2023",25.87015,34.41968333,3,"Porites","sp.",206485,8.8,"Deeper reef slope","CM"
1198,"C5C6","Modern","Egypt","El Quseir","Mangrove Bay","24/10/2023",25.87015,34.41968333,3,"Porites","sp.",206485,8.8,"Deeper reef slope","CS"
1198,"C5C6","Modern","Egypt","El Quseir","Mangrove Bay","24/10/2023",25.87015,34.41968333,3,"Porites","sp.",206485,8.8,"Deeper reef slope","CDA"
1198,"C5C6","Modern","Egypt","El Quseir","Mangrove Bay","24/10/2023",25.87015,34.41968333,3,"Porites","sp.",206485,8.8,"Deeper reef slope","CM"
1199,"C5C6","Modern","Egypt","El Quseir","Mangrove Bay","24/10/2023",25.87015,34.41968333,6,"Porites","sp.",206485,8.8,"Deeper reef slope","CM"
1200,"C5C6","Modern","Egypt","El Quseir","Mangrove Bay","24/10/2023",25.87015,34.41968333,3,"Millepora","exaesa",210728,8.8,"Deeper reef slope","CME"
1201,"C5C6","Modern","Egypt","El Quseir","Mangrove Bay","24/10/2023",25.87015,34.41968333,2,"Goniastrea","pectinata",207464,8.8,"Deeper reef slope","CS"
1202,"C5C6","Modern","Egypt","El Quseir","Mangrove Bay","24/10/2023",25.87015,34.41968333,16,"Goniastrea","pectinata",207464,8.8,"Deeper reef slope","CS"
1203,"C5C6","Modern","Egypt","El Quseir","Mangrove Bay","24/10/2023",25.87015,34.41968333,6,"Goniastrea","pectinata",207464,8.8,"Deeper reef slope","CS"
1203,"C5C6","Modern","Egypt","El Quseir","Mangrove Bay","24/10/2023",25.87015,34.41968333,6,"Goniastrea","pectinata",207464,8.8,"Deeper reef slope","CM"
1204,"C5C6","Modern","Egypt","El Quseir","Mangrove Bay","24/10/2023",25.87015,34.41968333,5,"Porites","sp.",206485,8.8,"Deeper reef slope","CS"
1204,"C5C6","Modern","Egypt","El Quseir","Mangrove Bay","24/10/2023",25.87015,34.41968333,5,"Porites","sp.",206485,8.8,"Deeper reef slope","CM"
1205,"C5C6","Modern","Egypt","El Quseir","Mangrove Bay","24/10/2023",25.87015,34.41968333,8,"Goniastrea","pectinata",207464,8.8,"Deeper reef slope","CS"
1206,"C5C6","Modern","Egypt","El Quseir","Mangrove Bay","24/10/2023",25.87015,34.41968333,3,"Porites","sp.",206485,8.8,"Deeper reef slope","CS"
1206,"C5C6","Modern","Egypt","El Quseir","Mangrove Bay","24/10/2023",25.87015,34.41968333,3,"Porites","sp.",206485,8.8,"Deeper reef slope","CDA"
1206,"C5C6","Modern","Egypt","El Quseir","Mangrove Bay","24/10/2023",25.87015,34.41968333,3,"Porites","sp.",206485,8.8,"Deeper reef slope","CM"
1207,"C5C6","Modern","Egypt","El Quseir","Mangrove Bay","24/10/2023",25.87015,34.41968333,6,"Goniastrea","pectinata",207464,8.8,"Deeper reef slope","CS"
1207,"C5C6","Modern","Egypt","El Quseir","Mangrove Bay","24/10/2023",25.87015,34.41968333,6,"Goniastrea","pectinata",207464,8.8,"Deeper reef slope","CM"
1208,"C5C6","Modern","Egypt","El Quseir","Mangrove Bay","24/10/2023",25.87015,34.41968333,3,"Porites","sp.",206485,8.8,"Deeper reef slope","CS"
1208,"C5C6","Modern","Egypt","El Quseir","Mangrove Bay","24/10/2023",25.87015,34.41968333,3,"Porites","sp.",206485,8.8,"Deeper reef slope","CDA"
1208,"C5C6","Modern","Egypt","El Quseir","Mangrove Bay","24/10/2023",25.87015,34.41968333,3,"Porites","sp.",206485,8.8,"Deeper reef slope","CM"
1209,"C5C6","Modern","Egypt","El Quseir","Mangrove Bay","24/10/2023",25.87015,34.41968333,2,"Goniastrea","pectinata",207464,8.8,"Deeper reef slope","CS"
1210,"C5C6","Modern","Egypt","El Quseir","Mangrove Bay","24/10/2023",25.87015,34.41968333,5,"Porites","sp.",206485,8.8,"Deeper reef slope","CS"
1210,"C5C6","Modern","Egypt","El Quseir","Mangrove Bay","24/10/2023",25.87015,34.41968333,5,"Porites","sp.",206485,8.8,"Deeper reef slope","CM"
1211,"C5C6","Modern","Egypt","El Quseir","Mangrove Bay","24/10/2023",25.87015,34.41968333,3,"Porites","sp.",206485,8.8,"Deeper reef slope","CS"
1211,"C5C6","Modern","Egypt","El Quseir","Mangrove Bay","24/10/2023",25.87015,34.41968333,3,"Porites","sp.",206485,8.8,"Deeper reef slope","CDA"
1211,"C5C6","Modern","Egypt","El Quseir","Mangrove Bay","24/10/2023",25.87015,34.41968333,3,"Porites","sp.",206485,8.8,"Deeper reef slope","CM"
1212,"C5C6","Modern","Egypt","El Quseir","Mangrove Bay","24/10/2023",25.87015,34.41968333,3,"Porites","sp.",206485,8.8,"Deeper reef slope","CS"
1212,"C5C6","Modern","Egypt","El Quseir","Mangrove Bay","24/10/2023",25.87015,34.41968333,3,"Porites","sp.",206485,8.8,"Deeper reef slope","CDA"
1212,"C5C6","Modern","Egypt","El Quseir","Mangrove Bay","24/10/2023",25.87015,34.41968333,3,"Porites","sp.",206485,8.8,"Deeper reef slope","CM"
1213,"C5C6","Modern","Egypt","El Quseir","Mangrove Bay","24/10/2023",25.87015,34.41968333,5,"Goniastrea","pectinata",207464,8.8,"Deeper reef slope","CS"
1214,"C5C6","Modern","Egypt","El Quseir","Mangrove Bay","24/10/2023",25.87015,34.41968333,6,"Goniastrea","pectinata",207464,8.8,"Deeper reef slope","CS"
1214,"C5C6","Modern","Egypt","El Quseir","Mangrove Bay","24/10/2023",25.87015,34.41968333,6,"Goniastrea","pectinata",207464,8.8,"Deeper reef slope","CM"
1215,"C5C6","Modern","Egypt","El Quseir","Mangrove Bay","24/10/2023",25.87015,34.41968333,6,"Goniastrea","pectinata",207464,8.8,"Deeper reef slope","CS"
1215,"C5C6","Modern","Egypt","El Quseir","Mangrove Bay","24/10/2023",25.87015,34.41968333,6,"Goniastrea","pectinata",207464,8.8,"Deeper reef slope","CM"
1216,"C5C6","Modern","Egypt","El Quseir","Mangrove Bay","24/10/2023",25.87015,34.41968333,2,"Porites","sp.",206485,8.8,"Deeper reef slope","CM"
1216,"C5C6","Modern","Egypt","El Quseir","Mangrove Bay","24/10/2023",25.87015,34.41968333,2,"Porites","sp.",206485,8.8,"Deeper reef slope","CS"
1217,"C5C6","Modern","Egypt","El Quseir","Mangrove Bay","24/10/2023",25.87015,34.41968333,3,"Paramontastraea","peresi",762398,8.8,"Deeper reef slope","CS"
1218,"C5C6","Modern","Egypt","El Quseir","Mangrove Bay","24/10/2023",25.87015,34.41968333,12,"Goniastrea","pectinata",207464,8.8,"Deeper reef slope","CS"
1219,"C5C6","Modern","Egypt","El Quseir","Mangrove Bay","24/10/2023",25.87015,34.41968333,10,"Porites","sp.",206485,8.8,"Deeper reef slope","CS"
1220,"C5C6","Modern","Egypt","El Quseir","Mangrove Bay","24/10/2023",25.87015,34.41968333,3,"Porites","sp.",206485,8.8,"Deeper reef slope","CS"
1220,"C5C6","Modern","Egypt","El Quseir","Mangrove Bay","24/10/2023",25.87015,34.41968333,3,"Porites","sp.",206485,8.8,"Deeper reef slope","CDA"
1220,"C5C6","Modern","Egypt","El Quseir","Mangrove Bay","24/10/2023",25.87015,34.41968333,3,"Porites","sp.",206485,8.8,"Deeper reef slope","CM"
1221,"C5C6","Modern","Egypt","El Quseir","Mangrove Bay","24/10/2023",25.87015,34.41968333,2,"Goniastrea","pectinata",207464,8.8,"Deeper reef slope","CS"
1222,"C5C6","Modern","Egypt","El Quseir","Mangrove Bay","24/10/2023",25.87015,34.41968333,10,"Goniastrea","pectinata",207464,8.8,"Deeper reef slope","CM"
1222,"C5C6","Modern","Egypt","El Quseir","Mangrove Bay","24/10/2023",25.87015,34.41968333,10,"Goniastrea","pectinata",207464,8.8,"Deeper reef slope","CS"
1223,"C5C6","Modern","Egypt","El Quseir","Mangrove Bay","24/10/2023",25.87015,34.41968333,9,"Porites","sp.",206485,8.8,"Deeper reef slope","CS"
1224,"C5C6","Modern","Egypt","El Quseir","Mangrove Bay","24/10/2023",25.87015,34.41968333,8,"Goniastrea","pectinata",207464,8.8,"Deeper reef slope","CS"
1225,"C5C6","Modern","Egypt","El Quseir","Mangrove Bay","24/10/2023",25.87015,34.41968333,7,"Goniastrea","edwardsi",207466,8.8,"Deeper reef slope","CS"
1226,"C5C6","Modern","Egypt","El Quseir","Mangrove Bay","24/10/2023",25.87015,34.41968333,3,"Goniastrea","edwardsi",207466,8.8,"Deeper reef slope","CS"
1227,"C5C6","Modern","Egypt","El Quseir","Mangrove Bay","24/10/2023",25.87015,34.41968333,5,NA,NA,NA,8.8,"Deeper reef slope",NA
1227,"C5C6","Modern","Egypt","El Quseir","Mangrove Bay","24/10/2023",25.87015,34.41968333,5,NA,NA,NA,8.8,"Deeper reef slope",NA
1227,"C5C6","Modern","Egypt","El Quseir","Mangrove Bay","24/10/2023",25.87015,34.41968333,5,NA,NA,NA,8.8,"Deeper reef slope",NA
1227,"C5C6","Modern","Egypt","El Quseir","Mangrove Bay","24/10/2023",25.87015,34.41968333,5,NA,NA,NA,8.8,"Deeper reef slope",NA
1228,"C5C6","Modern","Egypt","El Quseir","Mangrove Bay","24/10/2023",25.87015,34.41968333,13,NA,NA,NA,8.8,"Deeper reef slope",NA
1228,"C5C6","Modern","Egypt","El Quseir","Mangrove Bay","24/10/2023",25.87015,34.41968333,13,NA,NA,NA,8.8,"Deeper reef slope",NA
1229,"C5C6","Modern","Egypt","El Quseir","Mangrove Bay","24/10/2023",25.87015,34.41968333,72,NA,NA,NA,8.8,"Deeper reef slope",NA
1230,"C5C6","Modern","Egypt","El Quseir","Mangrove Bay","24/10/2023",25.87015,34.41968333,20,NA,NA,NA,8.8,"Deeper reef slope",NA
1230,"C5C6","Modern","Egypt","El Quseir","Mangrove Bay","24/10/2023",25.87015,34.41968333,20,NA,NA,NA,8.8,"Deeper reef slope",NA
1231,"C5C6","Modern","Egypt","El Quseir","Mangrove Bay","24/10/2023",25.87015,34.41968333,78,NA,NA,NA,8.8,"Deeper reef slope",NA
1232,"C5C6","Modern","Egypt","El Quseir","Mangrove Bay","24/10/2023",25.87015,34.41968333,20,NA,NA,NA,8.8,"Deeper reef slope",NA
1232,"C5C6","Modern","Egypt","El Quseir","Mangrove Bay","24/10/2023",25.87015,34.41968333,20,NA,NA,NA,8.8,"Deeper reef slope",NA
1233,"C5C6","Modern","Egypt","El Quseir","Mangrove Bay","24/10/2023",25.87015,34.41968333,10,NA,NA,NA,8.8,"Deeper reef slope",NA
1233,"C5C6","Modern","Egypt","El Quseir","Mangrove Bay","24/10/2023",25.87015,34.41968333,10,NA,NA,NA,8.8,"Deeper reef slope",NA
1233,"C5C6","Modern","Egypt","El Quseir","Mangrove Bay","24/10/2023",25.87015,34.41968333,10,NA,NA,NA,8.8,"Deeper reef slope",NA
1233,"C5C6","Modern","Egypt","El Quseir","Mangrove Bay","24/10/2023",25.87015,34.41968333,10,NA,NA,NA,8.8,"Deeper reef slope",NA
1234,"C5C6","Modern","Egypt","El Quseir","Mangrove Bay","24/10/2023",25.87015,34.41968333,17,NA,NA,NA,8.8,"Deeper reef slope",NA
1234,"C5C6","Modern","Egypt","El Quseir","Mangrove Bay","24/10/2023",25.87015,34.41968333,17,NA,NA,NA,8.8,"Deeper reef slope",NA
1234,"C5C6","Modern","Egypt","El Quseir","Mangrove Bay","24/10/2023",25.87015,34.41968333,17,NA,NA,NA,8.8,"Deeper reef slope",NA
1235,"C5C6","Modern","Egypt","El Quseir","Mangrove Bay","24/10/2023",25.87015,34.41968333,4,NA,NA,NA,8.8,"Deeper reef slope",NA
1235,"C5C6","Modern","Egypt","El Quseir","Mangrove Bay","24/10/2023",25.87015,34.41968333,4,NA,NA,NA,8.8,"Deeper reef slope",NA
1235,"C5C6","Modern","Egypt","El Quseir","Mangrove Bay","24/10/2023",25.87015,34.41968333,4,NA,NA,NA,8.8,"Deeper reef slope",NA
1235,"C5C6","Modern","Egypt","El Quseir","Mangrove Bay","24/10/2023",25.87015,34.41968333,4,NA,NA,NA,8.8,"Deeper reef slope",NA
1236,"C5C6","Modern","Egypt","El Quseir","Mangrove Bay","24/10/2023",25.87015,34.41968333,21,NA,NA,NA,8.8,"Deeper reef slope",NA
1237,"C5C6","Modern","Egypt","El Quseir","Mangrove Bay","24/10/2023",25.87015,34.41968333,95,NA,NA,NA,8.8,"Deeper reef slope",NA
1238,"C5C6","Modern","Egypt","El Quseir","Mangrove Bay","24/10/2023",25.87015,34.41968333,27,NA,NA,NA,8.8,"Deeper reef slope",NA
1239,"C5C6","Modern","Egypt","El Quseir","Mangrove Bay","24/10/2023",25.87015,34.41968333,129,NA,NA,NA,8.8,"Deeper reef slope",NA
1240,"C5C6","Modern","Egypt","El Quseir","Mangrove Bay","24/10/2023",25.87015,34.41968333,27,NA,NA,NA,8.8,"Deeper reef slope",NA
1241,"C5C6","Modern","Egypt","El Quseir","Mangrove Bay","24/10/2023",25.87015,34.41968333,3,NA,NA,NA,8.8,"Deeper reef slope",NA
1241,"C5C6","Modern","Egypt","El Quseir","Mangrove Bay","24/10/2023",25.87015,34.41968333,3,NA,NA,NA,8.8,"Deeper reef slope",NA
1241,"C5C6","Modern","Egypt","El Quseir","Mangrove Bay","24/10/2023",25.87015,34.41968333,3,NA,NA,NA,8.8,"Deeper reef slope",NA
1242,"C5C6","Modern","Egypt","El Quseir","Mangrove Bay","24/10/2023",25.87015,34.41968333,5,NA,NA,NA,8.8,"Deeper reef slope",NA
1242,"C5C6","Modern","Egypt","El Quseir","Mangrove Bay","24/10/2023",25.87015,34.41968333,5,NA,NA,NA,8.8,"Deeper reef slope",NA
1242,"C5C6","Modern","Egypt","El Quseir","Mangrove Bay","24/10/2023",25.87015,34.41968333,5,NA,NA,NA,8.8,"Deeper reef slope",NA
1242,"C5C6","Modern","Egypt","El Quseir","Mangrove Bay","24/10/2023",25.87015,34.41968333,5,NA,NA,NA,8.8,"Deeper reef slope",NA
1243,"C5C6","Modern","Egypt","El Quseir","Mangrove Bay","24/10/2023",25.87015,34.41968333,5,NA,NA,NA,8.8,"Deeper reef slope",NA
1243,"C5C6","Modern","Egypt","El Quseir","Mangrove Bay","24/10/2023",25.87015,34.41968333,5,NA,NA,NA,8.8,"Deeper reef slope",NA
1243,"C5C6","Modern","Egypt","El Quseir","Mangrove Bay","24/10/2023",25.87015,34.41968333,5,NA,NA,NA,8.8,"Deeper reef slope",NA
1243,"C5C6","Modern","Egypt","El Quseir","Mangrove Bay","24/10/2023",25.87015,34.41968333,5,NA,NA,NA,8.8,"Deeper reef slope",NA
1244,"C5C6","Modern","Egypt","El Quseir","Mangrove Bay","24/10/2023",25.87015,34.41968333,17,NA,NA,NA,8.8,"Deeper reef slope",NA
1244,"C5C6","Modern","Egypt","El Quseir","Mangrove Bay","24/10/2023",25.87015,34.41968333,17,NA,NA,NA,8.8,"Deeper reef slope",NA
1244,"C5C6","Modern","Egypt","El Quseir","Mangrove Bay","24/10/2023",25.87015,34.41968333,17,NA,NA,NA,8.8,"Deeper reef slope",NA
1245,"C5C6","Modern","Egypt","El Quseir","Mangrove Bay","24/10/2023",25.87015,34.41968333,4,NA,NA,NA,8.8,"Deeper reef slope",NA
1245,"C5C6","Modern","Egypt","El Quseir","Mangrove Bay","24/10/2023",25.87015,34.41968333,4,NA,NA,NA,8.8,"Deeper reef slope",NA
1245,"C5C6","Modern","Egypt","El Quseir","Mangrove Bay","24/10/2023",25.87015,34.41968333,4,NA,NA,NA,8.8,"Deeper reef slope",NA
1245,"C5C6","Modern","Egypt","El Quseir","Mangrove Bay","24/10/2023",25.87015,34.41968333,4,NA,NA,NA,8.8,"Deeper reef slope",NA
1246,"C5C6","Modern","Egypt","El Quseir","Mangrove Bay","24/10/2023",25.87015,34.41968333,16,NA,NA,NA,8.8,"Deeper reef slope",NA
1246,"C5C6","Modern","Egypt","El Quseir","Mangrove Bay","24/10/2023",25.87015,34.41968333,16,NA,NA,NA,8.8,"Deeper reef slope",NA
1247,"C5C6","Modern","Egypt","El Quseir","Mangrove Bay","24/10/2023",25.87015,34.41968333,3,NA,NA,NA,8.8,"Deeper reef slope",NA
1247,"C5C6","Modern","Egypt","El Quseir","Mangrove Bay","24/10/2023",25.87015,34.41968333,3,NA,NA,NA,8.8,"Deeper reef slope",NA
1247,"C5C6","Modern","Egypt","El Quseir","Mangrove Bay","24/10/2023",25.87015,34.41968333,3,NA,NA,NA,8.8,"Deeper reef slope",NA
1248,"C5C6","Modern","Egypt","El Quseir","Mangrove Bay","24/10/2023",25.87015,34.41968333,1,NA,NA,NA,8.8,"Deeper reef slope",NA
1248,"C5C6","Modern","Egypt","El Quseir","Mangrove Bay","24/10/2023",25.87015,34.41968333,1,NA,NA,NA,8.8,"Deeper reef slope",NA
1249,"C5C6","Modern","Egypt","El Quseir","Mangrove Bay","24/10/2023",25.87015,34.41968333,9,NA,NA,NA,8.8,"Deeper reef slope",NA
1249,"C5C6","Modern","Egypt","El Quseir","Mangrove Bay","24/10/2023",25.87015,34.41968333,9,NA,NA,NA,8.8,"Deeper reef slope",NA
1250,"C5C6","Modern","Egypt","El Quseir","Mangrove Bay","24/10/2023",25.87015,34.41968333,1,NA,NA,NA,8.8,"Deeper reef slope",NA
1250,"C5C6","Modern","Egypt","El Quseir","Mangrove Bay","24/10/2023",25.87015,34.41968333,1,NA,NA,NA,8.8,"Deeper reef slope",NA
1251,"C5C6","Modern","Egypt","El Quseir","Mangrove Bay","24/10/2023",25.87015,34.41968333,10,NA,NA,NA,8.8,"Deeper reef slope",NA
1251,"C5C6","Modern","Egypt","El Quseir","Mangrove Bay","24/10/2023",25.87015,34.41968333,10,NA,NA,NA,8.8,"Deeper reef slope",NA
1251,"C5C6","Modern","Egypt","El Quseir","Mangrove Bay","24/10/2023",25.87015,34.41968333,10,NA,NA,NA,8.8,"Deeper reef slope",NA
1251,"C5C6","Modern","Egypt","El Quseir","Mangrove Bay","24/10/2023",25.87015,34.41968333,10,NA,NA,NA,8.8,"Deeper reef slope",NA
1252,"C5C6","Modern","Egypt","El Quseir","Mangrove Bay","24/10/2023",25.87015,34.41968333,5,NA,NA,NA,8.8,"Deeper reef slope",NA
1252,"C5C6","Modern","Egypt","El Quseir","Mangrove Bay","24/10/2023",25.87015,34.41968333,5,NA,NA,NA,8.8,"Deeper reef slope",NA
1252,"C5C6","Modern","Egypt","El Quseir","Mangrove Bay","24/10/2023",25.87015,34.41968333,5,NA,NA,NA,8.8,"Deeper reef slope",NA
1252,"C5C6","Modern","Egypt","El Quseir","Mangrove Bay","24/10/2023",25.87015,34.41968333,5,NA,NA,NA,8.8,"Deeper reef slope",NA
1253,"C5C6","Modern","Egypt","El Quseir","Mangrove Bay","24/10/2023",25.87015,34.41968333,4,NA,NA,NA,8.8,"Deeper reef slope",NA
1253,"C5C6","Modern","Egypt","El Quseir","Mangrove Bay","24/10/2023",25.87015,34.41968333,4,NA,NA,NA,8.8,"Deeper reef slope",NA
1253,"C5C6","Modern","Egypt","El Quseir","Mangrove Bay","24/10/2023",25.87015,34.41968333,4,NA,NA,NA,8.8,"Deeper reef slope",NA
1253,"C5C6","Modern","Egypt","El Quseir","Mangrove Bay","24/10/2023",25.87015,34.41968333,4,NA,NA,NA,8.8,"Deeper reef slope",NA
1254,"C5C6","Modern","Egypt","El Quseir","Mangrove Bay","24/10/2023",25.87015,34.41968333,2,NA,NA,NA,8.8,"Deeper reef slope",NA
1254,"C5C6","Modern","Egypt","El Quseir","Mangrove Bay","24/10/2023",25.87015,34.41968333,2,NA,NA,NA,8.8,"Deeper reef slope",NA
1255,"C5C6","Modern","Egypt","El Quseir","Mangrove Bay","24/10/2023",25.87015,34.41968333,2,NA,NA,NA,8.8,"Deeper reef slope",NA
1255,"C5C6","Modern","Egypt","El Quseir","Mangrove Bay","24/10/2023",25.87015,34.41968333,2,NA,NA,NA,8.8,"Deeper reef slope",NA
1256,"C5C6","Modern","Egypt","El Quseir","Mangrove Bay","24/10/2023",25.87015,34.41968333,18,NA,NA,NA,8.8,"Deeper reef slope",NA
1257,"C5C6","Modern","Egypt","El Quseir","Mangrove Bay","24/10/2023",25.87015,34.41968333,8,NA,NA,NA,8.8,"Deeper reef slope",NA
1257,"C5C6","Modern","Egypt","El Quseir","Mangrove Bay","24/10/2023",25.87015,34.41968333,8,NA,NA,NA,8.8,"Deeper reef slope",NA
1258,"C5C6","Modern","Egypt","El Quseir","Mangrove Bay","24/10/2023",25.87015,34.41968333,1,NA,NA,NA,8.8,"Deeper reef slope",NA
1258,"C5C6","Modern","Egypt","El Quseir","Mangrove Bay","24/10/2023",25.87015,34.41968333,1,NA,NA,NA,8.8,"Deeper reef slope",NA
1259,"C5C6","Modern","Egypt","El Quseir","Mangrove Bay","24/10/2023",25.87015,34.41968333,1,NA,NA,NA,8.8,"Deeper reef slope",NA
1259,"C5C6","Modern","Egypt","El Quseir","Mangrove Bay","24/10/2023",25.87015,34.41968333,1,NA,NA,NA,8.8,"Deeper reef slope",NA
1260,"C5C6","Modern","Egypt","El Quseir","Mangrove Bay","24/10/2023",25.87015,34.41968333,19,NA,NA,NA,8.8,"Deeper reef slope",NA
1260,"C5C6","Modern","Egypt","El Quseir","Mangrove Bay","24/10/2023",25.87015,34.41968333,19,NA,NA,NA,8.8,"Deeper reef slope",NA
1261,"C5C6","Modern","Egypt","El Quseir","Mangrove Bay","24/10/2023",25.87015,34.41968333,63,NA,NA,NA,8.8,"Deeper reef slope",NA
1262,"C5C6","Modern","Egypt","El Quseir","Mangrove Bay","24/10/2023",25.87015,34.41968333,6,NA,NA,NA,8.8,"Deeper reef slope",NA
1262,"C5C6","Modern","Egypt","El Quseir","Mangrove Bay","24/10/2023",25.87015,34.41968333,6,NA,NA,NA,8.8,"Deeper reef slope",NA
1262,"C5C6","Modern","Egypt","El Quseir","Mangrove Bay","24/10/2023",25.87015,34.41968333,6,NA,NA,NA,8.8,"Deeper reef slope",NA
1263,"C5C6","Modern","Egypt","El Quseir","Mangrove Bay","24/10/2023",25.87015,34.41968333,1,NA,NA,NA,8.8,"Deeper reef slope",NA
1263,"C5C6","Modern","Egypt","El Quseir","Mangrove Bay","24/10/2023",25.87015,34.41968333,1,NA,NA,NA,8.8,"Deeper reef slope",NA
1264,"C5C6","Modern","Egypt","El Quseir","Mangrove Bay","24/10/2023",25.87015,34.41968333,2,NA,NA,NA,8.8,"Deeper reef slope",NA
1264,"C5C6","Modern","Egypt","El Quseir","Mangrove Bay","24/10/2023",25.87015,34.41968333,2,NA,NA,NA,8.8,"Deeper reef slope",NA
1265,"C5C6","Modern","Egypt","El Quseir","Mangrove Bay","24/10/2023",25.87015,34.41968333,73,NA,NA,NA,8.8,"Deeper reef slope",NA
1266,"C5C6","Modern","Egypt","El Quseir","Mangrove Bay","24/10/2023",25.87015,34.41968333,8,NA,NA,NA,8.8,"Deeper reef slope",NA
1266,"C5C6","Modern","Egypt","El Quseir","Mangrove Bay","24/10/2023",25.87015,34.41968333,8,NA,NA,NA,8.8,"Deeper reef slope",NA
1267,"C5C6","Modern","Egypt","El Quseir","Mangrove Bay","24/10/2023",25.87015,34.41968333,1,NA,NA,NA,8.8,"Deeper reef slope",NA
1267,"C5C6","Modern","Egypt","El Quseir","Mangrove Bay","24/10/2023",25.87015,34.41968333,1,NA,NA,NA,8.8,"Deeper reef slope",NA
1268,"C5C6","Modern","Egypt","El Quseir","Mangrove Bay","24/10/2023",25.87015,34.41968333,31,NA,NA,NA,8.8,"Deeper reef slope",NA
1269,"C5C6","Modern","Egypt","El Quseir","Mangrove Bay","24/10/2023",25.87015,34.41968333,2,NA,NA,NA,8.8,"Deeper reef slope",NA
1269,"C5C6","Modern","Egypt","El Quseir","Mangrove Bay","24/10/2023",25.87015,34.41968333,2,NA,NA,NA,8.8,"Deeper reef slope",NA
1270,"C5C6","Modern","Egypt","El Quseir","Mangrove Bay","24/10/2023",25.87015,34.41968333,1,NA,NA,NA,8.8,"Deeper reef slope",NA
1270,"C5C6","Modern","Egypt","El Quseir","Mangrove Bay","24/10/2023",25.87015,34.41968333,1,NA,NA,NA,8.8,"Deeper reef slope",NA
1271,"C5C6","Modern","Egypt","El Quseir","Mangrove Bay","24/10/2023",25.87015,34.41968333,18,NA,NA,NA,8.8,"Deeper reef slope",NA
1272,"C5C6","Modern","Egypt","El Quseir","Mangrove Bay","24/10/2023",25.87015,34.41968333,10,NA,NA,NA,8.8,"Deeper reef slope",NA
1272,"C5C6","Modern","Egypt","El Quseir","Mangrove Bay","24/10/2023",25.87015,34.41968333,10,NA,NA,NA,8.8,"Deeper reef slope",NA
1272,"C5C6","Modern","Egypt","El Quseir","Mangrove Bay","24/10/2023",25.87015,34.41968333,10,NA,NA,NA,8.8,"Deeper reef slope",NA
1272,"C5C6","Modern","Egypt","El Quseir","Mangrove Bay","24/10/2023",25.87015,34.41968333,10,NA,NA,NA,8.8,"Deeper reef slope",NA
1273,"C5C6","Modern","Egypt","El Quseir","Mangrove Bay","24/10/2023",25.87015,34.41968333,6,NA,NA,NA,8.8,"Deeper reef slope",NA
1273,"C5C6","Modern","Egypt","El Quseir","Mangrove Bay","24/10/2023",25.87015,34.41968333,6,NA,NA,NA,8.8,"Deeper reef slope",NA
1273,"C5C6","Modern","Egypt","El Quseir","Mangrove Bay","24/10/2023",25.87015,34.41968333,6,NA,NA,NA,8.8,"Deeper reef slope",NA
1274,"C5C6","Modern","Egypt","El Quseir","Mangrove Bay","24/10/2023",25.87015,34.41968333,10,NA,NA,NA,8.8,"Deeper reef slope",NA
1274,"C5C6","Modern","Egypt","El Quseir","Mangrove Bay","24/10/2023",25.87015,34.41968333,10,NA,NA,NA,8.8,"Deeper reef slope",NA
1274,"C5C6","Modern","Egypt","El Quseir","Mangrove Bay","24/10/2023",25.87015,34.41968333,10,NA,NA,NA,8.8,"Deeper reef slope",NA
1274,"C5C6","Modern","Egypt","El Quseir","Mangrove Bay","24/10/2023",25.87015,34.41968333,10,NA,NA,NA,8.8,"Deeper reef slope",NA
1275,"C5C6","Modern","Egypt","El Quseir","Mangrove Bay","24/10/2023",25.87015,34.41968333,30,NA,NA,NA,8.8,"Deeper reef slope",NA
1275,"C5C6","Modern","Egypt","El Quseir","Mangrove Bay","24/10/2023",25.87015,34.41968333,30,NA,NA,NA,8.8,"Deeper reef slope",NA
1276,"C5C6","Modern","Egypt","El Quseir","Mangrove Bay","24/10/2023",25.87015,34.41968333,5,NA,NA,NA,8.8,"Deeper reef slope",NA
1276,"C5C6","Modern","Egypt","El Quseir","Mangrove Bay","24/10/2023",25.87015,34.41968333,5,NA,NA,NA,8.8,"Deeper reef slope",NA
1276,"C5C6","Modern","Egypt","El Quseir","Mangrove Bay","24/10/2023",25.87015,34.41968333,5,NA,NA,NA,8.8,"Deeper reef slope",NA
1276,"C5C6","Modern","Egypt","El Quseir","Mangrove Bay","24/10/2023",25.87015,34.41968333,5,NA,NA,NA,8.8,"Deeper reef slope",NA
1277,"D1D2","Modern","Egypt","El Quseir","Mangrove Bay","19/10/2023",25.8697167,34.419,5,"Acropora","digitifera",207045,1,"Reef edge","ACB"
1278,"D1D2","Modern","Egypt","El Quseir","Mangrove Bay","19/10/2023",25.8697167,34.419,14,"Acropora","sp.",205469,1,"Reef edge","ACB"
1279,"D1D2","Modern","Egypt","El Quseir","Mangrove Bay","19/10/2023",25.8697167,34.419,3,NA,NA,NA,1,"Reef edge",NA
1280,"D1D2","Modern","Egypt","El Quseir","Mangrove Bay","19/10/2023",25.8697167,34.419,22,NA,NA,NA,1,"Reef edge",NA
1281,"D1D2","Modern","Egypt","El Quseir","Mangrove Bay","19/10/2023",25.8697167,34.419,10,NA,NA,NA,1,"Reef edge",NA
1282,"D1D2","Modern","Egypt","El Quseir","Mangrove Bay","19/10/2023",25.8697167,34.419,8,NA,NA,NA,1,"Reef edge",NA
1283,"D1D2","Modern","Egypt","El Quseir","Mangrove Bay","19/10/2023",25.8697167,34.419,9,NA,NA,NA,1,"Reef edge",NA
1283,"D1D2","Modern","Egypt","El Quseir","Mangrove Bay","19/10/2023",25.8697167,34.419,9,NA,NA,NA,1,"Reef edge",NA
1284,"D1D2","Modern","Egypt","El Quseir","Mangrove Bay","19/10/2023",25.8697167,34.419,9,NA,NA,NA,1,"Reef edge",NA
1284,"D1D2","Modern","Egypt","El Quseir","Mangrove Bay","19/10/2023",25.8697167,34.419,9,NA,NA,NA,1,"Reef edge",NA
1285,"D1D2","Modern","Egypt","El Quseir","Mangrove Bay","19/10/2023",25.8697167,34.419,7,NA,NA,NA,1,"Reef edge",NA
1285,"D1D2","Modern","Egypt","El Quseir","Mangrove Bay","19/10/2023",25.8697167,34.419,7,NA,NA,NA,1,"Reef edge",NA
1286,"D1D2","Modern","Egypt","El Quseir","Mangrove Bay","19/10/2023",25.8697167,34.419,3,NA,NA,NA,1,"Reef edge",NA
1287,"D1D2","Modern","Egypt","El Quseir","Mangrove Bay","19/10/2023",25.8697167,34.419,33,NA,NA,NA,1,"Reef edge",NA
1288,"D1D2","Modern","Egypt","El Quseir","Mangrove Bay","19/10/2023",25.8697167,34.419,2,NA,NA,NA,1,"Reef edge",NA
1289,"D1D2","Modern","Egypt","El Quseir","Mangrove Bay","19/10/2023",25.8697167,34.419,13,NA,NA,NA,1,"Reef edge",NA
1290,"D1D2","Modern","Egypt","El Quseir","Mangrove Bay","19/10/2023",25.8697167,34.419,5,NA,NA,NA,1,"Reef edge",NA
1290,"D1D2","Modern","Egypt","El Quseir","Mangrove Bay","19/10/2023",25.8697167,34.419,5,NA,NA,NA,1,"Reef edge",NA
1291,"D1D2","Modern","Egypt","El Quseir","Mangrove Bay","19/10/2023",25.8697167,34.419,3,NA,NA,NA,1,"Reef edge",NA
1292,"D1D2","Modern","Egypt","El Quseir","Mangrove Bay","19/10/2023",25.8697167,34.419,7,NA,NA,NA,1,"Reef edge",NA
1292,"D1D2","Modern","Egypt","El Quseir","Mangrove Bay","19/10/2023",25.8697167,34.419,7,NA,NA,NA,1,"Reef edge",NA
1293,"D1D2","Modern","Egypt","El Quseir","Mangrove Bay","19/10/2023",25.8697167,34.419,3,NA,NA,NA,1,"Reef edge",NA
1294,"D1D2","Modern","Egypt","El Quseir","Mangrove Bay","19/10/2023",25.8697167,34.419,15,NA,NA,NA,1,"Reef edge",NA
1294,"D1D2","Modern","Egypt","El Quseir","Mangrove Bay","19/10/2023",25.8697167,34.419,15,NA,NA,NA,1,"Reef edge",NA
1295,"D1D2","Modern","Egypt","El Quseir","Mangrove Bay","19/10/2023",25.8697167,34.419,15,NA,NA,NA,1,"Reef edge",NA
1295,"D1D2","Modern","Egypt","El Quseir","Mangrove Bay","19/10/2023",25.8697167,34.419,15,NA,NA,NA,1,"Reef edge",NA
1296,"D1D2","Modern","Egypt","El Quseir","Mangrove Bay","19/10/2023",25.8697167,34.419,6,NA,NA,NA,1,"Reef edge",NA
1297,"D1D2","Modern","Egypt","El Quseir","Mangrove Bay","19/10/2023",25.8697167,34.419,16,NA,NA,NA,1,"Reef edge",NA
1298,"D1D2","Modern","Egypt","El Quseir","Mangrove Bay","19/10/2023",25.8697167,34.419,6,NA,NA,NA,1,"Reef edge",NA
1299,"D1D2","Modern","Egypt","El Quseir","Mangrove Bay","19/10/2023",25.8697167,34.419,10,NA,NA,NA,1,"Reef edge",NA
1300,"D1D2","Modern","Egypt","El Quseir","Mangrove Bay","19/10/2023",25.8697167,34.419,1,NA,NA,NA,1,"Reef edge",NA
1301,"D1D2","Modern","Egypt","El Quseir","Mangrove Bay","19/10/2023",25.8697167,34.419,12,NA,NA,NA,1,"Reef edge",NA
1302,"D1D2","Modern","Egypt","El Quseir","Mangrove Bay","19/10/2023",25.8697167,34.419,57,NA,NA,NA,1,"Reef edge",NA
1303,"D1D2","Modern","Egypt","El Quseir","Mangrove Bay","19/10/2023",25.8697167,34.419,2,NA,NA,NA,1,"Reef edge",NA
1304,"D1D2","Modern","Egypt","El Quseir","Mangrove Bay","19/10/2023",25.8697167,34.419,18,NA,NA,NA,1,"Reef edge",NA
1305,"D1D2","Modern","Egypt","El Quseir","Mangrove Bay","19/10/2023",25.8697167,34.419,25,NA,NA,NA,1,"Reef edge",NA
1306,"D1D2","Modern","Egypt","El Quseir","Mangrove Bay","19/10/2023",25.8697167,34.419,23,NA,NA,NA,1,"Reef edge",NA
1307,"D1D2","Modern","Egypt","El Quseir","Mangrove Bay","19/10/2023",25.8697167,34.419,14,NA,NA,NA,1,"Reef edge",NA
1307,"D1D2","Modern","Egypt","El Quseir","Mangrove Bay","19/10/2023",25.8697167,34.419,14,NA,NA,NA,1,"Reef edge",NA
1308,"D1D2","Modern","Egypt","El Quseir","Mangrove Bay","19/10/2023",25.8697167,34.419,35,NA,NA,NA,1,"Reef edge",NA
1309,"D1D2","Modern","Egypt","El Quseir","Mangrove Bay","19/10/2023",25.8697167,34.419,71,NA,NA,NA,1,"Reef edge",NA
1310,"D1D2","Modern","Egypt","El Quseir","Mangrove Bay","19/10/2023",25.8697167,34.419,10,NA,NA,NA,1,"Reef edge",NA
1311,"D1D2","Modern","Egypt","El Quseir","Mangrove Bay","19/10/2023",25.8697167,34.419,12,"Pocillopora","verrucosa",206954,1,"Reef edge","CB"
1312,"D1D2","Modern","Egypt","El Quseir","Mangrove Bay","19/10/2023",25.8697167,34.419,5,"Pocillopora","verrucosa",206954,1,"Reef edge","CB"
1313,"D1D2","Modern","Egypt","El Quseir","Mangrove Bay","19/10/2023",25.8697167,34.419,20,"Pocillopora","verrucosa",206954,1,"Reef edge","CB"
1314,"D1D2","Modern","Egypt","El Quseir","Mangrove Bay","19/10/2023",25.8697167,34.419,3,"Pocillopora","verrucosa",206954,1,"Reef edge","CB"
1315,"D1D2","Modern","Egypt","El Quseir","Mangrove Bay","19/10/2023",25.8697167,34.419,18,"Pocillopora","verrucosa",206954,1,"Reef edge","CB"
1316,"D1D2","Modern","Egypt","El Quseir","Mangrove Bay","19/10/2023",25.8697167,34.419,10,"Pocillopora","verrucosa",206954,1,"Reef edge","CB"
1317,"D1D2","Modern","Egypt","El Quseir","Mangrove Bay","19/10/2023",25.8697167,34.419,9,"Pocillopora","damicornis",206953,1,"Reef edge","CB"
1318,"D1D2","Modern","Egypt","El Quseir","Mangrove Bay","19/10/2023",25.8697167,34.419,16,"Pocillopora","verrucosa",206954,1,"Reef edge","CB"
1319,"D1D2","Modern","Egypt","El Quseir","Mangrove Bay","19/10/2023",25.8697167,34.419,8,"Pocillopora","verrucosa",206954,1,"Reef edge","CB"
1320,"D1D2","Modern","Egypt","El Quseir","Mangrove Bay","19/10/2023",25.8697167,34.419,8,"Pocillopora","verrucosa",206954,1,"Reef edge","CB"
1321,"D1D2","Modern","Egypt","El Quseir","Mangrove Bay","19/10/2023",25.8697167,34.419,16,"Pocillopora","verrucosa",206954,1,"Reef edge","CB"
1322,"D1D2","Modern","Egypt","El Quseir","Mangrove Bay","19/10/2023",25.8697167,34.419,5,"Porites","sp.",NA,1,"Reef edge","CD"
1322,"D1D2","Modern","Egypt","El Quseir","Mangrove Bay","19/10/2023",25.8697167,34.419,5,"Porites","sp.",NA,1,"Reef edge","CS"
1323,"D1D2","Modern","Egypt","El Quseir","Mangrove Bay","19/10/2023",25.8697167,34.419,23,"Porites","sp.",NA,1,"Reef edge","CS"
1323,"D1D2","Modern","Egypt","El Quseir","Mangrove Bay","19/10/2023",25.8697167,34.419,23,"Porites","sp.",NA,1,"Reef edge","CD"
1324,"D1D2","Modern","Egypt","El Quseir","Mangrove Bay","19/10/2023",25.8697167,34.419,7,"Porites","sp.",NA,1,"Reef edge","CD"
1325,"D1D2","Modern","Egypt","El Quseir","Mangrove Bay","19/10/2023",25.8697167,34.419,23,"Porites","sp.",NA,1,"Reef edge","CS"
1325,"D1D2","Modern","Egypt","El Quseir","Mangrove Bay","19/10/2023",25.8697167,34.419,23,"Porites","sp.",NA,1,"Reef edge","CD"
1326,"D1D2","Modern","Egypt","El Quseir","Mangrove Bay","19/10/2023",25.8697167,34.419,7,"Porites","sp.",NA,1,"Reef edge","CD"
1327,"D1D2","Modern","Egypt","El Quseir","Mangrove Bay","19/10/2023",25.8697167,34.419,25,"Porites","sp.",NA,1,"Reef edge","CD"
1328,"D1D2","Modern","Egypt","El Quseir","Mangrove Bay","19/10/2023",25.8697167,34.419,20,"Porites","sp.",NA,1,"Reef edge","CDA"
1328,"D1D2","Modern","Egypt","El Quseir","Mangrove Bay","19/10/2023",25.8697167,34.419,20,"Porites","sp.",NA,1,"Reef edge","CS"
1329,"D1D2","Modern","Egypt","El Quseir","Mangrove Bay","19/10/2023",25.8697167,34.419,26,"Montipora","tuberculosa",207156,1,"Reef edge","CE"
1330,"D1D2","Modern","Egypt","El Quseir","Mangrove Bay","19/10/2023",25.8697167,34.419,5,"Montipora","tuberculosa",207156,1,"Reef edge","CE"
1331,"D1D2","Modern","Egypt","El Quseir","Mangrove Bay","19/10/2023",25.8697167,34.419,8,"Millepora","dichotoma",210733,1,"Reef edge","CME"
1332,"D1D2","Modern","Egypt","El Quseir","Mangrove Bay","19/10/2023",25.8697167,34.419,31,"Millepora","dichotoma",210733,1,"Reef edge","CME"
1333,"D1D2","Modern","Egypt","El Quseir","Mangrove Bay","19/10/2023",25.8697167,34.419,31,"Millepora","dichotoma",210733,1,"Reef edge","CME"
1334,"D1D2","Modern","Egypt","El Quseir","Mangrove Bay","19/10/2023",25.8697167,34.419,10,"Millepora","dichotoma",210733,1,"Reef edge","CME"
1335,"D1D2","Modern","Egypt","El Quseir","Mangrove Bay","19/10/2023",25.8697167,34.419,8,"Millepora","dichotoma",210733,1,"Reef edge","CME"
1336,"D1D2","Modern","Egypt","El Quseir","Mangrove Bay","19/10/2023",25.8697167,34.419,8,"Millepora","dichotoma",210733,1,"Reef edge","CME"
1337,"D1D2","Modern","Egypt","El Quseir","Mangrove Bay","19/10/2023",25.8697167,34.419,33,"Millepora","dichotoma",210733,1,"Reef edge","CME"
1338,"D1D2","Modern","Egypt","El Quseir","Mangrove Bay","19/10/2023",25.8697167,34.419,30,"Millepora","dichotoma",210733,1,"Reef edge","CME"
1339,"D1D2","Modern","Egypt","El Quseir","Mangrove Bay","19/10/2023",25.8697167,34.419,13,"Millepora","dichotoma",210733,1,"Reef edge","CME"
1340,"D1D2","Modern","Egypt","El Quseir","Mangrove Bay","19/10/2023",25.8697167,34.419,45,"Millepora","dichotoma",210733,1,"Reef edge","CME"
1341,"D1D2","Modern","Egypt","El Quseir","Mangrove Bay","19/10/2023",25.8697167,34.419,103,"Millepora","platyphylla",210730,1,"Reef edge","CME"
1342,"D1D2","Modern","Egypt","El Quseir","Mangrove Bay","19/10/2023",25.8697167,34.419,51,"Millepora","platyphylla",210730,1,"Reef edge","CME"
1343,"D1D2","Modern","Egypt","El Quseir","Mangrove Bay","19/10/2023",25.8697167,34.419,2,"Millepora","platyphylla",210730,1,"Reef edge","CME"
1344,"D1D2","Modern","Egypt","El Quseir","Mangrove Bay","19/10/2023",25.8697167,34.419,45,"Porites","sp.",206485,1,"Reef edge","CS"
1345,"D1D2","Modern","Egypt","El Quseir","Mangrove Bay","19/10/2023",25.8697167,34.419,27,"Porites","sp.",206485,1,"Reef edge","CS"
1346,"D1D2","Modern","Egypt","El Quseir","Mangrove Bay","19/10/2023",25.8697167,34.419,10,"Porites","sp.",206485,1,"Reef edge","CS"
1347,"D1D2","Modern","Egypt","El Quseir","Mangrove Bay","19/10/2023",25.8697167,34.419,24,"Porites","sp.",206485,1,"Reef edge","CS"
1348,"D1D2","Modern","Egypt","El Quseir","Mangrove Bay","19/10/2023",25.8697167,34.419,24,"Porites","sp.",206485,1,"Reef edge","CS"
1349,"D1D2","Modern","Egypt","El Quseir","Mangrove Bay","19/10/2023",25.8697167,34.419,23,"Porites","sp.",206485,1,"Reef edge","CS"
1349,"D1D2","Modern","Egypt","El Quseir","Mangrove Bay","19/10/2023",25.8697167,34.419,23,"Porites","sp.",206485,1,"Reef edge","CD"
1350,"D1D2","Modern","Egypt","El Quseir","Mangrove Bay","19/10/2023",25.8697167,34.419,18,"Porites","sp.",206485,1,"Reef edge","CS"
1351,"D1D2","Modern","Egypt","El Quseir","Mangrove Bay","19/10/2023",25.8697167,34.419,76,"Porites","sp.",206485,1,"Reef edge","CS"
1352,"D1D2","Modern","Egypt","El Quseir","Mangrove Bay","19/10/2023",25.8697167,34.419,19,"Porites","sp.",206485,1,"Reef edge","CS"
1353,"D1D2","Modern","Egypt","El Quseir","Mangrove Bay","19/10/2023",25.8697167,34.419,31,"Porites","sp.",206485,1,"Reef edge","CS"
1354,"D1D2","Modern","Egypt","El Quseir","Mangrove Bay","19/10/2023",25.8697167,34.419,33,"Porites","sp.",206485,1,"Reef edge","CS"
1355,"D1D2","Modern","Egypt","El Quseir","Mangrove Bay","19/10/2023",25.8697167,34.419,23,"Porites","sp.",206485,1,"Reef edge","CS"
1355,"D1D2","Modern","Egypt","El Quseir","Mangrove Bay","19/10/2023",25.8697167,34.419,23,"Porites","sp.",206485,1,"Reef edge","CD"
1356,"D1D2","Modern","Egypt","El Quseir","Mangrove Bay","19/10/2023",25.8697167,34.419,13,"Porites","sp.",206485,1,"Reef edge","CS"
1357,"D1D2","Modern","Egypt","El Quseir","Mangrove Bay","19/10/2023",25.8697167,34.419,10,"Porites","sp.",206485,1,"Reef edge","CS"
1358,"D1D2","Modern","Egypt","El Quseir","Mangrove Bay","19/10/2023",25.8697167,34.419,26,"Porites","sp.",206485,1,"Reef edge","CS"
1359,"D1D2","Modern","Egypt","El Quseir","Mangrove Bay","19/10/2023",25.8697167,34.419,10,"Porites","sp.",206485,1,"Reef edge","CS"
1360,"D1D2","Modern","Egypt","El Quseir","Mangrove Bay","19/10/2023",25.8697167,34.419,53,"Porites","sp.",206485,1,"Reef edge","CS"
1361,"D1D2","Modern","Egypt","El Quseir","Mangrove Bay","19/10/2023",25.8697167,34.419,43,"Porites","sp.",206485,1,"Reef edge","CS"
1362,"D1D2","Modern","Egypt","El Quseir","Mangrove Bay","19/10/2023",25.8697167,34.419,11,"Porites","sp.",206485,1,"Reef edge","CS"
1363,"D1D2","Modern","Egypt","El Quseir","Mangrove Bay","19/10/2023",25.8697167,34.419,11,"Porites","sp.",206485,1,"Reef edge","CS"
1364,"D1D2","Modern","Egypt","El Quseir","Mangrove Bay","19/10/2023",25.8697167,34.419,5,"Porites","sp.",206485,1,"Reef edge","CD"
1364,"D1D2","Modern","Egypt","El Quseir","Mangrove Bay","19/10/2023",25.8697167,34.419,5,"Porites","sp.",206485,1,"Reef edge","CS"
1365,"D1D2","Modern","Egypt","El Quseir","Mangrove Bay","19/10/2023",25.8697167,34.419,47,"Porites","sp.",206485,1,"Reef edge","CS"
1366,"D1D2","Modern","Egypt","El Quseir","Mangrove Bay","19/10/2023",25.8697167,34.419,6,"Porites","sp.",206485,1,"Reef edge","CS"
1367,"D1D2","Modern","Egypt","El Quseir","Mangrove Bay","19/10/2023",25.8697167,34.419,20,"Porites","sp.",206485,1,"Reef edge","CDA"
1367,"D1D2","Modern","Egypt","El Quseir","Mangrove Bay","19/10/2023",25.8697167,34.419,20,"Porites","sp.",206485,1,"Reef edge","CS"
1368,"D1D2","Modern","Egypt","El Quseir","Mangrove Bay","19/10/2023",25.8697167,34.419,8,"Porites","sp.",206485,1,"Reef edge","CS"
1369,"D1D2","Modern","Egypt","El Quseir","Mangrove Bay","19/10/2023",25.8697167,34.419,20,"Porites","sp.",206485,1,"Reef edge","CDA"
1369,"D1D2","Modern","Egypt","El Quseir","Mangrove Bay","19/10/2023",25.8697167,34.419,20,"Porites","sp.",206485,1,"Reef edge","CS"
1370,"D1D2","Modern","Egypt","El Quseir","Mangrove Bay","19/10/2023",25.8697167,34.419,8,"Porites","sp.",206485,1,"Reef edge","CS"
1371,"D1D2","Modern","Egypt","El Quseir","Mangrove Bay","19/10/2023",25.8697167,34.419,2,"Porites","sp.",206485,1,"Reef edge","CS"
1372,"D1D2","Modern","Egypt","El Quseir","Mangrove Bay","19/10/2023",25.8697167,34.419,1,"Porites","sp.",206485,1,"Reef edge","CS"
1373,"D1D2","Modern","Egypt","El Quseir","Mangrove Bay","19/10/2023",25.8697167,34.419,10,"Porites","sp.",206485,1,"Reef edge","CS"
1374,"D1D2","Modern","Egypt","El Quseir","Mangrove Bay","19/10/2023",25.8697167,34.419,14,"Porites","sp.",206485,1,"Reef edge","CS"
1375,"D1D2","Modern","Egypt","El Quseir","Mangrove Bay","19/10/2023",25.8697167,34.419,9,"Porites","sp.",206485,1,"Reef edge","CS"
1376,"D1D2","Modern","Egypt","El Quseir","Mangrove Bay","19/10/2023",25.8697167,34.419,12,"Porites","sp.",206485,1,"Reef edge","CS"
1377,"D1D2","Modern","Egypt","El Quseir","Mangrove Bay","19/10/2023",25.8697167,34.419,40,"Porites","sp.",206485,1,"Reef edge","CS"
1378,"D1D2","Modern","Egypt","El Quseir","Mangrove Bay","19/10/2023",25.8697167,34.419,4,"Porites","sp.",206485,1,"Reef edge","CS"
1379,"D1D2","Modern","Egypt","El Quseir","Mangrove Bay","19/10/2023",25.8697167,34.419,37,"Porites","sp.",206485,1,"Reef edge","CS"
1380,"D1D2","Modern","Egypt","El Quseir","Mangrove Bay","19/10/2023",25.8697167,34.419,10,"Tridacna","maxima",207675,1,"Reef edge","MOLL"
1381,"D1D2","Modern","Egypt","El Quseir","Mangrove Bay","19/10/2023",25.8697167,34.419,4,"Tridacna","maxima",207675,1,"Reef edge","MOLL"
1382,"D1D2","Modern","Egypt","El Quseir","Mangrove Bay","19/10/2023",25.8697167,34.419,2,"Barbatia","foliata",207774,1,"Reef edge","MOLL"
1383,"D1D2","Modern","Egypt","El Quseir","Mangrove Bay","19/10/2023",25.8697167,34.419,1,"Pedum","sp.",204913,1,"Reef edge","MOLL"
1384,"D1D2","Modern","Egypt","El Quseir","Mangrove Bay","19/10/2023",25.8697167,34.419,3,"Tridacna","maxima",207675,1,"Reef edge","MOLL"
1385,"D1D2","Modern","Egypt","El Quseir","Mangrove Bay","19/10/2023",25.8697167,34.419,6,"Tridacna","maxima",207675,1,"Reef edge","MOLL"
1386,"D1D2","Modern","Egypt","El Quseir","Mangrove Bay","19/10/2023",25.8697167,34.419,2,"Barbatia","foliata",207774,1,"Reef edge","MOLL"
1387,"D1D2","Modern","Egypt","El Quseir","Mangrove Bay","19/10/2023",25.8697167,34.419,1,"Pinna","sp.",138352,1,"Reef edge","MOLL"
1388,"D1D2","Modern","Egypt","El Quseir","Mangrove Bay","19/10/2023",25.8697167,34.419,4,"Tridacna","sp.",205753,1,"Reef edge","MOLL"
1389,"D1D2","Modern","Egypt","El Quseir","Mangrove Bay","19/10/2023",25.8697167,34.419,5,"Tridacna","maxima",207675,1,"Reef edge","MOLL"
1390,"D1D2","Modern","Egypt","El Quseir","Mangrove Bay","19/10/2023",25.8697167,34.419,4,"Tridacna","maxima",207675,1,"Reef edge","MOLL"
1391,"D1D2","Modern","Egypt","El Quseir","Mangrove Bay","19/10/2023",25.8697167,34.419,17,"Tridacna","maxima",207675,1,"Reef edge","MOLL"
1392,"D1D2","Modern","Egypt","El Quseir","Mangrove Bay","19/10/2023",25.8697167,34.419,14,"Tridacna","maxima",207675,1,"Reef edge","MOLL"
1393,"D1D2","Modern","Egypt","El Quseir","Mangrove Bay","19/10/2023",25.8697167,34.419,4,"Tridacna","maxima",207675,1,"Reef edge","MOLL"
1394,"D1D2","Modern","Egypt","El Quseir","Mangrove Bay","19/10/2023",25.8697167,34.419,10,"Tridacna","maxima",207675,1,"Reef edge","MOLL"
1395,"D1D2","Modern","Egypt","El Quseir","Mangrove Bay","19/10/2023",25.8697167,34.419,5,"Tridacna","maxima",207675,1,"Reef edge","MOLL"
1396,"D1D2","Modern","Egypt","El Quseir","Mangrove Bay","19/10/2023",25.8697167,34.419,5,"Tridacna","maxima",207675,1,"Reef edge","MOLL"
1397,"D1D2","Modern","Egypt","El Quseir","Mangrove Bay","19/10/2023",25.8697167,34.419,5,"Echinometra","mathaei",213383,1,"Reef edge","OT"
1398,"D1D2","Modern","Egypt","El Quseir","Mangrove Bay","19/10/2023",25.8697167,34.419,2,"Echinometra","mathaei",213383,1,"Reef edge","OT"
1399,"D1D2","Modern","Egypt","El Quseir","Mangrove Bay","19/10/2023",25.8697167,34.419,14,NA,NA,NA,1,"Reef edge",NA
1399,"D1D2","Modern","Egypt","El Quseir","Mangrove Bay","19/10/2023",25.8697167,34.419,14,NA,NA,NA,1,"Reef edge",NA
1400,"D1D2","Modern","Egypt","El Quseir","Mangrove Bay","19/10/2023",25.8697167,34.419,15,NA,NA,NA,1,"Reef edge",NA
1400,"D1D2","Modern","Egypt","El Quseir","Mangrove Bay","19/10/2023",25.8697167,34.419,15,NA,NA,NA,1,"Reef edge",NA
1401,"D1D2","Modern","Egypt","El Quseir","Mangrove Bay","19/10/2023",25.8697167,34.419,5,NA,NA,NA,1,"Reef edge",NA
1401,"D1D2","Modern","Egypt","El Quseir","Mangrove Bay","19/10/2023",25.8697167,34.419,5,NA,NA,NA,1,"Reef edge",NA
1402,"D1D2","Modern","Egypt","El Quseir","Mangrove Bay","19/10/2023",25.8697167,34.419,9,NA,NA,NA,1,"Reef edge",NA
1402,"D1D2","Modern","Egypt","El Quseir","Mangrove Bay","19/10/2023",25.8697167,34.419,9,NA,NA,NA,1,"Reef edge",NA
1403,"D1D2","Modern","Egypt","El Quseir","Mangrove Bay","19/10/2023",25.8697167,34.419,9,NA,NA,NA,1,"Reef edge",NA
1403,"D1D2","Modern","Egypt","El Quseir","Mangrove Bay","19/10/2023",25.8697167,34.419,9,NA,NA,NA,1,"Reef edge",NA
1404,"D1D2","Modern","Egypt","El Quseir","Mangrove Bay","19/10/2023",25.8697167,34.419,7,NA,NA,NA,1,"Reef edge",NA
1404,"D1D2","Modern","Egypt","El Quseir","Mangrove Bay","19/10/2023",25.8697167,34.419,7,NA,NA,NA,1,"Reef edge",NA
1405,"D3D4","Modern","Egypt","El Quseir","Mangrove Bay","20/10/2023",25.8697167,34.419,15,"Acropora","sp.",205469,1,"Reef edge","ACB"
1406,"D3D4","Modern","Egypt","El Quseir","Mangrove Bay","20/10/2023",25.8697167,34.419,19,"Acropora",NA,205469,1,"Reef edge","ACB"
1407,"D3D4","Modern","Egypt","El Quseir","Mangrove Bay","20/10/2023",25.8697167,34.419,12,"Acropora","sp.",205469,1,"Reef edge","ACB"
1408,"D3D4","Modern","Egypt","El Quseir","Mangrove Bay","20/10/2023",25.8697167,34.419,12,NA,NA,NA,1,"Reef edge",NA
1409,"D3D4","Modern","Egypt","El Quseir","Mangrove Bay","20/10/2023",25.8697167,34.419,1,NA,NA,NA,1,"Reef edge",NA
1410,"D3D4","Modern","Egypt","El Quseir","Mangrove Bay","20/10/2023",25.8697167,34.419,4,NA,NA,NA,1,"Reef edge",NA
1410,"D3D4","Modern","Egypt","El Quseir","Mangrove Bay","20/10/2023",25.8697167,34.419,4,NA,NA,NA,1,"Reef edge",NA
1411,"D3D4","Modern","Egypt","El Quseir","Mangrove Bay","20/10/2023",25.8697167,34.419,1,NA,NA,NA,1,"Reef edge",NA
1412,"D3D4","Modern","Egypt","El Quseir","Mangrove Bay","20/10/2023",25.8697167,34.419,65,NA,NA,NA,1,"Reef edge",NA
1413,"D3D4","Modern","Egypt","El Quseir","Mangrove Bay","20/10/2023",25.8697167,34.419,9,NA,NA,NA,1,"Reef edge",NA
1413,"D3D4","Modern","Egypt","El Quseir","Mangrove Bay","20/10/2023",25.8697167,34.419,9,NA,NA,NA,1,"Reef edge",NA
1414,"D3D4","Modern","Egypt","El Quseir","Mangrove Bay","20/10/2023",25.8697167,34.419,24,NA,NA,NA,1,"Reef edge",NA
1414,"D3D4","Modern","Egypt","El Quseir","Mangrove Bay","20/10/2023",25.8697167,34.419,24,NA,NA,NA,1,"Reef edge",NA
1415,"D3D4","Modern","Egypt","El Quseir","Mangrove Bay","20/10/2023",25.8697167,34.419,21,NA,NA,NA,1,"Reef edge",NA
1416,"D3D4","Modern","Egypt","El Quseir","Mangrove Bay","20/10/2023",25.8697167,34.419,14,NA,NA,NA,1,"Reef edge",NA
1417,"D3D4","Modern","Egypt","El Quseir","Mangrove Bay","20/10/2023",25.8697167,34.419,5,NA,NA,NA,1,"Reef edge",NA
1417,"D3D4","Modern","Egypt","El Quseir","Mangrove Bay","20/10/2023",25.8697167,34.419,5,NA,NA,NA,1,"Reef edge",NA
1418,"D3D4","Modern","Egypt","El Quseir","Mangrove Bay","20/10/2023",25.8697167,34.419,105,NA,NA,NA,1,"Reef edge",NA
1419,"D3D4","Modern","Egypt","El Quseir","Mangrove Bay","20/10/2023",25.8697167,34.419,10,NA,NA,NA,1,"Reef edge",NA
1419,"D3D4","Modern","Egypt","El Quseir","Mangrove Bay","20/10/2023",25.8697167,34.419,10,NA,NA,NA,1,"Reef edge",NA
1420,"D3D4","Modern","Egypt","El Quseir","Mangrove Bay","20/10/2023",25.8697167,34.419,36,NA,NA,NA,1,"Reef edge",NA
1421,"D3D4","Modern","Egypt","El Quseir","Mangrove Bay","20/10/2023",25.8697167,34.419,34,NA,NA,NA,1,"Reef edge",NA
1422,"D3D4","Modern","Egypt","El Quseir","Mangrove Bay","20/10/2023",25.8697167,34.419,10,NA,NA,NA,1,"Reef edge",NA
1422,"D3D4","Modern","Egypt","El Quseir","Mangrove Bay","20/10/2023",25.8697167,34.419,10,NA,NA,NA,1,"Reef edge",NA
1423,"D3D4","Modern","Egypt","El Quseir","Mangrove Bay","20/10/2023",25.8697167,34.419,10,NA,NA,NA,1,"Reef edge",NA
1423,"D3D4","Modern","Egypt","El Quseir","Mangrove Bay","20/10/2023",25.8697167,34.419,10,NA,NA,NA,1,"Reef edge",NA
1424,"D3D4","Modern","Egypt","El Quseir","Mangrove Bay","20/10/2023",25.8697167,34.419,2,NA,NA,NA,1,"Reef edge",NA
1425,"D3D4","Modern","Egypt","El Quseir","Mangrove Bay","20/10/2023",25.8697167,34.419,16,NA,NA,NA,1,"Reef edge",NA
1426,"D3D4","Modern","Egypt","El Quseir","Mangrove Bay","20/10/2023",25.8697167,34.419,8,NA,NA,NA,1,"Reef edge",NA
1427,"D3D4","Modern","Egypt","El Quseir","Mangrove Bay","20/10/2023",25.8697167,34.419,18,NA,NA,NA,1,"Reef edge",NA
1428,"D3D4","Modern","Egypt","El Quseir","Mangrove Bay","20/10/2023",25.8697167,34.419,37,NA,NA,NA,1,"Reef edge",NA
1429,"D3D4","Modern","Egypt","El Quseir","Mangrove Bay","20/10/2023",25.8697167,34.419,70,NA,NA,NA,1,"Reef edge",NA
1430,"D3D4","Modern","Egypt","El Quseir","Mangrove Bay","20/10/2023",25.8697167,34.419,3,NA,NA,NA,1,"Reef edge",NA
1430,"D3D4","Modern","Egypt","El Quseir","Mangrove Bay","20/10/2023",25.8697167,34.419,3,NA,NA,NA,1,"Reef edge",NA
1431,"D3D4","Modern","Egypt","El Quseir","Mangrove Bay","20/10/2023",25.8697167,34.419,8,NA,NA,NA,1,"Reef edge",NA
1432,"D3D4","Modern","Egypt","El Quseir","Mangrove Bay","20/10/2023",25.8697167,34.419,2,NA,NA,NA,1,"Reef edge",NA
1433,"D3D4","Modern","Egypt","El Quseir","Mangrove Bay","20/10/2023",25.8697167,34.419,20,NA,NA,NA,1,"Reef edge",NA
1434,"D3D4","Modern","Egypt","El Quseir","Mangrove Bay","20/10/2023",25.8697167,34.419,24,NA,NA,NA,1,"Reef edge",NA
1434,"D3D4","Modern","Egypt","El Quseir","Mangrove Bay","20/10/2023",25.8697167,34.419,24,NA,NA,NA,1,"Reef edge",NA
1435,"D3D4","Modern","Egypt","El Quseir","Mangrove Bay","20/10/2023",25.8697167,34.419,38,NA,NA,NA,1,"Reef edge",NA
1436,"D3D4","Modern","Egypt","El Quseir","Mangrove Bay","20/10/2023",25.8697167,34.419,20,NA,NA,NA,1,"Reef edge",NA
1437,"D3D4","Modern","Egypt","El Quseir","Mangrove Bay","20/10/2023",25.8697167,34.419,9,NA,NA,NA,1,"Reef edge",NA
1437,"D3D4","Modern","Egypt","El Quseir","Mangrove Bay","20/10/2023",25.8697167,34.419,9,NA,NA,NA,1,"Reef edge",NA
1438,"D3D4","Modern","Egypt","El Quseir","Mangrove Bay","20/10/2023",25.8697167,34.419,6,NA,NA,NA,1,"Reef edge",NA
1438,"D3D4","Modern","Egypt","El Quseir","Mangrove Bay","20/10/2023",25.8697167,34.419,6,NA,NA,NA,1,"Reef edge",NA
1438,"D3D4","Modern","Egypt","El Quseir","Mangrove Bay","20/10/2023",25.8697167,34.419,6,NA,NA,NA,1,"Reef edge",NA
1439,"D3D4","Modern","Egypt","El Quseir","Mangrove Bay","20/10/2023",25.8697167,34.419,9,NA,NA,NA,1,"Reef edge",NA
1439,"D3D4","Modern","Egypt","El Quseir","Mangrove Bay","20/10/2023",25.8697167,34.419,9,NA,NA,NA,1,"Reef edge",NA
1440,"D3D4","Modern","Egypt","El Quseir","Mangrove Bay","20/10/2023",25.8697167,34.419,9,NA,NA,NA,1,"Reef edge",NA
1440,"D3D4","Modern","Egypt","El Quseir","Mangrove Bay","20/10/2023",25.8697167,34.419,9,NA,NA,NA,1,"Reef edge",NA
1441,"D3D4","Modern","Egypt","El Quseir","Mangrove Bay","20/10/2023",25.8697167,34.419,9,NA,NA,NA,1,"Reef edge",NA
1441,"D3D4","Modern","Egypt","El Quseir","Mangrove Bay","20/10/2023",25.8697167,34.419,9,NA,NA,NA,1,"Reef edge",NA
1442,"D3D4","Modern","Egypt","El Quseir","Mangrove Bay","20/10/2023",25.8697167,34.419,30,NA,NA,NA,1,"Reef edge",NA
1443,"D3D4","Modern","Egypt","El Quseir","Mangrove Bay","20/10/2023",25.8697167,34.419,8,NA,NA,NA,1,"Reef edge",NA
1444,"D3D4","Modern","Egypt","El Quseir","Mangrove Bay","20/10/2023",25.8697167,34.419,32,NA,NA,NA,1,"Reef edge",NA
1445,"D3D4","Modern","Egypt","El Quseir","Mangrove Bay","20/10/2023",25.8697167,34.419,1,NA,NA,NA,1,"Reef edge",NA
1446,"D3D4","Modern","Egypt","El Quseir","Mangrove Bay","20/10/2023",25.8697167,34.419,6,NA,NA,NA,1,"Reef edge",NA
1446,"D3D4","Modern","Egypt","El Quseir","Mangrove Bay","20/10/2023",25.8697167,34.419,6,NA,NA,NA,1,"Reef edge",NA
1446,"D3D4","Modern","Egypt","El Quseir","Mangrove Bay","20/10/2023",25.8697167,34.419,6,NA,NA,NA,1,"Reef edge",NA
1447,"D3D4","Modern","Egypt","El Quseir","Mangrove Bay","20/10/2023",25.8697167,34.419,9,NA,NA,NA,1,"Reef edge",NA
1447,"D3D4","Modern","Egypt","El Quseir","Mangrove Bay","20/10/2023",25.8697167,34.419,9,NA,NA,NA,1,"Reef edge",NA
1448,"D3D4","Modern","Egypt","El Quseir","Mangrove Bay","20/10/2023",25.8697167,34.419,24,"Pocillopora","verrucosa",206954,1,"Reef edge","CB"
1449,"D3D4","Modern","Egypt","El Quseir","Mangrove Bay","20/10/2023",25.8697167,34.419,42,"Pocillopora","sp.",206938,1,"Reef edge","CB"
1450,"D3D4","Modern","Egypt","El Quseir","Mangrove Bay","20/10/2023",25.8697167,34.419,11,"Pocillopora","sp.",206938,1,"Reef edge","CB"
1451,"D3D4","Modern","Egypt","El Quseir","Mangrove Bay","20/10/2023",25.8697167,34.419,23,"Pocillopora","verrucosa",206954,1,"Reef edge","CB"
1452,"D3D4","Modern","Egypt","El Quseir","Mangrove Bay","20/10/2023",25.8697167,34.419,11,"Pocillopora","verrucosa",206954,1,"Reef edge","CB"
1453,"D3D4","Modern","Egypt","El Quseir","Mangrove Bay","20/10/2023",25.8697167,34.419,22,"Pocillopora","verrucosa",206954,1,"Reef edge","CB"
1454,"D3D4","Modern","Egypt","El Quseir","Mangrove Bay","20/10/2023",25.8697167,34.419,2,"Pocillopora","verrucosa",206954,1,"Reef edge","CB"
1455,"D3D4","Modern","Egypt","El Quseir","Mangrove Bay","20/10/2023",25.8697167,34.419,4,"Pocillopora","verrucosa",206954,1,"Reef edge","CB"
1456,"D3D4","Modern","Egypt","El Quseir","Mangrove Bay","20/10/2023",25.8697167,34.419,6,"Pocillopora","verrucosa",206954,1,"Reef edge","CB"
1457,"D3D4","Modern","Egypt","El Quseir","Mangrove Bay","20/10/2023",25.8697167,34.419,7,"Pocillopora","verrucosa",206954,1,"Reef edge","CB"
1458,"D3D4","Modern","Egypt","El Quseir","Mangrove Bay","20/10/2023",25.8697167,34.419,15,"Pocillopora","verrucosa",206954,1,"Reef edge","CB"
1459,"D3D4","Modern","Egypt","El Quseir","Mangrove Bay","20/10/2023",25.8697167,34.419,6,"Pocillopora","verrucosa",206954,1,"Reef edge","CB"
1460,"D3D4","Modern","Egypt","El Quseir","Mangrove Bay","20/10/2023",25.8697167,34.419,3,"Pocillopora","verrucosa",206954,1,"Reef edge","CB"
1461,"D3D4","Modern","Egypt","El Quseir","Mangrove Bay","20/10/2023",25.8697167,34.419,41,"Millepora","dichotoma",NA,1,"Reef edge","CD"
1462,"D3D4","Modern","Egypt","El Quseir","Mangrove Bay","20/10/2023",25.8697167,34.419,3,"Ctenactis","crassa",NA,1,"Reef edge","CDA"
1463,"D3D4","Modern","Egypt","El Quseir","Mangrove Bay","20/10/2023",25.8697167,34.419,1,"Cyphastrea","chalcidicum",207415,1,"Reef edge","CE"
1464,"D3D4","Modern","Egypt","El Quseir","Mangrove Bay","20/10/2023",25.8697167,34.419,18,"Goniastrea","edwardsi",207466,1,"Reef edge","CM"
1465,"D3D4","Modern","Egypt","El Quseir","Mangrove Bay","20/10/2023",25.8697167,34.419,2,"Porites","sp.",206485,1,"Reef edge","CS"
1465,"D3D4","Modern","Egypt","El Quseir","Mangrove Bay","20/10/2023",25.8697167,34.419,2,"Porites","sp.",206485,1,"Reef edge","CM"
1466,"D3D4","Modern","Egypt","El Quseir","Mangrove Bay","20/10/2023",25.8697167,34.419,17,"Millepora","dichotoma",210733,1,"Reef edge","CME"
1467,"D3D4","Modern","Egypt","El Quseir","Mangrove Bay","20/10/2023",25.8697167,34.419,30,"Millepora","dichotoma",210733,1,"Reef edge","CME"
1468,"D3D4","Modern","Egypt","El Quseir","Mangrove Bay","20/10/2023",25.8697167,34.419,66,"Millepora","dichotoma",210733,1,"Reef edge","CME"
1469,"D3D4","Modern","Egypt","El Quseir","Mangrove Bay","20/10/2023",25.8697167,34.419,10,"Millepora","platyphylla",210730,1,"Reef edge","CME"
1470,"D3D4","Modern","Egypt","El Quseir","Mangrove Bay","20/10/2023",25.8697167,34.419,33,"Millepora","dichotoma",210733,1,"Reef edge","CME"
1471,"D3D4","Modern","Egypt","El Quseir","Mangrove Bay","20/10/2023",25.8697167,34.419,9,"Millepora","dichotoma",210733,1,"Reef edge","CME"
1472,"D3D4","Modern","Egypt","El Quseir","Mangrove Bay","20/10/2023",25.8697167,34.419,12,"Millepora","dichotoma",210733,1,"Reef edge","CME"
1473,"D3D4","Modern","Egypt","El Quseir","Mangrove Bay","20/10/2023",25.8697167,34.419,60,"Millepora","dichotoma",210733,1,"Reef edge","CME"
1474,"D3D4","Modern","Egypt","El Quseir","Mangrove Bay","20/10/2023",25.8697167,34.419,75,"Millepora","dichotoma",210733,1,"Reef edge","CME"
1475,"D3D4","Modern","Egypt","El Quseir","Mangrove Bay","20/10/2023",25.8697167,34.419,24,"Millepora","dichotoma",210733,1,"Reef edge","CME"
1476,"D3D4","Modern","Egypt","El Quseir","Mangrove Bay","20/10/2023",25.8697167,34.419,15,"Millepora","dichotoma",210733,1,"Reef edge","CME"
1477,"D3D4","Modern","Egypt","El Quseir","Mangrove Bay","20/10/2023",25.8697167,34.419,8,"Millepora","dichotoma",210733,1,"Reef edge","CME"
1478,"D3D4","Modern","Egypt","El Quseir","Mangrove Bay","20/10/2023",25.8697167,34.419,1,"Millepora","exaesa",210728,1,"Reef edge","CME"
1479,"D3D4","Modern","Egypt","El Quseir","Mangrove Bay","20/10/2023",25.8697167,34.419,2,"Millepora","exaesa",210728,1,"Reef edge","CME"
1480,"D3D4","Modern","Egypt","El Quseir","Mangrove Bay","20/10/2023",25.8697167,34.419,13,"Millepora","dichotoma",210733,1,"Reef edge","CME"
1481,"D3D4","Modern","Egypt","El Quseir","Mangrove Bay","20/10/2023",25.8697167,34.419,10,"Millepora","dichotoma",210733,1,"Reef edge","CME"
1482,"D3D4","Modern","Egypt","El Quseir","Mangrove Bay","20/10/2023",25.8697167,34.419,2,"Millepora","dichotoma",210733,1,"Reef edge","CME"
1483,"D3D4","Modern","Egypt","El Quseir","Mangrove Bay","20/10/2023",25.8697167,34.419,33,"Millepora","dichotoma",210733,1,"Reef edge","CME"
1484,"D3D4","Modern","Egypt","El Quseir","Mangrove Bay","20/10/2023",25.8697167,34.419,11,"Millepora","dichotoma",210733,1,"Reef edge","CME"
1485,"D3D4","Modern","Egypt","El Quseir","Mangrove Bay","20/10/2023",25.8697167,34.419,19,"Porites","sp.",206485,1,"Reef edge","CS"
1486,"D3D4","Modern","Egypt","El Quseir","Mangrove Bay","20/10/2023",25.8697167,34.419,6,"Porites","sp.",206485,1,"Reef edge","CS"
1487,"D3D4","Modern","Egypt","El Quseir","Mangrove Bay","20/10/2023",25.8697167,34.419,9,"Porites","sp.",206485,1,"Reef edge","CS"
1488,"D3D4","Modern","Egypt","El Quseir","Mangrove Bay","20/10/2023",25.8697167,34.419,16,"Porites","sp.",206485,1,"Reef edge","CS"
1489,"D3D4","Modern","Egypt","El Quseir","Mangrove Bay","20/10/2023",25.8697167,34.419,18,"Porites","sp.",206485,1,"Reef edge","CS"
1490,"D3D4","Modern","Egypt","El Quseir","Mangrove Bay","20/10/2023",25.8697167,34.419,5,"Porites","sp.",206485,1,"Reef edge","CS"
1491,"D3D4","Modern","Egypt","El Quseir","Mangrove Bay","20/10/2023",25.8697167,34.419,9,"Porites","sp.",206485,1,"Reef edge","CS"
1492,"D3D4","Modern","Egypt","El Quseir","Mangrove Bay","20/10/2023",25.8697167,34.419,1,"Porites","sp.",206485,1,"Reef edge","CS"
1493,"D3D4","Modern","Egypt","El Quseir","Mangrove Bay","20/10/2023",25.8697167,34.419,4,"Porites","sp.",206485,1,"Reef edge","CS"
1494,"D3D4","Modern","Egypt","El Quseir","Mangrove Bay","20/10/2023",25.8697167,34.419,19,"Porites","sp.",206485,1,"Reef edge","CS"
1495,"D3D4","Modern","Egypt","El Quseir","Mangrove Bay","20/10/2023",25.8697167,34.419,22,"Porites","sp.",206485,1,"Reef edge","CS"
1496,"D3D4","Modern","Egypt","El Quseir","Mangrove Bay","20/10/2023",25.8697167,34.419,6,"Porites","sp.",206485,1,"Reef edge","CS"
1497,"D3D4","Modern","Egypt","El Quseir","Mangrove Bay","20/10/2023",25.8697167,34.419,15,"Porites","sp.",206485,1,"Reef edge","CS"
1498,"D3D4","Modern","Egypt","El Quseir","Mangrove Bay","20/10/2023",25.8697167,34.419,6,"Porites","sp.",206485,1,"Reef edge","CS"
1499,"D3D4","Modern","Egypt","El Quseir","Mangrove Bay","20/10/2023",25.8697167,34.419,10,"Porites","sp.",206485,1,"Reef edge","CS"
1500,"D3D4","Modern","Egypt","El Quseir","Mangrove Bay","20/10/2023",25.8697167,34.419,3,"Porites","sp.",206485,1,"Reef edge","CS"
1501,"D3D4","Modern","Egypt","El Quseir","Mangrove Bay","20/10/2023",25.8697167,34.419,11,"Porites","sp.",206485,1,"Reef edge","CS"
1502,"D3D4","Modern","Egypt","El Quseir","Mangrove Bay","20/10/2023",25.8697167,34.419,17,"Porites","sp.",206485,1,"Reef edge","CS"
1503,"D3D4","Modern","Egypt","El Quseir","Mangrove Bay","20/10/2023",25.8697167,34.419,13,"Porites","sp.",206485,1,"Reef edge","CS"
1504,"D3D4","Modern","Egypt","El Quseir","Mangrove Bay","20/10/2023",25.8697167,34.419,8,"Porites","sp.",206485,1,"Reef edge","CS"
1505,"D3D4","Modern","Egypt","El Quseir","Mangrove Bay","20/10/2023",25.8697167,34.419,5,"Porites","sp.",206485,1,"Reef edge","CS"
1506,"D3D4","Modern","Egypt","El Quseir","Mangrove Bay","20/10/2023",25.8697167,34.419,2,"Porites","rus",207231,1,"Reef edge","CS"
1506,"D3D4","Modern","Egypt","El Quseir","Mangrove Bay","20/10/2023",25.8697167,34.419,2,"Porites","rus",207231,1,"Reef edge","CM"
1507,"D3D4","Modern","Egypt","El Quseir","Mangrove Bay","20/10/2023",25.8697167,34.419,10,"Pavona","sp.",206614,1,"Reef edge","CS"
1508,"D3D4","Modern","Egypt","El Quseir","Mangrove Bay","20/10/2023",25.8697167,34.419,12,"Porites","sp.",206485,1,"Reef edge","CS"
1509,"D3D4","Modern","Egypt","El Quseir","Mangrove Bay","20/10/2023",25.8697167,34.419,3,"Porites","sp.",206485,1,"Reef edge","CS"
1510,"D3D4","Modern","Egypt","El Quseir","Mangrove Bay","20/10/2023",25.8697167,34.419,5,"Porites","sp.",206485,1,"Reef edge","CS"
1511,"D3D4","Modern","Egypt","El Quseir","Mangrove Bay","20/10/2023",25.8697167,34.419,3,"Porites","sp.",206485,1,"Reef edge","CS"
1512,"D3D4","Modern","Egypt","El Quseir","Mangrove Bay","20/10/2023",25.8697167,34.419,9,"Porites","sp.",206485,1,"Reef edge","CS"
1513,"D3D4","Modern","Egypt","El Quseir","Mangrove Bay","20/10/2023",25.8697167,34.419,3,"Porites","rus",207231,1,"Reef edge","CS"
1514,"D3D4","Modern","Egypt","El Quseir","Mangrove Bay","20/10/2023",25.8697167,34.419,3,"Porites","rus",207231,1,"Reef edge","CS"
1515,"D3D4","Modern","Egypt","El Quseir","Mangrove Bay","20/10/2023",25.8697167,34.419,5,"Porites","rus",207231,1,"Reef edge","CS"
1516,"D3D4","Modern","Egypt","El Quseir","Mangrove Bay","20/10/2023",25.8697167,34.419,7,"Tridacna","maxima",207675,1,"Reef edge","MOLL"
1517,"D3D4","Modern","Egypt","El Quseir","Mangrove Bay","20/10/2023",25.8697167,34.419,6,"Tridacna","maxima",207675,1,"Reef edge","MOLL"
1518,"D3D4","Modern","Egypt","El Quseir","Mangrove Bay","20/10/2023",25.8697167,34.419,5,"Tridacna","maxima",207675,1,"Reef edge","MOLL"
1519,"D3D4","Modern","Egypt","El Quseir","Mangrove Bay","20/10/2023",25.8697167,34.419,17,"Tridacna","maxima",207675,1,"Reef edge","MOLL"
1520,"D3D4","Modern","Egypt","El Quseir","Mangrove Bay","20/10/2023",25.8697167,34.419,5,"Tridacna","maxima",207675,1,"Reef edge","MOLL"
1521,"D3D4","Modern","Egypt","El Quseir","Mangrove Bay","20/10/2023",25.8697167,34.419,6,"Tridacna","maxima",207675,1,"Reef edge","MOLL"
1522,"D3D4","Modern","Egypt","El Quseir","Mangrove Bay","20/10/2023",25.8697167,34.419,4,"Tridacna","maxima",207675,1,"Reef edge","MOLL"
1523,"D3D4","Modern","Egypt","El Quseir","Mangrove Bay","20/10/2023",25.8697167,34.419,2,"Barbatia","foliata",207774,1,"Reef edge","MOLL"
1524,"D3D4","Modern","Egypt","El Quseir","Mangrove Bay","20/10/2023",25.8697167,34.419,7,"Tridacna","maxima",207675,1,"Reef edge","MOLL"
1525,"D3D4","Modern","Egypt","El Quseir","Mangrove Bay","20/10/2023",25.8697167,34.419,19,"Tridacna","maxima",207675,1,"Reef edge","MOLL"
1526,"D3D4","Modern","Egypt","El Quseir","Mangrove Bay","20/10/2023",25.8697167,34.419,10,"Echinometra","mathaei",213383,1,"Reef edge","OT"
1527,"D3D4","Modern","Egypt","El Quseir","Mangrove Bay","20/10/2023",25.8697167,34.419,4,NA,NA,NA,1,"Reef edge",NA
1527,"D3D4","Modern","Egypt","El Quseir","Mangrove Bay","20/10/2023",25.8697167,34.419,4,NA,NA,NA,1,"Reef edge",NA
1528,"D3D4","Modern","Egypt","El Quseir","Mangrove Bay","20/10/2023",25.8697167,34.419,4,NA,NA,NA,1,"Reef edge",NA
1528,"D3D4","Modern","Egypt","El Quseir","Mangrove Bay","20/10/2023",25.8697167,34.419,4,NA,NA,NA,1,"Reef edge",NA
1529,"D3D4","Modern","Egypt","El Quseir","Mangrove Bay","20/10/2023",25.8697167,34.419,5,NA,NA,NA,1,"Reef edge",NA
1529,"D3D4","Modern","Egypt","El Quseir","Mangrove Bay","20/10/2023",25.8697167,34.419,5,NA,NA,NA,1,"Reef edge",NA
1530,"D3D4","Modern","Egypt","El Quseir","Mangrove Bay","20/10/2023",25.8697167,34.419,87,NA,NA,NA,1,"Reef edge",NA
1531,"D3D4","Modern","Egypt","El Quseir","Mangrove Bay","20/10/2023",25.8697167,34.419,10,NA,NA,NA,1,"Reef edge",NA
1531,"D3D4","Modern","Egypt","El Quseir","Mangrove Bay","20/10/2023",25.8697167,34.419,10,NA,NA,NA,1,"Reef edge",NA
1532,"D3D4","Modern","Egypt","El Quseir","Mangrove Bay","20/10/2023",25.8697167,34.419,10,NA,NA,NA,1,"Reef edge",NA
1532,"D3D4","Modern","Egypt","El Quseir","Mangrove Bay","20/10/2023",25.8697167,34.419,10,NA,NA,NA,1,"Reef edge",NA
1533,"D3D4","Modern","Egypt","El Quseir","Mangrove Bay","20/10/2023",25.8697167,34.419,39,NA,NA,NA,1,"Reef edge",NA
1534,"D3D4","Modern","Egypt","El Quseir","Mangrove Bay","20/10/2023",25.8697167,34.419,24,NA,NA,NA,1,"Reef edge",NA
1534,"D3D4","Modern","Egypt","El Quseir","Mangrove Bay","20/10/2023",25.8697167,34.419,24,NA,NA,NA,1,"Reef edge",NA
1535,"D3D4","Modern","Egypt","El Quseir","Mangrove Bay","20/10/2023",25.8697167,34.419,10,NA,NA,NA,1,"Reef edge",NA
1535,"D3D4","Modern","Egypt","El Quseir","Mangrove Bay","20/10/2023",25.8697167,34.419,10,NA,NA,NA,1,"Reef edge",NA
1536,"D3D4","Modern","Egypt","El Quseir","Mangrove Bay","20/10/2023",25.8697167,34.419,3,NA,NA,NA,1,"Reef edge",NA
1536,"D3D4","Modern","Egypt","El Quseir","Mangrove Bay","20/10/2023",25.8697167,34.419,3,NA,NA,NA,1,"Reef edge",NA
1537,"D3D4","Modern","Egypt","El Quseir","Mangrove Bay","20/10/2023",25.8697167,34.419,6,NA,NA,NA,1,"Reef edge",NA
1537,"D3D4","Modern","Egypt","El Quseir","Mangrove Bay","20/10/2023",25.8697167,34.419,6,NA,NA,NA,1,"Reef edge",NA
1537,"D3D4","Modern","Egypt","El Quseir","Mangrove Bay","20/10/2023",25.8697167,34.419,6,NA,NA,NA,1,"Reef edge",NA
1538,"D5D6","Modern","Egypt","El Quseir","Mangrove Bay","24/10/2023",25.8697167,34.419,23,"Acropora","sp.",205469,1,"Reef edge","ACB"
1539,"D5D6","Modern","Egypt","El Quseir","Mangrove Bay","24/10/2023",25.8697167,34.419,40,NA,NA,NA,1,"Reef edge",NA
1540,"D5D6","Modern","Egypt","El Quseir","Mangrove Bay","24/10/2023",25.8697167,34.419,10,NA,NA,NA,1,"Reef edge",NA
1541,"D5D6","Modern","Egypt","El Quseir","Mangrove Bay","24/10/2023",25.8697167,34.419,17,NA,NA,NA,1,"Reef edge",NA
1542,"D5D6","Modern","Egypt","El Quseir","Mangrove Bay","24/10/2023",25.8697167,34.419,19,NA,NA,NA,1,"Reef edge",NA
1543,"D5D6","Modern","Egypt","El Quseir","Mangrove Bay","24/10/2023",25.8697167,34.419,13,NA,NA,NA,1,"Reef edge",NA
1544,"D5D6","Modern","Egypt","El Quseir","Mangrove Bay","24/10/2023",25.8697167,34.419,3,NA,NA,NA,1,"Reef edge",NA
1545,"D5D6","Modern","Egypt","El Quseir","Mangrove Bay","24/10/2023",25.8697167,34.419,26,NA,NA,NA,1,"Reef edge",NA
1546,"D5D6","Modern","Egypt","El Quseir","Mangrove Bay","24/10/2023",25.8697167,34.419,6,NA,NA,NA,1,"Reef edge",NA
1547,"D5D6","Modern","Egypt","El Quseir","Mangrove Bay","24/10/2023",25.8697167,34.419,17,NA,NA,NA,1,"Reef edge",NA
1548,"D5D6","Modern","Egypt","El Quseir","Mangrove Bay","24/10/2023",25.8697167,34.419,37,NA,NA,NA,1,"Reef edge",NA
1549,"D5D6","Modern","Egypt","El Quseir","Mangrove Bay","24/10/2023",25.8697167,34.419,24,NA,NA,NA,1,"Reef edge",NA
1549,"D5D6","Modern","Egypt","El Quseir","Mangrove Bay","24/10/2023",25.8697167,34.419,24,NA,NA,NA,1,"Reef edge",NA
1550,"D5D6","Modern","Egypt","El Quseir","Mangrove Bay","24/10/2023",25.8697167,34.419,28,NA,NA,NA,1,"Reef edge",NA
1551,"D5D6","Modern","Egypt","El Quseir","Mangrove Bay","24/10/2023",25.8697167,34.419,42,NA,NA,NA,1,"Reef edge",NA
1552,"D5D6","Modern","Egypt","El Quseir","Mangrove Bay","24/10/2023",25.8697167,34.419,2,NA,NA,NA,1,"Reef edge",NA
1553,"D5D6","Modern","Egypt","El Quseir","Mangrove Bay","24/10/2023",25.8697167,34.419,4,NA,NA,NA,1,"Reef edge",NA
1554,"D5D6","Modern","Egypt","El Quseir","Mangrove Bay","24/10/2023",25.8697167,34.419,32,NA,NA,NA,1,"Reef edge",NA
1555,"D5D6","Modern","Egypt","El Quseir","Mangrove Bay","24/10/2023",25.8697167,34.419,15,NA,NA,NA,1,"Reef edge",NA
1556,"D5D6","Modern","Egypt","El Quseir","Mangrove Bay","24/10/2023",25.8697167,34.419,13,NA,NA,NA,1,"Reef edge",NA
1557,"D5D6","Modern","Egypt","El Quseir","Mangrove Bay","24/10/2023",25.8697167,34.419,15,NA,NA,NA,1,"Reef edge",NA
1558,"D5D6","Modern","Egypt","El Quseir","Mangrove Bay","24/10/2023",25.8697167,34.419,1,NA,NA,NA,1,"Reef edge",NA
1559,"D5D6","Modern","Egypt","El Quseir","Mangrove Bay","24/10/2023",25.8697167,34.419,8,NA,NA,NA,1,"Reef edge",NA
1560,"D5D6","Modern","Egypt","El Quseir","Mangrove Bay","24/10/2023",25.8697167,34.419,12,NA,NA,NA,1,"Reef edge",NA
1561,"D5D6","Modern","Egypt","El Quseir","Mangrove Bay","24/10/2023",25.8697167,34.419,11,NA,NA,NA,1,"Reef edge",NA
1562,"D5D6","Modern","Egypt","El Quseir","Mangrove Bay","24/10/2023",25.8697167,34.419,110,NA,NA,NA,1,"Reef edge",NA
1563,"D5D6","Modern","Egypt","El Quseir","Mangrove Bay","24/10/2023",25.8697167,34.419,18,NA,NA,NA,1,"Reef edge",NA
1564,"D5D6","Modern","Egypt","El Quseir","Mangrove Bay","24/10/2023",25.8697167,34.419,11,NA,NA,NA,1,"Reef edge",NA
1565,"D5D6","Modern","Egypt","El Quseir","Mangrove Bay","24/10/2023",25.8697167,34.419,27,NA,NA,NA,1,"Reef edge",NA
1565,"D5D6","Modern","Egypt","El Quseir","Mangrove Bay","24/10/2023",25.8697167,34.419,27,NA,NA,NA,1,"Reef edge",NA
1566,"D5D6","Modern","Egypt","El Quseir","Mangrove Bay","24/10/2023",25.8697167,34.419,14,NA,NA,NA,1,"Reef edge",NA
1567,"D5D6","Modern","Egypt","El Quseir","Mangrove Bay","24/10/2023",25.8697167,34.419,71,NA,NA,NA,1,"Reef edge",NA
1568,"D5D6","Modern","Egypt","El Quseir","Mangrove Bay","24/10/2023",25.8697167,34.419,24,NA,NA,NA,1,"Reef edge",NA
1568,"D5D6","Modern","Egypt","El Quseir","Mangrove Bay","24/10/2023",25.8697167,34.419,24,NA,NA,NA,1,"Reef edge",NA
1569,"D5D6","Modern","Egypt","El Quseir","Mangrove Bay","24/10/2023",25.8697167,34.419,10,NA,NA,NA,1,"Reef edge",NA
1570,"D5D6","Modern","Egypt","El Quseir","Mangrove Bay","24/10/2023",25.8697167,34.419,19,"Pocillopora","verrucosa",206954,1,"Reef edge","CB"
1571,"D5D6","Modern","Egypt","El Quseir","Mangrove Bay","24/10/2023",25.8697167,34.419,23,"Pocillopora","verrucosa",206954,1,"Reef edge","CB"
1572,"D5D6","Modern","Egypt","El Quseir","Mangrove Bay","24/10/2023",25.8697167,34.419,10,"Pocillopora","verrucosa",206954,1,"Reef edge","CB"
1573,"D5D6","Modern","Egypt","El Quseir","Mangrove Bay","24/10/2023",25.8697167,34.419,50,"Pocillopora","verrucosa",206954,1,"Reef edge","CB"
1574,"D5D6","Modern","Egypt","El Quseir","Mangrove Bay","24/10/2023",25.8697167,34.419,25,"Pocillopora","verrucosa",206954,1,"Reef edge","CB"
1575,"D5D6","Modern","Egypt","El Quseir","Mangrove Bay","24/10/2023",25.8697167,34.419,10,"Pocillopora","verrucosa",206954,1,"Reef edge","CB"
1576,"D5D6","Modern","Egypt","El Quseir","Mangrove Bay","24/10/2023",25.8697167,34.419,26,"Pocillopora","verrucosa",206954,1,"Reef edge","CB"
1577,"D5D6","Modern","Egypt","El Quseir","Mangrove Bay","24/10/2023",25.8697167,34.419,13,"Pocillopora","verrucosa",206954,1,"Reef edge","CB"
1578,"D5D6","Modern","Egypt","El Quseir","Mangrove Bay","24/10/2023",25.8697167,34.419,17,"Pocillopora","verrucosa",206954,1,"Reef edge","CB"
1579,"D5D6","Modern","Egypt","El Quseir","Mangrove Bay","24/10/2023",25.8697167,34.419,29,"Pocillopora","verrucosa",206954,1,"Reef edge","CB"
1580,"D5D6","Modern","Egypt","El Quseir","Mangrove Bay","24/10/2023",25.8697167,34.419,19,"Pocillopora","verrucosa",206954,1,"Reef edge","CB"
1581,"D5D6","Modern","Egypt","El Quseir","Mangrove Bay","24/10/2023",25.8697167,34.419,7,"Pocillopora","verrucosa",206954,1,"Reef edge","CB"
1582,"D5D6","Modern","Egypt","El Quseir","Mangrove Bay","24/10/2023",25.8697167,34.419,9,"Pocillopora","verrucosa",206954,1,"Reef edge","CB"
1583,"D5D6","Modern","Egypt","El Quseir","Mangrove Bay","24/10/2023",25.8697167,34.419,27,NA,NA,NA,1,"Reef edge",NA
1583,"D5D6","Modern","Egypt","El Quseir","Mangrove Bay","24/10/2023",25.8697167,34.419,27,NA,NA,NA,1,"Reef edge",NA
1584,"D5D6","Modern","Egypt","El Quseir","Mangrove Bay","24/10/2023",25.8697167,34.419,14,"Porites","sp.",NA,1,"Reef edge","CD"
1585,"D5D6","Modern","Egypt","El Quseir","Mangrove Bay","24/10/2023",25.8697167,34.419,24,NA,NA,NA,1,"Reef edge",NA
1585,"D5D6","Modern","Egypt","El Quseir","Mangrove Bay","24/10/2023",25.8697167,34.419,24,NA,NA,NA,1,"Reef edge",NA
1586,"D5D6","Modern","Egypt","El Quseir","Mangrove Bay","24/10/2023",25.8697167,34.419,72,NA,NA,NA,1,"Reef edge",NA
1587,"D5D6","Modern","Egypt","El Quseir","Mangrove Bay","24/10/2023",25.8697167,34.419,88,"Porites","sp.",NA,1,"Reef edge","CD"
1588,"D5D6","Modern","Egypt","El Quseir","Mangrove Bay","24/10/2023",25.8697167,34.419,36,"Porites","sp.",NA,1,"Reef edge","CD"
1589,"D5D6","Modern","Egypt","El Quseir","Mangrove Bay","24/10/2023",25.8697167,34.419,19,"Porites","sp.",NA,1,"Reef edge","CD"
1590,"D5D6","Modern","Egypt","El Quseir","Mangrove Bay","24/10/2023",25.8697167,34.419,4,"Porites","sp.",NA,1,"Reef edge","CD"
1590,"D5D6","Modern","Egypt","El Quseir","Mangrove Bay","24/10/2023",25.8697167,34.419,4,"Porites","sp.",NA,1,"Reef edge","CS"
1591,"D5D6","Modern","Egypt","El Quseir","Mangrove Bay","24/10/2023",25.8697167,34.419,15,"Porites","sp.",NA,1,"Reef edge","CD"
1592,"D5D6","Modern","Egypt","El Quseir","Mangrove Bay","24/10/2023",25.8697167,34.419,6,"Porites","sp.",NA,1,"Reef edge","CS"
1592,"D5D6","Modern","Egypt","El Quseir","Mangrove Bay","24/10/2023",25.8697167,34.419,6,"Porites","sp.",NA,1,"Reef edge","CD"
1593,"D5D6","Modern","Egypt","El Quseir","Mangrove Bay","24/10/2023",25.8697167,34.419,23,"Porites","sp.",NA,1,"Reef edge","CD"
1594,"D5D6","Modern","Egypt","El Quseir","Mangrove Bay","24/10/2023",25.8697167,34.419,5,"Porites","sp.",NA,1,"Reef edge","CS"
1594,"D5D6","Modern","Egypt","El Quseir","Mangrove Bay","24/10/2023",25.8697167,34.419,5,"Porites","sp.",NA,1,"Reef edge","CD"
1595,"D5D6","Modern","Egypt","El Quseir","Mangrove Bay","24/10/2023",25.8697167,34.419,12,"Porites","sp.",NA,1,"Reef edge","CS"
1595,"D5D6","Modern","Egypt","El Quseir","Mangrove Bay","24/10/2023",25.8697167,34.419,12,"Porites","sp.",NA,1,"Reef edge","CD"
1596,"D5D6","Modern","Egypt","El Quseir","Mangrove Bay","24/10/2023",25.8697167,34.419,18,"Porites","sp.",NA,1,"Reef edge","CD"
1597,"D5D6","Modern","Egypt","El Quseir","Mangrove Bay","24/10/2023",25.8697167,34.419,12,"Porites","sp.",NA,1,"Reef edge","CS"
1597,"D5D6","Modern","Egypt","El Quseir","Mangrove Bay","24/10/2023",25.8697167,34.419,12,"Porites","sp.",NA,1,"Reef edge","CD"
1598,"D5D6","Modern","Egypt","El Quseir","Mangrove Bay","24/10/2023",25.8697167,34.419,3,"Montipora","tuberculosa",207156,1,"Reef edge","CE"
1599,"D5D6","Modern","Egypt","El Quseir","Mangrove Bay","24/10/2023",25.8697167,34.419,129,"Millepora","dichotoma",210733,1,"Reef edge","CME"
1600,"D5D6","Modern","Egypt","El Quseir","Mangrove Bay","24/10/2023",25.8697167,34.419,21,"Millepora","dichotoma",210733,1,"Reef edge","CME"
1601,"D5D6","Modern","Egypt","El Quseir","Mangrove Bay","24/10/2023",25.8697167,34.419,21,"Millepora","dichotoma",210733,1,"Reef edge","CME"
1602,"D5D6","Modern","Egypt","El Quseir","Mangrove Bay","24/10/2023",25.8697167,34.419,30,"Millepora","dichotoma",210733,1,"Reef edge","CME"
1603,"D5D6","Modern","Egypt","El Quseir","Mangrove Bay","24/10/2023",25.8697167,34.419,16,"Millepora","dichotoma",210733,1,"Reef edge","CME"
1604,"D5D6","Modern","Egypt","El Quseir","Mangrove Bay","24/10/2023",25.8697167,34.419,166,"Millepora","dichotoma",210733,1,"Reef edge","CME"
1605,"D5D6","Modern","Egypt","El Quseir","Mangrove Bay","24/10/2023",25.8697167,34.419,16,"Millepora","platyphylla",210730,1,"Reef edge","CME"
1606,"D5D6","Modern","Egypt","El Quseir","Mangrove Bay","24/10/2023",25.8697167,34.419,4,"Millepora","exaesa",210728,1,"Reef edge","CME"
1607,"D5D6","Modern","Egypt","El Quseir","Mangrove Bay","24/10/2023",25.8697167,34.419,7,"Millepora","dichotoma",210733,1,"Reef edge","CME"
1608,"D5D6","Modern","Egypt","El Quseir","Mangrove Bay","24/10/2023",25.8697167,34.419,24,"Millepora","dichotoma",210733,1,"Reef edge","CME"
1609,"D5D6","Modern","Egypt","El Quseir","Mangrove Bay","24/10/2023",25.8697167,34.419,13,"Millepora","exaesa",210728,1,"Reef edge","CME"
1610,"D5D6","Modern","Egypt","El Quseir","Mangrove Bay","24/10/2023",25.8697167,34.419,11,"Millepora","exaesa",210728,1,"Reef edge","CME"
1611,"D5D6","Modern","Egypt","El Quseir","Mangrove Bay","24/10/2023",25.8697167,34.419,7,"Millepora","dichotoma",210733,1,"Reef edge","CME"
1612,"D5D6","Modern","Egypt","El Quseir","Mangrove Bay","24/10/2023",25.8697167,34.419,1,"Porites","sp.",206485,1,"Reef edge","CS"
1613,"D5D6","Modern","Egypt","El Quseir","Mangrove Bay","24/10/2023",25.8697167,34.419,1,"Porites","sp.",206485,1,"Reef edge","CS"
1614,"D5D6","Modern","Egypt","El Quseir","Mangrove Bay","24/10/2023",25.8697167,34.419,12,"Porites","sp.",206485,1,"Reef edge","CS"
1614,"D5D6","Modern","Egypt","El Quseir","Mangrove Bay","24/10/2023",25.8697167,34.419,12,"Porites","sp.",206485,1,"Reef edge","CD"
1615,"D5D6","Modern","Egypt","El Quseir","Mangrove Bay","24/10/2023",25.8697167,34.419,5,"Porites","sp.",206485,1,"Reef edge","CS"
1615,"D5D6","Modern","Egypt","El Quseir","Mangrove Bay","24/10/2023",25.8697167,34.419,5,"Porites","sp.",206485,1,"Reef edge","CD"
1616,"D5D6","Modern","Egypt","El Quseir","Mangrove Bay","24/10/2023",25.8697167,34.419,1,"Porites","sp.",206485,1,"Reef edge","CS"
1617,"D5D6","Modern","Egypt","El Quseir","Mangrove Bay","24/10/2023",25.8697167,34.419,9,"Porites","sp.",206485,1,"Reef edge","CS"
1618,"D5D6","Modern","Egypt","El Quseir","Mangrove Bay","24/10/2023",25.8697167,34.419,1,"Porites","sp.",206485,1,"Reef edge","CS"
1619,"D5D6","Modern","Egypt","El Quseir","Mangrove Bay","24/10/2023",25.8697167,34.419,8,"Porites","sp.",206485,1,"Reef edge","CS"
1620,"D5D6","Modern","Egypt","El Quseir","Mangrove Bay","24/10/2023",25.8697167,34.419,6,"Porites","sp.",206485,1,"Reef edge","CS"
1620,"D5D6","Modern","Egypt","El Quseir","Mangrove Bay","24/10/2023",25.8697167,34.419,6,"Porites","sp.",206485,1,"Reef edge","CD"
1621,"D5D6","Modern","Egypt","El Quseir","Mangrove Bay","24/10/2023",25.8697167,34.419,6,"Porites","sp.",206485,1,"Reef edge","CS"
1621,"D5D6","Modern","Egypt","El Quseir","Mangrove Bay","24/10/2023",25.8697167,34.419,6,"Porites","sp.",206485,1,"Reef edge","CD"
1622,"D5D6","Modern","Egypt","El Quseir","Mangrove Bay","24/10/2023",25.8697167,34.419,2,"Porites","sp.",206485,1,"Reef edge","CS"
1623,"D5D6","Modern","Egypt","El Quseir","Mangrove Bay","24/10/2023",25.8697167,34.419,12,"Porites","sp.",206485,1,"Reef edge","CS"
1623,"D5D6","Modern","Egypt","El Quseir","Mangrove Bay","24/10/2023",25.8697167,34.419,12,"Porites","sp.",206485,1,"Reef edge","CD"
1624,"D5D6","Modern","Egypt","El Quseir","Mangrove Bay","24/10/2023",25.8697167,34.419,1,"Pavona","varians",207303,1,"Reef edge","CS"
1625,"D5D6","Modern","Egypt","El Quseir","Mangrove Bay","24/10/2023",25.8697167,34.419,1,"Porites","sp.",206485,1,"Reef edge","CS"
1626,"D5D6","Modern","Egypt","El Quseir","Mangrove Bay","24/10/2023",25.8697167,34.419,8,"Porites","sp.",206485,1,"Reef edge","CS"
1627,"D5D6","Modern","Egypt","El Quseir","Mangrove Bay","24/10/2023",25.8697167,34.419,3,"Porites","sp.",206485,1,"Reef edge","CS"
1628,"D5D6","Modern","Egypt","El Quseir","Mangrove Bay","24/10/2023",25.8697167,34.419,1,"Porites","sp.",206485,1,"Reef edge","CS"
1629,"D5D6","Modern","Egypt","El Quseir","Mangrove Bay","24/10/2023",25.8697167,34.419,10,"Porites","sp.",206485,1,"Reef edge","CS"
1630,"D5D6","Modern","Egypt","El Quseir","Mangrove Bay","24/10/2023",25.8697167,34.419,12,"Porites","sp.",206485,1,"Reef edge","CS"
1630,"D5D6","Modern","Egypt","El Quseir","Mangrove Bay","24/10/2023",25.8697167,34.419,12,"Porites","sp.",206485,1,"Reef edge","CD"
1631,"D5D6","Modern","Egypt","El Quseir","Mangrove Bay","24/10/2023",25.8697167,34.419,2,"Porites","sp.",206485,1,"Reef edge","CS"
1632,"D5D6","Modern","Egypt","El Quseir","Mangrove Bay","24/10/2023",25.8697167,34.419,4,"Porites","sp.",206485,1,"Reef edge","CD"
1632,"D5D6","Modern","Egypt","El Quseir","Mangrove Bay","24/10/2023",25.8697167,34.419,4,"Porites","sp.",206485,1,"Reef edge","CS"
1633,"D5D6","Modern","Egypt","El Quseir","Mangrove Bay","24/10/2023",25.8697167,34.419,6,"Tridacna","maxima",207675,1,"Reef edge","MOLL"
1634,"D5D6","Modern","Egypt","El Quseir","Mangrove Bay","24/10/2023",25.8697167,34.419,5,"Tridacna","maxima",207675,1,"Reef edge","MOLL"
1635,"D5D6","Modern","Egypt","El Quseir","Mangrove Bay","24/10/2023",25.8697167,34.419,12,"Tridacna","maxima",207675,1,"Reef edge","MOLL"
1636,"D5D6","Modern","Egypt","El Quseir","Mangrove Bay","24/10/2023",25.8697167,34.419,8,"Tridacna","sp.",205753,1,"Reef edge","MOLL"
1637,"D5D6","Modern","Egypt","El Quseir","Mangrove Bay","24/10/2023",25.8697167,34.419,16,"Heteroxenia","sp.",204616,1,"Reef edge","SC"
1638,"D5D6","Modern","Egypt","El Quseir","Mangrove Bay","24/10/2023",25.8697167,34.419,30,NA,NA,NA,1,"Reef edge",NA
1639,"E1E2","Modern","Egypt","El Quseir","Mangrove Bay","23/10/2023",25.8697167,34.419,5,NA,NA,NA,3.7,"Shallow reef slope",NA
1639,"E1E2","Modern","Egypt","El Quseir","Mangrove Bay","23/10/2023",25.8697167,34.419,5,NA,NA,NA,3.7,"Shallow reef slope",NA
1640,"E1E2","Modern","Egypt","El Quseir","Mangrove Bay","23/10/2023",25.8697167,34.419,30,NA,NA,NA,3.7,"Shallow reef slope",NA
1640,"E1E2","Modern","Egypt","El Quseir","Mangrove Bay","23/10/2023",25.8697167,34.419,30,NA,NA,NA,3.7,"Shallow reef slope",NA
1641,"E1E2","Modern","Egypt","El Quseir","Mangrove Bay","23/10/2023",25.8697167,34.419,4,NA,NA,NA,3.7,"Shallow reef slope",NA
1641,"E1E2","Modern","Egypt","El Quseir","Mangrove Bay","23/10/2023",25.8697167,34.419,4,NA,NA,NA,3.7,"Shallow reef slope",NA
1641,"E1E2","Modern","Egypt","El Quseir","Mangrove Bay","23/10/2023",25.8697167,34.419,4,NA,NA,NA,3.7,"Shallow reef slope",NA
1642,"E1E2","Modern","Egypt","El Quseir","Mangrove Bay","23/10/2023",25.8697167,34.419,60,NA,NA,NA,3.7,"Shallow reef slope",NA
1642,"E1E2","Modern","Egypt","El Quseir","Mangrove Bay","23/10/2023",25.8697167,34.419,60,NA,NA,NA,3.7,"Shallow reef slope",NA
1643,"E1E2","Modern","Egypt","El Quseir","Mangrove Bay","23/10/2023",25.8697167,34.419,9,NA,NA,NA,3.7,"Shallow reef slope",NA
1643,"E1E2","Modern","Egypt","El Quseir","Mangrove Bay","23/10/2023",25.8697167,34.419,9,NA,NA,NA,3.7,"Shallow reef slope",NA
1643,"E1E2","Modern","Egypt","El Quseir","Mangrove Bay","23/10/2023",25.8697167,34.419,9,NA,NA,NA,3.7,"Shallow reef slope",NA
1643,"E1E2","Modern","Egypt","El Quseir","Mangrove Bay","23/10/2023",25.8697167,34.419,9,NA,NA,NA,3.7,"Shallow reef slope",NA
1644,"E1E2","Modern","Egypt","El Quseir","Mangrove Bay","23/10/2023",25.8697167,34.419,7,NA,NA,NA,3.7,"Shallow reef slope",NA
1644,"E1E2","Modern","Egypt","El Quseir","Mangrove Bay","23/10/2023",25.8697167,34.419,7,NA,NA,NA,3.7,"Shallow reef slope",NA
1645,"E1E2","Modern","Egypt","El Quseir","Mangrove Bay","23/10/2023",25.8697167,34.419,19,NA,NA,NA,3.7,"Shallow reef slope",NA
1645,"E1E2","Modern","Egypt","El Quseir","Mangrove Bay","23/10/2023",25.8697167,34.419,19,NA,NA,NA,3.7,"Shallow reef slope",NA
1646,"E1E2","Modern","Egypt","El Quseir","Mangrove Bay","23/10/2023",25.8697167,34.419,12,NA,NA,NA,3.7,"Shallow reef slope",NA
1646,"E1E2","Modern","Egypt","El Quseir","Mangrove Bay","23/10/2023",25.8697167,34.419,12,NA,NA,NA,3.7,"Shallow reef slope",NA
1647,"E1E2","Modern","Egypt","El Quseir","Mangrove Bay","23/10/2023",25.8697167,34.419,37,NA,NA,NA,3.7,"Shallow reef slope",NA
1648,"E1E2","Modern","Egypt","El Quseir","Mangrove Bay","23/10/2023",25.8697167,34.419,6,NA,NA,NA,3.7,"Shallow reef slope",NA
1648,"E1E2","Modern","Egypt","El Quseir","Mangrove Bay","23/10/2023",25.8697167,34.419,6,NA,NA,NA,3.7,"Shallow reef slope",NA
1648,"E1E2","Modern","Egypt","El Quseir","Mangrove Bay","23/10/2023",25.8697167,34.419,6,NA,NA,NA,3.7,"Shallow reef slope",NA
1649,"E1E2","Modern","Egypt","El Quseir","Mangrove Bay","23/10/2023",25.8697167,34.419,17,NA,NA,NA,3.7,"Shallow reef slope",NA
1649,"E1E2","Modern","Egypt","El Quseir","Mangrove Bay","23/10/2023",25.8697167,34.419,17,NA,NA,NA,3.7,"Shallow reef slope",NA
1650,"E1E2","Modern","Egypt","El Quseir","Mangrove Bay","23/10/2023",25.8697167,34.419,3,NA,NA,NA,3.7,"Shallow reef slope",NA
1650,"E1E2","Modern","Egypt","El Quseir","Mangrove Bay","23/10/2023",25.8697167,34.419,3,NA,NA,NA,3.7,"Shallow reef slope",NA
1651,"E1E2","Modern","Egypt","El Quseir","Mangrove Bay","23/10/2023",25.8697167,34.419,3,NA,NA,NA,3.7,"Shallow reef slope",NA
1651,"E1E2","Modern","Egypt","El Quseir","Mangrove Bay","23/10/2023",25.8697167,34.419,3,NA,NA,NA,3.7,"Shallow reef slope",NA
1652,"E1E2","Modern","Egypt","El Quseir","Mangrove Bay","23/10/2023",25.8697167,34.419,32,NA,NA,NA,3.7,"Shallow reef slope",NA
1653,"E1E2","Modern","Egypt","El Quseir","Mangrove Bay","23/10/2023",25.8697167,34.419,8,NA,NA,NA,3.7,"Shallow reef slope",NA
1654,"E1E2","Modern","Egypt","El Quseir","Mangrove Bay","23/10/2023",25.8697167,34.419,5,NA,NA,NA,3.7,"Shallow reef slope",NA
1654,"E1E2","Modern","Egypt","El Quseir","Mangrove Bay","23/10/2023",25.8697167,34.419,5,NA,NA,NA,3.7,"Shallow reef slope",NA
1655,"E1E2","Modern","Egypt","El Quseir","Mangrove Bay","23/10/2023",25.8697167,34.419,27,NA,NA,NA,3.7,"Shallow reef slope",NA
1656,"E1E2","Modern","Egypt","El Quseir","Mangrove Bay","23/10/2023",25.8697167,34.419,10,NA,NA,NA,3.7,"Shallow reef slope",NA
1656,"E1E2","Modern","Egypt","El Quseir","Mangrove Bay","23/10/2023",25.8697167,34.419,10,NA,NA,NA,3.7,"Shallow reef slope",NA
1656,"E1E2","Modern","Egypt","El Quseir","Mangrove Bay","23/10/2023",25.8697167,34.419,10,NA,NA,NA,3.7,"Shallow reef slope",NA
1656,"E1E2","Modern","Egypt","El Quseir","Mangrove Bay","23/10/2023",25.8697167,34.419,10,NA,NA,NA,3.7,"Shallow reef slope",NA
1657,"E1E2","Modern","Egypt","El Quseir","Mangrove Bay","23/10/2023",25.8697167,34.419,11,NA,NA,NA,3.7,"Shallow reef slope",NA
1657,"E1E2","Modern","Egypt","El Quseir","Mangrove Bay","23/10/2023",25.8697167,34.419,11,NA,NA,NA,3.7,"Shallow reef slope",NA
1658,"E1E2","Modern","Egypt","El Quseir","Mangrove Bay","23/10/2023",25.8697167,34.419,10,NA,NA,NA,3.7,"Shallow reef slope",NA
1658,"E1E2","Modern","Egypt","El Quseir","Mangrove Bay","23/10/2023",25.8697167,34.419,10,NA,NA,NA,3.7,"Shallow reef slope",NA
1658,"E1E2","Modern","Egypt","El Quseir","Mangrove Bay","23/10/2023",25.8697167,34.419,10,NA,NA,NA,3.7,"Shallow reef slope",NA
1658,"E1E2","Modern","Egypt","El Quseir","Mangrove Bay","23/10/2023",25.8697167,34.419,10,NA,NA,NA,3.7,"Shallow reef slope",NA
1659,"E1E2","Modern","Egypt","El Quseir","Mangrove Bay","23/10/2023",25.8697167,34.419,3,NA,NA,NA,3.7,"Shallow reef slope",NA
1659,"E1E2","Modern","Egypt","El Quseir","Mangrove Bay","23/10/2023",25.8697167,34.419,3,NA,NA,NA,3.7,"Shallow reef slope",NA
1660,"E1E2","Modern","Egypt","El Quseir","Mangrove Bay","23/10/2023",25.8697167,34.419,28,NA,NA,NA,3.7,"Shallow reef slope",NA
1661,"E1E2","Modern","Egypt","El Quseir","Mangrove Bay","23/10/2023",25.8697167,34.419,8,"Acropora","sp.",205469,3.7,"Shallow reef slope","ACB"
1662,"E1E2","Modern","Egypt","El Quseir","Mangrove Bay","23/10/2023",25.8697167,34.419,10,"Acropora","hemprichii",288207,3.7,"Shallow reef slope","ACB"
1663,"E1E2","Modern","Egypt","El Quseir","Mangrove Bay","23/10/2023",25.8697167,34.419,10,"Acropora","hemprichii",288207,3.7,"Shallow reef slope","ACB"
1664,"E1E2","Modern","Egypt","El Quseir","Mangrove Bay","23/10/2023",25.8697167,34.419,18,"Acropora","sp.",205469,3.7,"Shallow reef slope","ACD"
1665,"E1E2","Modern","Egypt","El Quseir","Mangrove Bay","23/10/2023",25.8697167,34.419,9,NA,NA,NA,3.7,"Shallow reef slope",NA
1665,"E1E2","Modern","Egypt","El Quseir","Mangrove Bay","23/10/2023",25.8697167,34.419,9,NA,NA,NA,3.7,"Shallow reef slope",NA
1665,"E1E2","Modern","Egypt","El Quseir","Mangrove Bay","23/10/2023",25.8697167,34.419,9,NA,NA,NA,3.7,"Shallow reef slope",NA
1665,"E1E2","Modern","Egypt","El Quseir","Mangrove Bay","23/10/2023",25.8697167,34.419,9,NA,NA,NA,3.7,"Shallow reef slope",NA
1666,"E1E2","Modern","Egypt","El Quseir","Mangrove Bay","23/10/2023",25.8697167,34.419,10,NA,NA,NA,3.7,"Shallow reef slope",NA
1666,"E1E2","Modern","Egypt","El Quseir","Mangrove Bay","23/10/2023",25.8697167,34.419,10,NA,NA,NA,3.7,"Shallow reef slope",NA
1666,"E1E2","Modern","Egypt","El Quseir","Mangrove Bay","23/10/2023",25.8697167,34.419,10,NA,NA,NA,3.7,"Shallow reef slope",NA
1666,"E1E2","Modern","Egypt","El Quseir","Mangrove Bay","23/10/2023",25.8697167,34.419,10,NA,NA,NA,3.7,"Shallow reef slope",NA
1667,"E1E2","Modern","Egypt","El Quseir","Mangrove Bay","23/10/2023",25.8697167,34.419,15,NA,NA,NA,3.7,"Shallow reef slope",NA
1667,"E1E2","Modern","Egypt","El Quseir","Mangrove Bay","23/10/2023",25.8697167,34.419,15,NA,NA,NA,3.7,"Shallow reef slope",NA
1668,"E1E2","Modern","Egypt","El Quseir","Mangrove Bay","23/10/2023",25.8697167,34.419,30,NA,NA,NA,3.7,"Shallow reef slope",NA
1668,"E1E2","Modern","Egypt","El Quseir","Mangrove Bay","23/10/2023",25.8697167,34.419,30,NA,NA,NA,3.7,"Shallow reef slope",NA
1669,"E1E2","Modern","Egypt","El Quseir","Mangrove Bay","23/10/2023",25.8697167,34.419,6,NA,NA,NA,3.7,"Shallow reef slope",NA
1669,"E1E2","Modern","Egypt","El Quseir","Mangrove Bay","23/10/2023",25.8697167,34.419,6,NA,NA,NA,3.7,"Shallow reef slope",NA
1669,"E1E2","Modern","Egypt","El Quseir","Mangrove Bay","23/10/2023",25.8697167,34.419,6,NA,NA,NA,3.7,"Shallow reef slope",NA
1670,"E1E2","Modern","Egypt","El Quseir","Mangrove Bay","23/10/2023",25.8697167,34.419,13,NA,NA,NA,3.7,"Shallow reef slope",NA
1670,"E1E2","Modern","Egypt","El Quseir","Mangrove Bay","23/10/2023",25.8697167,34.419,13,NA,NA,NA,3.7,"Shallow reef slope",NA
1671,"E1E2","Modern","Egypt","El Quseir","Mangrove Bay","23/10/2023",25.8697167,34.419,23,NA,NA,NA,3.7,"Shallow reef slope",NA
1671,"E1E2","Modern","Egypt","El Quseir","Mangrove Bay","23/10/2023",25.8697167,34.419,23,NA,NA,NA,3.7,"Shallow reef slope",NA
1672,"E1E2","Modern","Egypt","El Quseir","Mangrove Bay","23/10/2023",25.8697167,34.419,35,NA,NA,NA,3.7,"Shallow reef slope",NA
1673,"E1E2","Modern","Egypt","El Quseir","Mangrove Bay","23/10/2023",25.8697167,34.419,24,"Pocillopora","verrucosa",206954,3.7,"Shallow reef slope","CB"
1674,"E1E2","Modern","Egypt","El Quseir","Mangrove Bay","23/10/2023",25.8697167,34.419,7,"Pocillopora","sp.",206938,3.7,"Shallow reef slope","CB"
1675,"E1E2","Modern","Egypt","El Quseir","Mangrove Bay","23/10/2023",25.8697167,34.419,8,"Pocillopora","verrucosa",206954,3.7,"Shallow reef slope","CB"
1676,"E1E2","Modern","Egypt","El Quseir","Mangrove Bay","23/10/2023",25.8697167,34.419,15,"Pocillopora","verrucosa",206954,3.7,"Shallow reef slope","CB"
1677,"E1E2","Modern","Egypt","El Quseir","Mangrove Bay","23/10/2023",25.8697167,34.419,20,"Pocillopora","verrucosa",206954,3.7,"Shallow reef slope","CDA"
1677,"E1E2","Modern","Egypt","El Quseir","Mangrove Bay","23/10/2023",25.8697167,34.419,20,"Pocillopora","verrucosa",206954,3.7,"Shallow reef slope","CB"
1678,"E1E2","Modern","Egypt","El Quseir","Mangrove Bay","23/10/2023",25.8697167,34.419,12,"Pocillopora","verrucosa",206954,3.7,"Shallow reef slope","CB"
1679,"E1E2","Modern","Egypt","El Quseir","Mangrove Bay","23/10/2023",25.8697167,34.419,15,"Pocillopora","verrucosa",206954,3.7,"Shallow reef slope","CB"
1680,"E1E2","Modern","Egypt","El Quseir","Mangrove Bay","23/10/2023",25.8697167,34.419,6,"Millepora","dichotoma",NA,3.7,"Shallow reef slope","CD"
1681,"E1E2","Modern","Egypt","El Quseir","Mangrove Bay","23/10/2023",25.8697167,34.419,23,"Millepora","dichotoma",NA,3.7,"Shallow reef slope","CD"
1682,"E1E2","Modern","Egypt","El Quseir","Mangrove Bay","23/10/2023",25.8697167,34.419,50,"Millepora","dichotoma",NA,3.7,"Shallow reef slope","CD"
1683,"E1E2","Modern","Egypt","El Quseir","Mangrove Bay","23/10/2023",25.8697167,34.419,10,"Pocillopora","verrucosa",NA,3.7,"Shallow reef slope","CDA"
1684,"E1E2","Modern","Egypt","El Quseir","Mangrove Bay","23/10/2023",25.8697167,34.419,41,NA,NA,NA,3.7,"Shallow reef slope",NA
1685,"E1E2","Modern","Egypt","El Quseir","Mangrove Bay","23/10/2023",25.8697167,34.419,3,"Porites","sp.",NA,3.7,"Shallow reef slope","CS"
1685,"E1E2","Modern","Egypt","El Quseir","Mangrove Bay","23/10/2023",25.8697167,34.419,3,"Porites","sp.",NA,3.7,"Shallow reef slope","CDA"
1685,"E1E2","Modern","Egypt","El Quseir","Mangrove Bay","23/10/2023",25.8697167,34.419,3,"Porites","sp.",NA,3.7,"Shallow reef slope","CE"
1686,"E1E2","Modern","Egypt","El Quseir","Mangrove Bay","23/10/2023",25.8697167,34.419,10,NA,NA,NA,3.7,"Shallow reef slope",NA
1686,"E1E2","Modern","Egypt","El Quseir","Mangrove Bay","23/10/2023",25.8697167,34.419,10,NA,NA,NA,3.7,"Shallow reef slope",NA
1686,"E1E2","Modern","Egypt","El Quseir","Mangrove Bay","23/10/2023",25.8697167,34.419,10,NA,NA,NA,3.7,"Shallow reef slope",NA
1686,"E1E2","Modern","Egypt","El Quseir","Mangrove Bay","23/10/2023",25.8697167,34.419,10,NA,NA,NA,3.7,"Shallow reef slope",NA
1687,"E1E2","Modern","Egypt","El Quseir","Mangrove Bay","23/10/2023",25.8697167,34.419,13,NA,NA,NA,3.7,"Shallow reef slope",NA
1687,"E1E2","Modern","Egypt","El Quseir","Mangrove Bay","23/10/2023",25.8697167,34.419,13,NA,NA,NA,3.7,"Shallow reef slope",NA
1688,"E1E2","Modern","Egypt","El Quseir","Mangrove Bay","23/10/2023",25.8697167,34.419,20,"Pocillopora","sp.",NA,3.7,"Shallow reef slope","CDA"
1688,"E1E2","Modern","Egypt","El Quseir","Mangrove Bay","23/10/2023",25.8697167,34.419,20,"Pocillopora","sp.",NA,3.7,"Shallow reef slope","CB"
1689,"E1E2","Modern","Egypt","El Quseir","Mangrove Bay","23/10/2023",25.8697167,34.419,14,NA,NA,NA,3.7,"Shallow reef slope",NA
1689,"E1E2","Modern","Egypt","El Quseir","Mangrove Bay","23/10/2023",25.8697167,34.419,14,NA,NA,NA,3.7,"Shallow reef slope",NA
1690,"E1E2","Modern","Egypt","El Quseir","Mangrove Bay","23/10/2023",25.8697167,34.419,31,"Acropora","sp.",NA,3.7,"Shallow reef slope","CDA"
1691,"E1E2","Modern","Egypt","El Quseir","Mangrove Bay","23/10/2023",25.8697167,34.419,0,"Pocillopora","sp.",NA,3.7,"Shallow reef slope","CDA"
1692,"E1E2","Modern","Egypt","El Quseir","Mangrove Bay","23/10/2023",25.8697167,34.419,66,NA,NA,NA,3.7,"Shallow reef slope",NA
1693,"E1E2","Modern","Egypt","El Quseir","Mangrove Bay","23/10/2023",25.8697167,34.419,14,NA,NA,NA,3.7,"Shallow reef slope",NA
1693,"E1E2","Modern","Egypt","El Quseir","Mangrove Bay","23/10/2023",25.8697167,34.419,14,NA,NA,NA,3.7,"Shallow reef slope",NA
1694,"E1E2","Modern","Egypt","El Quseir","Mangrove Bay","23/10/2023",25.8697167,34.419,9,NA,NA,NA,3.7,"Shallow reef slope",NA
1694,"E1E2","Modern","Egypt","El Quseir","Mangrove Bay","23/10/2023",25.8697167,34.419,9,NA,NA,NA,3.7,"Shallow reef slope",NA
1694,"E1E2","Modern","Egypt","El Quseir","Mangrove Bay","23/10/2023",25.8697167,34.419,9,NA,NA,NA,3.7,"Shallow reef slope",NA
1694,"E1E2","Modern","Egypt","El Quseir","Mangrove Bay","23/10/2023",25.8697167,34.419,9,NA,NA,NA,3.7,"Shallow reef slope",NA
1695,"E1E2","Modern","Egypt","El Quseir","Mangrove Bay","23/10/2023",25.8697167,34.419,7,"Leptastrea","purpurea",207470,3.7,"Shallow reef slope","CE"
1696,"E1E2","Modern","Egypt","El Quseir","Mangrove Bay","23/10/2023",25.8697167,34.419,5,"Leptastrea","purpurea",207470,3.7,"Shallow reef slope","CE"
1697,"E1E2","Modern","Egypt","El Quseir","Mangrove Bay","23/10/2023",25.8697167,34.419,2,"Pavona","varians",207303,3.7,"Shallow reef slope","CE"
1698,"E1E2","Modern","Egypt","El Quseir","Mangrove Bay","23/10/2023",25.8697167,34.419,5,"Pavona","varians",207303,3.7,"Shallow reef slope","CE"
1699,"E1E2","Modern","Egypt","El Quseir","Mangrove Bay","23/10/2023",25.8697167,34.419,3,"Pavona","varians",207303,3.7,"Shallow reef slope","CE"
1700,"E1E2","Modern","Egypt","El Quseir","Mangrove Bay","23/10/2023",25.8697167,34.419,4,"Porites","rus",207231,3.7,"Shallow reef slope","CS"
1700,"E1E2","Modern","Egypt","El Quseir","Mangrove Bay","23/10/2023",25.8697167,34.419,4,"Porites","rus",207231,3.7,"Shallow reef slope","CE"
1701,"E1E2","Modern","Egypt","El Quseir","Mangrove Bay","23/10/2023",25.8697167,34.419,3,"Porites","rus",207231,3.7,"Shallow reef slope","CS"
1701,"E1E2","Modern","Egypt","El Quseir","Mangrove Bay","23/10/2023",25.8697167,34.419,3,"Porites","rus",207231,3.7,"Shallow reef slope","CDA"
1701,"E1E2","Modern","Egypt","El Quseir","Mangrove Bay","23/10/2023",25.8697167,34.419,3,"Porites","rus",207231,3.7,"Shallow reef slope","CE"
1702,"E1E2","Modern","Egypt","El Quseir","Mangrove Bay","23/10/2023",25.8697167,34.419,3,"Porites","rus",207231,3.7,"Shallow reef slope","CS"
1702,"E1E2","Modern","Egypt","El Quseir","Mangrove Bay","23/10/2023",25.8697167,34.419,3,"Porites","rus",207231,3.7,"Shallow reef slope","CDA"
1702,"E1E2","Modern","Egypt","El Quseir","Mangrove Bay","23/10/2023",25.8697167,34.419,3,"Porites","rus",207231,3.7,"Shallow reef slope","CE"
1703,"E1E2","Modern","Egypt","El Quseir","Mangrove Bay","23/10/2023",25.8697167,34.419,3,"Porites","sp.",206485,3.7,"Shallow reef slope","CS"
1703,"E1E2","Modern","Egypt","El Quseir","Mangrove Bay","23/10/2023",25.8697167,34.419,3,"Porites","sp.",206485,3.7,"Shallow reef slope","CDA"
1703,"E1E2","Modern","Egypt","El Quseir","Mangrove Bay","23/10/2023",25.8697167,34.419,3,"Porites","sp.",206485,3.7,"Shallow reef slope","CE"
1704,"E1E2","Modern","Egypt","El Quseir","Mangrove Bay","23/10/2023",25.8697167,34.419,20,"Porites","sp.",206485,3.7,"Shallow reef slope","CM"
1704,"E1E2","Modern","Egypt","El Quseir","Mangrove Bay","23/10/2023",25.8697167,34.419,20,"Porites","sp.",206485,3.7,"Shallow reef slope","CS"
1705,"E1E2","Modern","Egypt","El Quseir","Mangrove Bay","23/10/2023",25.8697167,34.419,20,"Porites","sp.",206485,3.7,"Shallow reef slope","CM"
1705,"E1E2","Modern","Egypt","El Quseir","Mangrove Bay","23/10/2023",25.8697167,34.419,20,"Porites","sp.",206485,3.7,"Shallow reef slope","CS"
1706,"E1E2","Modern","Egypt","El Quseir","Mangrove Bay","23/10/2023",25.8697167,34.419,31,"Porites","sp.",206485,3.7,"Shallow reef slope","CM"
1707,"E1E2","Modern","Egypt","El Quseir","Mangrove Bay","23/10/2023",25.8697167,34.419,34,"Porites","sp.",206485,3.7,"Shallow reef slope","CM"
1708,"E1E2","Modern","Egypt","El Quseir","Mangrove Bay","23/10/2023",25.8697167,34.419,50,"Porites","sp.",206485,3.7,"Shallow reef slope","CM"
1709,"E1E2","Modern","Egypt","El Quseir","Mangrove Bay","23/10/2023",25.8697167,34.419,7,"Porites","sp.",206485,3.7,"Shallow reef slope","CS"
1710,"E1E2","Modern","Egypt","El Quseir","Mangrove Bay","23/10/2023",25.8697167,34.419,10,"Porites","sp.",206485,3.7,"Shallow reef slope","CS"
1711,"E1E2","Modern","Egypt","El Quseir","Mangrove Bay","23/10/2023",25.8697167,34.419,16,"Porites","sp.",206485,3.7,"Shallow reef slope","CS"
1712,"E1E2","Modern","Egypt","El Quseir","Mangrove Bay","23/10/2023",25.8697167,34.419,5,"Porites","sp.",206485,3.7,"Shallow reef slope","CS"
1713,"E1E2","Modern","Egypt","El Quseir","Mangrove Bay","23/10/2023",25.8697167,34.419,4,"Porites","sp.",206485,3.7,"Shallow reef slope","CS"
1713,"E1E2","Modern","Egypt","El Quseir","Mangrove Bay","23/10/2023",25.8697167,34.419,4,"Porites","sp.",206485,3.7,"Shallow reef slope","CE"
1714,"E1E2","Modern","Egypt","El Quseir","Mangrove Bay","23/10/2023",25.8697167,34.419,6,"Porites","sp.",206485,3.7,"Shallow reef slope","CS"
1715,"E1E2","Modern","Egypt","El Quseir","Mangrove Bay","23/10/2023",25.8697167,34.419,3,"Porites","sp.",206485,3.7,"Shallow reef slope","CS"
1715,"E1E2","Modern","Egypt","El Quseir","Mangrove Bay","23/10/2023",25.8697167,34.419,3,"Porites","sp.",206485,3.7,"Shallow reef slope","CDA"
1715,"E1E2","Modern","Egypt","El Quseir","Mangrove Bay","23/10/2023",25.8697167,34.419,3,"Porites","sp.",206485,3.7,"Shallow reef slope","CE"
1716,"E1E2","Modern","Egypt","El Quseir","Mangrove Bay","23/10/2023",25.8697167,34.419,14,"Porites","rus",207231,3.7,"Shallow reef slope","CS"
1717,"E1E2","Modern","Egypt","El Quseir","Mangrove Bay","23/10/2023",25.8697167,34.419,1,"Porites","rus",207231,3.7,"Shallow reef slope","CS"
1718,"E1E2","Modern","Egypt","El Quseir","Mangrove Bay","23/10/2023",25.8697167,34.419,18,"Porites","sp.",206485,3.7,"Shallow reef slope","CS"
1719,"E1E2","Modern","Egypt","El Quseir","Mangrove Bay","23/10/2023",25.8697167,34.419,4,"Porites","sp.",206485,3.7,"Shallow reef slope","CS"
1719,"E1E2","Modern","Egypt","El Quseir","Mangrove Bay","23/10/2023",25.8697167,34.419,4,"Porites","sp.",206485,3.7,"Shallow reef slope","CE"
1720,"E1E2","Modern","Egypt","El Quseir","Mangrove Bay","23/10/2023",25.8697167,34.419,3,"Porites","sp.",206485,3.7,"Shallow reef slope","CS"
1720,"E1E2","Modern","Egypt","El Quseir","Mangrove Bay","23/10/2023",25.8697167,34.419,3,"Porites","sp.",206485,3.7,"Shallow reef slope","CDA"
1720,"E1E2","Modern","Egypt","El Quseir","Mangrove Bay","23/10/2023",25.8697167,34.419,3,"Porites","sp.",206485,3.7,"Shallow reef slope","CE"
1721,"E1E2","Modern","Egypt","El Quseir","Mangrove Bay","23/10/2023",25.8697167,34.419,4,"Porites","sp.",206485,3.7,"Shallow reef slope","CS"
1721,"E1E2","Modern","Egypt","El Quseir","Mangrove Bay","23/10/2023",25.8697167,34.419,4,"Porites","sp.",206485,3.7,"Shallow reef slope","CE"
1722,"E1E2","Modern","Egypt","El Quseir","Mangrove Bay","23/10/2023",25.8697167,34.419,6,"Porites","sp.",206485,3.7,"Shallow reef slope","CS"
1723,"E1E2","Modern","Egypt","El Quseir","Mangrove Bay","23/10/2023",25.8697167,34.419,5,"Porites","sp.",206485,3.7,"Shallow reef slope","CS"
1724,"E1E2","Modern","Egypt","El Quseir","Mangrove Bay","23/10/2023",25.8697167,34.419,1,"Porites","sp.",206485,3.7,"Shallow reef slope","CS"
1725,"E1E2","Modern","Egypt","El Quseir","Mangrove Bay","23/10/2023",25.8697167,34.419,7,"Porites","sp.",206485,3.7,"Shallow reef slope","CS"
1726,"E1E2","Modern","Egypt","El Quseir","Mangrove Bay","23/10/2023",25.8697167,34.419,17,"Porites","sp.",206485,3.7,"Shallow reef slope","CS"
1727,"E1E2","Modern","Egypt","El Quseir","Mangrove Bay","23/10/2023",25.8697167,34.419,11,"Porites","rus",207231,3.7,"Shallow reef slope","CS"
1728,"E1E2","Modern","Egypt","El Quseir","Mangrove Bay","23/10/2023",25.8697167,34.419,32,"Porites","sp.",206485,3.7,"Shallow reef slope","CS"
1729,"E1E2","Modern","Egypt","El Quseir","Mangrove Bay","23/10/2023",25.8697167,34.419,20,"Porites","sp.",206485,3.7,"Shallow reef slope","CM"
1729,"E1E2","Modern","Egypt","El Quseir","Mangrove Bay","23/10/2023",25.8697167,34.419,20,"Porites","sp.",206485,3.7,"Shallow reef slope","CS"
1730,"E1E2","Modern","Egypt","El Quseir","Mangrove Bay","23/10/2023",25.8697167,34.419,20,"Porites","sp.",206485,3.7,"Shallow reef slope","CM"
1730,"E1E2","Modern","Egypt","El Quseir","Mangrove Bay","23/10/2023",25.8697167,34.419,20,"Porites","sp.",206485,3.7,"Shallow reef slope","CS"
1731,"E1E2","Modern","Egypt","El Quseir","Mangrove Bay","23/10/2023",25.8697167,34.419,11,"Porites","sp.",206485,3.7,"Shallow reef slope","CS"
1732,"E1E2","Modern","Egypt","El Quseir","Mangrove Bay","23/10/2023",25.8697167,34.419,6,"Porites","sp.",206485,3.7,"Shallow reef slope","CS"
1733,"E1E2","Modern","Egypt","El Quseir","Mangrove Bay","23/10/2023",25.8697167,34.419,6,"Porites","sp.",206485,3.7,"Shallow reef slope","CS"
1734,"E1E2","Modern","Egypt","El Quseir","Mangrove Bay","23/10/2023",25.8697167,34.419,21,"Porites","sp.",206485,3.7,"Shallow reef slope","CS"
1735,"E1E2","Modern","Egypt","El Quseir","Mangrove Bay","23/10/2023",25.8697167,34.419,9,"GAP","GAP",NA,3.7,"Shallow reef slope",NA
1736,"E1E2","Modern","Egypt","El Quseir","Mangrove Bay","23/10/2023",25.8697167,34.419,108,"GAP","GAP",NA,3.7,"Shallow reef slope",NA
1737,"E1E2","Modern","Egypt","El Quseir","Mangrove Bay","23/10/2023",25.8697167,34.419,23,"GAP","GAP",NA,3.7,"Shallow reef slope",NA
1738,"E1E2","Modern","Egypt","El Quseir","Mangrove Bay","23/10/2023",25.8697167,34.419,19,"GAP","GAP",NA,3.7,"Shallow reef slope",NA
1739,"E1E2","Modern","Egypt","El Quseir","Mangrove Bay","23/10/2023",25.8697167,34.419,10,"GAP","GAP",NA,3.7,"Shallow reef slope",NA
1740,"E1E2","Modern","Egypt","El Quseir","Mangrove Bay","23/10/2023",25.8697167,34.419,20,"GAP","GAP",NA,3.7,"Shallow reef slope",NA
1741,"E1E2","Modern","Egypt","El Quseir","Mangrove Bay","23/10/2023",25.8697167,34.419,12,"GAP","GAP",NA,3.7,"Shallow reef slope",NA
1742,"E1E2","Modern","Egypt","El Quseir","Mangrove Bay","23/10/2023",25.8697167,34.419,15,"GAP","GAP",NA,3.7,"Shallow reef slope",NA
1743,"E1E2","Modern","Egypt","El Quseir","Mangrove Bay","23/10/2023",25.8697167,34.419,11,"GAP","GAP",NA,3.7,"Shallow reef slope",NA
1744,"E1E2","Modern","Egypt","El Quseir","Mangrove Bay","23/10/2023",25.8697167,34.419,20,"GAP","GAP",NA,3.7,"Shallow reef slope",NA
1745,"E1E2","Modern","Egypt","El Quseir","Mangrove Bay","23/10/2023",25.8697167,34.419,5,"GAP","GAP",NA,3.7,"Shallow reef slope",NA
1746,"E1E2","Modern","Egypt","El Quseir","Mangrove Bay","23/10/2023",25.8697167,34.419,38,"GAP","GAP",NA,3.7,"Shallow reef slope",NA
1747,"E1E2","Modern","Egypt","El Quseir","Mangrove Bay","23/10/2023",25.8697167,34.419,73,"GAP","GAP",NA,3.7,"Shallow reef slope",NA
1748,"E1E2","Modern","Egypt","El Quseir","Mangrove Bay","23/10/2023",25.8697167,34.419,60,"GAP","GAP",NA,3.7,"Shallow reef slope",NA
1749,"E1E2","Modern","Egypt","El Quseir","Mangrove Bay","23/10/2023",25.8697167,34.419,17,"GAP","GAP",NA,3.7,"Shallow reef slope",NA
1750,"E1E2","Modern","Egypt","El Quseir","Mangrove Bay","23/10/2023",25.8697167,34.419,19,"GAP","GAP",NA,3.7,"Shallow reef slope",NA
1751,"E1E2","Modern","Egypt","El Quseir","Mangrove Bay","23/10/2023",25.8697167,34.419,20,"GAP","GAP",NA,3.7,"Shallow reef slope",NA
1752,"E1E2","Modern","Egypt","El Quseir","Mangrove Bay","23/10/2023",25.8697167,34.419,3,"GAP","GAP",NA,3.7,"Shallow reef slope",NA
1753,"E1E2","Modern","Egypt","El Quseir","Mangrove Bay","23/10/2023",25.8697167,34.419,10,"GAP","GAP",NA,3.7,"Shallow reef slope",NA
1754,"E1E2","Modern","Egypt","El Quseir","Mangrove Bay","23/10/2023",25.8697167,34.419,8,"Tridacna","sp.",205753,3.7,"Shallow reef slope","MOLL"
1755,"E1E2","Modern","Egypt","El Quseir","Mangrove Bay","23/10/2023",25.8697167,34.419,28,"Tridacna","sp.",205753,3.7,"Shallow reef slope","MOLL"
1756,"E1E2","Modern","Egypt","El Quseir","Mangrove Bay","23/10/2023",25.8697167,34.419,11,"Tridacna","sp.",205753,3.7,"Shallow reef slope","MOLL"
1757,"E1E2","Modern","Egypt","El Quseir","Mangrove Bay","23/10/2023",25.8697167,34.419,7,"Tridacna","sp.",205753,3.7,"Shallow reef slope","MOLL"
1758,"E1E2","Modern","Egypt","El Quseir","Mangrove Bay","23/10/2023",25.8697167,34.419,3,"Tridacna","sp.",205753,3.7,"Shallow reef slope","MOLL"
1759,"E1E2","Modern","Egypt","El Quseir","Mangrove Bay","23/10/2023",25.8697167,34.419,5,"Tridacna","sp.",205753,3.7,"Shallow reef slope","MOLL"
1760,"E1E2","Modern","Egypt","El Quseir","Mangrove Bay","23/10/2023",25.8697167,34.419,7,NA,NA,NA,3.7,"Shallow reef slope",NA
1760,"E1E2","Modern","Egypt","El Quseir","Mangrove Bay","23/10/2023",25.8697167,34.419,7,NA,NA,NA,3.7,"Shallow reef slope",NA
1761,"E1E2","Modern","Egypt","El Quseir","Mangrove Bay","23/10/2023",25.8697167,34.419,6,NA,NA,NA,3.7,"Shallow reef slope",NA
1761,"E1E2","Modern","Egypt","El Quseir","Mangrove Bay","23/10/2023",25.8697167,34.419,6,NA,NA,NA,3.7,"Shallow reef slope",NA
1761,"E1E2","Modern","Egypt","El Quseir","Mangrove Bay","23/10/2023",25.8697167,34.419,6,NA,NA,NA,3.7,"Shallow reef slope",NA
1762,"E1E2","Modern","Egypt","El Quseir","Mangrove Bay","23/10/2023",25.8697167,34.419,4,NA,NA,NA,3.7,"Shallow reef slope",NA
1762,"E1E2","Modern","Egypt","El Quseir","Mangrove Bay","23/10/2023",25.8697167,34.419,4,NA,NA,NA,3.7,"Shallow reef slope",NA
1762,"E1E2","Modern","Egypt","El Quseir","Mangrove Bay","23/10/2023",25.8697167,34.419,4,NA,NA,NA,3.7,"Shallow reef slope",NA
1763,"E1E2","Modern","Egypt","El Quseir","Mangrove Bay","23/10/2023",25.8697167,34.419,1,NA,NA,NA,3.7,"Shallow reef slope",NA
1764,"E1E2","Modern","Egypt","El Quseir","Mangrove Bay","23/10/2023",25.8697167,34.419,14,"Heteroxenia","sp.",204616,3.7,"Shallow reef slope","SC"
1765,"E1E2","Modern","Egypt","El Quseir","Mangrove Bay","23/10/2023",25.8697167,34.419,39,"Heteroxenia","sp.",204616,3.7,"Shallow reef slope","SC"
1766,"E1E2","Modern","Egypt","El Quseir","Mangrove Bay","23/10/2023",25.8697167,34.419,3,"Heteroxenia","sp.",204616,3.7,"Shallow reef slope","SC"
1767,"E1E2","Modern","Egypt","El Quseir","Mangrove Bay","23/10/2023",25.8697167,34.419,1,"Heteroxenia","sp.",204616,3.7,"Shallow reef slope","SC"
1768,"E1E2","Modern","Egypt","El Quseir","Mangrove Bay","23/10/2023",25.8697167,34.419,7,"Heteroxenia","sp.",204616,3.7,"Shallow reef slope","SC"
1769,"E1E2","Modern","Egypt","El Quseir","Mangrove Bay","23/10/2023",25.8697167,34.419,2,"Heteroxenia","sp.",204616,3.7,"Shallow reef slope","SC"
1770,"E1E2","Modern","Egypt","El Quseir","Mangrove Bay","23/10/2023",25.8697167,34.419,10,"Heteroxenia","sp.",204616,3.7,"Shallow reef slope","SC"
1771,"E1E2","Modern","Egypt","El Quseir","Mangrove Bay","23/10/2023",25.8697167,34.419,4,"Heteroxenia","sp.",204616,3.7,"Shallow reef slope","SC"
1772,"E1E2","Modern","Egypt","El Quseir","Mangrove Bay","23/10/2023",25.8697167,34.419,15,"Heteroxenia","sp.",204616,3.7,"Shallow reef slope","SC"
1773,"E1E2","Modern","Egypt","El Quseir","Mangrove Bay","23/10/2023",25.8697167,34.419,10,"Heteroxenia","sp.",204616,3.7,"Shallow reef slope","SC"
1774,"E1E2","Modern","Egypt","El Quseir","Mangrove Bay","23/10/2023",25.8697167,34.419,26,"Heteroxenia","sp.",204616,3.7,"Shallow reef slope","SC"
1775,"E1E2","Modern","Egypt","El Quseir","Mangrove Bay","23/10/2023",25.8697167,34.419,5,"Heteroxenia","sp.",204616,3.7,"Shallow reef slope","SC"
1776,"E1E2","Modern","Egypt","El Quseir","Mangrove Bay","23/10/2023",25.8697167,34.419,1,"Heteroxenia","sp.",204616,3.7,"Shallow reef slope","SC"
1777,"E1E2","Modern","Egypt","El Quseir","Mangrove Bay","23/10/2023",25.8697167,34.419,1,"Heteroxenia","sp.",204616,3.7,"Shallow reef slope","SC"
1778,"E1E2","Modern","Egypt","El Quseir","Mangrove Bay","23/10/2023",25.8697167,34.419,5,"Heteroxenia","sp.",204616,3.7,"Shallow reef slope","SC"
1779,"E1E2","Modern","Egypt","El Quseir","Mangrove Bay","23/10/2023",25.8697167,34.419,0,"Heteroxenia","sp.",204616,3.7,"Shallow reef slope","SC"
1780,"E1E2","Modern","Egypt","El Quseir","Mangrove Bay","23/10/2023",25.8697167,34.419,2,NA,NA,NA,3.7,"Shallow reef slope",NA
1781,"E1E2","Modern","Egypt","El Quseir","Mangrove Bay","23/10/2023",25.8697167,34.419,14,NA,NA,NA,3.7,"Shallow reef slope",NA
1781,"E1E2","Modern","Egypt","El Quseir","Mangrove Bay","23/10/2023",25.8697167,34.419,14,NA,NA,NA,3.7,"Shallow reef slope",NA
1782,"E1E2","Modern","Egypt","El Quseir","Mangrove Bay","23/10/2023",25.8697167,34.419,14,NA,NA,NA,3.7,"Shallow reef slope",NA
1782,"E1E2","Modern","Egypt","El Quseir","Mangrove Bay","23/10/2023",25.8697167,34.419,14,NA,NA,NA,3.7,"Shallow reef slope",NA
1783,"E1E2","Modern","Egypt","El Quseir","Mangrove Bay","23/10/2023",25.8697167,34.419,50,NA,NA,NA,3.7,"Shallow reef slope",NA
1784,"E1E2","Modern","Egypt","El Quseir","Mangrove Bay","23/10/2023",25.8697167,34.419,4,NA,NA,NA,3.7,"Shallow reef slope",NA
1784,"E1E2","Modern","Egypt","El Quseir","Mangrove Bay","23/10/2023",25.8697167,34.419,4,NA,NA,NA,3.7,"Shallow reef slope",NA
1784,"E1E2","Modern","Egypt","El Quseir","Mangrove Bay","23/10/2023",25.8697167,34.419,4,NA,NA,NA,3.7,"Shallow reef slope",NA
1785,"E3E4","Modern","Egypt","El Quseir","Mangrove Bay","25/10/2023",25.8697167,34.419,23,NA,NA,NA,4.3,"Shallow reef slope",NA
1786,"E3E4","Modern","Egypt","El Quseir","Mangrove Bay","25/10/2023",25.8697167,34.419,13,NA,NA,NA,4.3,"Shallow reef slope",NA
1786,"E3E4","Modern","Egypt","El Quseir","Mangrove Bay","25/10/2023",25.8697167,34.419,13,NA,NA,NA,4.3,"Shallow reef slope",NA
1787,"E3E4","Modern","Egypt","El Quseir","Mangrove Bay","25/10/2023",25.8697167,34.419,10,NA,NA,NA,4.3,"Shallow reef slope",NA
1788,"E3E4","Modern","Egypt","El Quseir","Mangrove Bay","25/10/2023",25.8697167,34.419,7,NA,NA,NA,4.3,"Shallow reef slope",NA
1789,"E3E4","Modern","Egypt","El Quseir","Mangrove Bay","25/10/2023",25.8697167,34.419,44,NA,NA,NA,4.3,"Shallow reef slope",NA
1790,"E3E4","Modern","Egypt","El Quseir","Mangrove Bay","25/10/2023",25.8697167,34.419,18,NA,NA,NA,4.3,"Shallow reef slope",NA
1790,"E3E4","Modern","Egypt","El Quseir","Mangrove Bay","25/10/2023",25.8697167,34.419,18,NA,NA,NA,4.3,"Shallow reef slope",NA
1791,"E3E4","Modern","Egypt","El Quseir","Mangrove Bay","25/10/2023",25.8697167,34.419,7,NA,NA,NA,4.3,"Shallow reef slope",NA
1792,"E3E4","Modern","Egypt","El Quseir","Mangrove Bay","25/10/2023",25.8697167,34.419,2,NA,NA,NA,4.3,"Shallow reef slope",NA
1792,"E3E4","Modern","Egypt","El Quseir","Mangrove Bay","25/10/2023",25.8697167,34.419,2,NA,NA,NA,4.3,"Shallow reef slope",NA
1792,"E3E4","Modern","Egypt","El Quseir","Mangrove Bay","25/10/2023",25.8697167,34.419,2,NA,NA,NA,4.3,"Shallow reef slope",NA
1792,"E3E4","Modern","Egypt","El Quseir","Mangrove Bay","25/10/2023",25.8697167,34.419,2,NA,NA,NA,4.3,"Shallow reef slope",NA
1792,"E3E4","Modern","Egypt","El Quseir","Mangrove Bay","25/10/2023",25.8697167,34.419,2,NA,NA,NA,4.3,"Shallow reef slope",NA
1793,"E3E4","Modern","Egypt","El Quseir","Mangrove Bay","25/10/2023",25.8697167,34.419,18,NA,NA,NA,4.3,"Shallow reef slope",NA
1793,"E3E4","Modern","Egypt","El Quseir","Mangrove Bay","25/10/2023",25.8697167,34.419,18,NA,NA,NA,4.3,"Shallow reef slope",NA
1794,"E3E4","Modern","Egypt","El Quseir","Mangrove Bay","25/10/2023",25.8697167,34.419,47,NA,NA,NA,4.3,"Shallow reef slope",NA
1795,"E3E4","Modern","Egypt","El Quseir","Mangrove Bay","25/10/2023",25.8697167,34.419,19,NA,NA,NA,4.3,"Shallow reef slope",NA
1796,"E3E4","Modern","Egypt","El Quseir","Mangrove Bay","25/10/2023",25.8697167,34.419,7,NA,NA,NA,4.3,"Shallow reef slope",NA
1797,"E3E4","Modern","Egypt","El Quseir","Mangrove Bay","25/10/2023",25.8697167,34.419,65,NA,NA,NA,4.3,"Shallow reef slope",NA
1798,"E3E4","Modern","Egypt","El Quseir","Mangrove Bay","25/10/2023",25.8697167,34.419,29,NA,NA,NA,4.3,"Shallow reef slope",NA
1798,"E3E4","Modern","Egypt","El Quseir","Mangrove Bay","25/10/2023",25.8697167,34.419,29,NA,NA,NA,4.3,"Shallow reef slope",NA
1799,"E3E4","Modern","Egypt","El Quseir","Mangrove Bay","25/10/2023",25.8697167,34.419,0,NA,NA,NA,4.3,"Shallow reef slope",NA
1799,"E3E4","Modern","Egypt","El Quseir","Mangrove Bay","25/10/2023",25.8697167,34.419,0,NA,NA,NA,4.3,"Shallow reef slope",NA
1799,"E3E4","Modern","Egypt","El Quseir","Mangrove Bay","25/10/2023",25.8697167,34.419,0,NA,NA,NA,4.3,"Shallow reef slope",NA
1800,"E3E4","Modern","Egypt","El Quseir","Mangrove Bay","25/10/2023",25.8697167,34.419,4,NA,NA,NA,4.3,"Shallow reef slope",NA
1800,"E3E4","Modern","Egypt","El Quseir","Mangrove Bay","25/10/2023",25.8697167,34.419,4,NA,NA,NA,4.3,"Shallow reef slope",NA
1800,"E3E4","Modern","Egypt","El Quseir","Mangrove Bay","25/10/2023",25.8697167,34.419,4,NA,NA,NA,4.3,"Shallow reef slope",NA
1800,"E3E4","Modern","Egypt","El Quseir","Mangrove Bay","25/10/2023",25.8697167,34.419,4,NA,NA,NA,4.3,"Shallow reef slope",NA
1801,"E3E4","Modern","Egypt","El Quseir","Mangrove Bay","25/10/2023",25.8697167,34.419,10,NA,NA,NA,4.3,"Shallow reef slope",NA
1802,"E3E4","Modern","Egypt","El Quseir","Mangrove Bay","25/10/2023",25.8697167,34.419,6,NA,NA,NA,4.3,"Shallow reef slope",NA
1802,"E3E4","Modern","Egypt","El Quseir","Mangrove Bay","25/10/2023",25.8697167,34.419,6,NA,NA,NA,4.3,"Shallow reef slope",NA
1802,"E3E4","Modern","Egypt","El Quseir","Mangrove Bay","25/10/2023",25.8697167,34.419,6,NA,NA,NA,4.3,"Shallow reef slope",NA
1803,"E3E4","Modern","Egypt","El Quseir","Mangrove Bay","25/10/2023",25.8697167,34.419,11,NA,NA,NA,4.3,"Shallow reef slope",NA
1804,"E3E4","Modern","Egypt","El Quseir","Mangrove Bay","25/10/2023",25.8697167,34.419,13,NA,NA,NA,4.3,"Shallow reef slope",NA
1804,"E3E4","Modern","Egypt","El Quseir","Mangrove Bay","25/10/2023",25.8697167,34.419,13,NA,NA,NA,4.3,"Shallow reef slope",NA
1805,"E3E4","Modern","Egypt","El Quseir","Mangrove Bay","25/10/2023",25.8697167,34.419,38,NA,NA,NA,4.3,"Shallow reef slope",NA
1806,"E3E4","Modern","Egypt","El Quseir","Mangrove Bay","25/10/2023",25.8697167,34.419,25,NA,NA,NA,4.3,"Shallow reef slope",NA
1806,"E3E4","Modern","Egypt","El Quseir","Mangrove Bay","25/10/2023",25.8697167,34.419,25,NA,NA,NA,4.3,"Shallow reef slope",NA
1807,"E3E4","Modern","Egypt","El Quseir","Mangrove Bay","25/10/2023",25.8697167,34.419,10,NA,NA,NA,4.3,"Shallow reef slope",NA
1808,"E3E4","Modern","Egypt","El Quseir","Mangrove Bay","25/10/2023",25.8697167,34.419,12,NA,NA,NA,4.3,"Shallow reef slope",NA
1808,"E3E4","Modern","Egypt","El Quseir","Mangrove Bay","25/10/2023",25.8697167,34.419,12,NA,NA,NA,4.3,"Shallow reef slope",NA
1808,"E3E4","Modern","Egypt","El Quseir","Mangrove Bay","25/10/2023",25.8697167,34.419,12,NA,NA,NA,4.3,"Shallow reef slope",NA
1808,"E3E4","Modern","Egypt","El Quseir","Mangrove Bay","25/10/2023",25.8697167,34.419,12,NA,NA,NA,4.3,"Shallow reef slope",NA
1809,"E3E4","Modern","Egypt","El Quseir","Mangrove Bay","25/10/2023",25.8697167,34.419,21,NA,NA,NA,4.3,"Shallow reef slope",NA
1810,"E3E4","Modern","Egypt","El Quseir","Mangrove Bay","25/10/2023",25.8697167,34.419,2,NA,NA,NA,4.3,"Shallow reef slope",NA
1810,"E3E4","Modern","Egypt","El Quseir","Mangrove Bay","25/10/2023",25.8697167,34.419,2,NA,NA,NA,4.3,"Shallow reef slope",NA
1810,"E3E4","Modern","Egypt","El Quseir","Mangrove Bay","25/10/2023",25.8697167,34.419,2,NA,NA,NA,4.3,"Shallow reef slope",NA
1810,"E3E4","Modern","Egypt","El Quseir","Mangrove Bay","25/10/2023",25.8697167,34.419,2,NA,NA,NA,4.3,"Shallow reef slope",NA
1810,"E3E4","Modern","Egypt","El Quseir","Mangrove Bay","25/10/2023",25.8697167,34.419,2,NA,NA,NA,4.3,"Shallow reef slope",NA
1811,"E3E4","Modern","Egypt","El Quseir","Mangrove Bay","25/10/2023",25.8697167,34.419,3,NA,NA,NA,4.3,"Shallow reef slope",NA
1811,"E3E4","Modern","Egypt","El Quseir","Mangrove Bay","25/10/2023",25.8697167,34.419,3,NA,NA,NA,4.3,"Shallow reef slope",NA
1811,"E3E4","Modern","Egypt","El Quseir","Mangrove Bay","25/10/2023",25.8697167,34.419,3,NA,NA,NA,4.3,"Shallow reef slope",NA
1811,"E3E4","Modern","Egypt","El Quseir","Mangrove Bay","25/10/2023",25.8697167,34.419,3,NA,NA,NA,4.3,"Shallow reef slope",NA
1811,"E3E4","Modern","Egypt","El Quseir","Mangrove Bay","25/10/2023",25.8697167,34.419,3,NA,NA,NA,4.3,"Shallow reef slope",NA
1811,"E3E4","Modern","Egypt","El Quseir","Mangrove Bay","25/10/2023",25.8697167,34.419,3,NA,NA,NA,4.3,"Shallow reef slope",NA
1812,"E3E4","Modern","Egypt","El Quseir","Mangrove Bay","25/10/2023",25.8697167,34.419,0,NA,NA,NA,4.3,"Shallow reef slope",NA
1812,"E3E4","Modern","Egypt","El Quseir","Mangrove Bay","25/10/2023",25.8697167,34.419,0,NA,NA,NA,4.3,"Shallow reef slope",NA
1812,"E3E4","Modern","Egypt","El Quseir","Mangrove Bay","25/10/2023",25.8697167,34.419,0,NA,NA,NA,4.3,"Shallow reef slope",NA
1813,"E3E4","Modern","Egypt","El Quseir","Mangrove Bay","25/10/2023",25.8697167,34.419,2,NA,NA,NA,4.3,"Shallow reef slope",NA
1813,"E3E4","Modern","Egypt","El Quseir","Mangrove Bay","25/10/2023",25.8697167,34.419,2,NA,NA,NA,4.3,"Shallow reef slope",NA
1813,"E3E4","Modern","Egypt","El Quseir","Mangrove Bay","25/10/2023",25.8697167,34.419,2,NA,NA,NA,4.3,"Shallow reef slope",NA
1813,"E3E4","Modern","Egypt","El Quseir","Mangrove Bay","25/10/2023",25.8697167,34.419,2,NA,NA,NA,4.3,"Shallow reef slope",NA
1813,"E3E4","Modern","Egypt","El Quseir","Mangrove Bay","25/10/2023",25.8697167,34.419,2,NA,NA,NA,4.3,"Shallow reef slope",NA
1814,"E3E4","Modern","Egypt","El Quseir","Mangrove Bay","25/10/2023",25.8697167,34.419,40,NA,NA,NA,4.3,"Shallow reef slope",NA
1815,"E3E4","Modern","Egypt","El Quseir","Mangrove Bay","25/10/2023",25.8697167,34.419,19,NA,NA,NA,4.3,"Shallow reef slope",NA
1816,"E3E4","Modern","Egypt","El Quseir","Mangrove Bay","25/10/2023",25.8697167,34.419,58,NA,NA,NA,4.3,"Shallow reef slope",NA
1817,"E3E4","Modern","Egypt","El Quseir","Mangrove Bay","25/10/2023",25.8697167,34.419,11,NA,NA,NA,4.3,"Shallow reef slope",NA
1818,"E3E4","Modern","Egypt","El Quseir","Mangrove Bay","25/10/2023",25.8697167,34.419,7,NA,NA,NA,4.3,"Shallow reef slope",NA
1819,"E3E4","Modern","Egypt","El Quseir","Mangrove Bay","25/10/2023",25.8697167,34.419,10,NA,NA,NA,4.3,"Shallow reef slope",NA
1820,"E3E4","Modern","Egypt","El Quseir","Mangrove Bay","25/10/2023",25.8697167,34.419,26,NA,NA,NA,4.3,"Shallow reef slope",NA
1821,"E3E4","Modern","Egypt","El Quseir","Mangrove Bay","25/10/2023",25.8697167,34.419,6,NA,NA,NA,4.3,"Shallow reef slope",NA
1821,"E3E4","Modern","Egypt","El Quseir","Mangrove Bay","25/10/2023",25.8697167,34.419,6,NA,NA,NA,4.3,"Shallow reef slope",NA
1821,"E3E4","Modern","Egypt","El Quseir","Mangrove Bay","25/10/2023",25.8697167,34.419,6,NA,NA,NA,4.3,"Shallow reef slope",NA
1822,"E3E4","Modern","Egypt","El Quseir","Mangrove Bay","25/10/2023",25.8697167,34.419,18,NA,NA,NA,4.3,"Shallow reef slope",NA
1822,"E3E4","Modern","Egypt","El Quseir","Mangrove Bay","25/10/2023",25.8697167,34.419,18,NA,NA,NA,4.3,"Shallow reef slope",NA
1823,"E3E4","Modern","Egypt","El Quseir","Mangrove Bay","25/10/2023",25.8697167,34.419,66,NA,NA,NA,4.3,"Shallow reef slope",NA
1824,"E3E4","Modern","Egypt","El Quseir","Mangrove Bay","25/10/2023",25.8697167,34.419,2,NA,NA,NA,4.3,"Shallow reef slope",NA
1824,"E3E4","Modern","Egypt","El Quseir","Mangrove Bay","25/10/2023",25.8697167,34.419,2,NA,NA,NA,4.3,"Shallow reef slope",NA
1824,"E3E4","Modern","Egypt","El Quseir","Mangrove Bay","25/10/2023",25.8697167,34.419,2,NA,NA,NA,4.3,"Shallow reef slope",NA
1824,"E3E4","Modern","Egypt","El Quseir","Mangrove Bay","25/10/2023",25.8697167,34.419,2,NA,NA,NA,4.3,"Shallow reef slope",NA
1824,"E3E4","Modern","Egypt","El Quseir","Mangrove Bay","25/10/2023",25.8697167,34.419,2,NA,NA,NA,4.3,"Shallow reef slope",NA
1825,"E3E4","Modern","Egypt","El Quseir","Mangrove Bay","25/10/2023",25.8697167,34.419,12,NA,NA,NA,4.3,"Shallow reef slope",NA
1825,"E3E4","Modern","Egypt","El Quseir","Mangrove Bay","25/10/2023",25.8697167,34.419,12,NA,NA,NA,4.3,"Shallow reef slope",NA
1825,"E3E4","Modern","Egypt","El Quseir","Mangrove Bay","25/10/2023",25.8697167,34.419,12,NA,NA,NA,4.3,"Shallow reef slope",NA
1825,"E3E4","Modern","Egypt","El Quseir","Mangrove Bay","25/10/2023",25.8697167,34.419,12,NA,NA,NA,4.3,"Shallow reef slope",NA
1826,"E3E4","Modern","Egypt","El Quseir","Mangrove Bay","25/10/2023",25.8697167,34.419,3,NA,NA,NA,4.3,"Shallow reef slope",NA
1826,"E3E4","Modern","Egypt","El Quseir","Mangrove Bay","25/10/2023",25.8697167,34.419,3,NA,NA,NA,4.3,"Shallow reef slope",NA
1826,"E3E4","Modern","Egypt","El Quseir","Mangrove Bay","25/10/2023",25.8697167,34.419,3,NA,NA,NA,4.3,"Shallow reef slope",NA
1826,"E3E4","Modern","Egypt","El Quseir","Mangrove Bay","25/10/2023",25.8697167,34.419,3,NA,NA,NA,4.3,"Shallow reef slope",NA
1826,"E3E4","Modern","Egypt","El Quseir","Mangrove Bay","25/10/2023",25.8697167,34.419,3,NA,NA,NA,4.3,"Shallow reef slope",NA
1826,"E3E4","Modern","Egypt","El Quseir","Mangrove Bay","25/10/2023",25.8697167,34.419,3,NA,NA,NA,4.3,"Shallow reef slope",NA
1827,"E3E4","Modern","Egypt","El Quseir","Mangrove Bay","25/10/2023",25.8697167,34.419,2,NA,NA,NA,4.3,"Shallow reef slope",NA
1827,"E3E4","Modern","Egypt","El Quseir","Mangrove Bay","25/10/2023",25.8697167,34.419,2,NA,NA,NA,4.3,"Shallow reef slope",NA
1827,"E3E4","Modern","Egypt","El Quseir","Mangrove Bay","25/10/2023",25.8697167,34.419,2,NA,NA,NA,4.3,"Shallow reef slope",NA
1827,"E3E4","Modern","Egypt","El Quseir","Mangrove Bay","25/10/2023",25.8697167,34.419,2,NA,NA,NA,4.3,"Shallow reef slope",NA
1827,"E3E4","Modern","Egypt","El Quseir","Mangrove Bay","25/10/2023",25.8697167,34.419,2,NA,NA,NA,4.3,"Shallow reef slope",NA
1828,"E3E4","Modern","Egypt","El Quseir","Mangrove Bay","25/10/2023",25.8697167,34.419,12,NA,NA,NA,4.3,"Shallow reef slope",NA
1828,"E3E4","Modern","Egypt","El Quseir","Mangrove Bay","25/10/2023",25.8697167,34.419,12,NA,NA,NA,4.3,"Shallow reef slope",NA
1828,"E3E4","Modern","Egypt","El Quseir","Mangrove Bay","25/10/2023",25.8697167,34.419,12,NA,NA,NA,4.3,"Shallow reef slope",NA
1828,"E3E4","Modern","Egypt","El Quseir","Mangrove Bay","25/10/2023",25.8697167,34.419,12,NA,NA,NA,4.3,"Shallow reef slope",NA
1829,"E3E4","Modern","Egypt","El Quseir","Mangrove Bay","25/10/2023",25.8697167,34.419,18,NA,NA,NA,4.3,"Shallow reef slope",NA
1829,"E3E4","Modern","Egypt","El Quseir","Mangrove Bay","25/10/2023",25.8697167,34.419,18,NA,NA,NA,4.3,"Shallow reef slope",NA
1830,"E3E4","Modern","Egypt","El Quseir","Mangrove Bay","25/10/2023",25.8697167,34.419,11,NA,NA,NA,4.3,"Shallow reef slope",NA
1831,"E3E4","Modern","Egypt","El Quseir","Mangrove Bay","25/10/2023",25.8697167,34.419,4,NA,NA,NA,4.3,"Shallow reef slope",NA
1831,"E3E4","Modern","Egypt","El Quseir","Mangrove Bay","25/10/2023",25.8697167,34.419,4,NA,NA,NA,4.3,"Shallow reef slope",NA
1831,"E3E4","Modern","Egypt","El Quseir","Mangrove Bay","25/10/2023",25.8697167,34.419,4,NA,NA,NA,4.3,"Shallow reef slope",NA
1831,"E3E4","Modern","Egypt","El Quseir","Mangrove Bay","25/10/2023",25.8697167,34.419,4,NA,NA,NA,4.3,"Shallow reef slope",NA
1832,"E3E4","Modern","Egypt","El Quseir","Mangrove Bay","25/10/2023",25.8697167,34.419,3,NA,NA,NA,4.3,"Shallow reef slope",NA
1832,"E3E4","Modern","Egypt","El Quseir","Mangrove Bay","25/10/2023",25.8697167,34.419,3,NA,NA,NA,4.3,"Shallow reef slope",NA
1832,"E3E4","Modern","Egypt","El Quseir","Mangrove Bay","25/10/2023",25.8697167,34.419,3,NA,NA,NA,4.3,"Shallow reef slope",NA
1832,"E3E4","Modern","Egypt","El Quseir","Mangrove Bay","25/10/2023",25.8697167,34.419,3,NA,NA,NA,4.3,"Shallow reef slope",NA
1832,"E3E4","Modern","Egypt","El Quseir","Mangrove Bay","25/10/2023",25.8697167,34.419,3,NA,NA,NA,4.3,"Shallow reef slope",NA
1832,"E3E4","Modern","Egypt","El Quseir","Mangrove Bay","25/10/2023",25.8697167,34.419,3,NA,NA,NA,4.3,"Shallow reef slope",NA
1833,"E3E4","Modern","Egypt","El Quseir","Mangrove Bay","25/10/2023",25.8697167,34.419,64,NA,NA,NA,4.3,"Shallow reef slope",NA
1833,"E3E4","Modern","Egypt","El Quseir","Mangrove Bay","25/10/2023",25.8697167,34.419,64,NA,NA,NA,4.3,"Shallow reef slope",NA
1834,"E3E4","Modern","Egypt","El Quseir","Mangrove Bay","25/10/2023",25.8697167,34.419,5,NA,NA,NA,4.3,"Shallow reef slope",NA
1834,"E3E4","Modern","Egypt","El Quseir","Mangrove Bay","25/10/2023",25.8697167,34.419,5,NA,NA,NA,4.3,"Shallow reef slope",NA
1834,"E3E4","Modern","Egypt","El Quseir","Mangrove Bay","25/10/2023",25.8697167,34.419,5,NA,NA,NA,4.3,"Shallow reef slope",NA
1834,"E3E4","Modern","Egypt","El Quseir","Mangrove Bay","25/10/2023",25.8697167,34.419,5,NA,NA,NA,4.3,"Shallow reef slope",NA
1834,"E3E4","Modern","Egypt","El Quseir","Mangrove Bay","25/10/2023",25.8697167,34.419,5,NA,NA,NA,4.3,"Shallow reef slope",NA
1835,"E3E4","Modern","Egypt","El Quseir","Mangrove Bay","25/10/2023",25.8697167,34.419,56,NA,NA,NA,4.3,"Shallow reef slope",NA
1836,"E3E4","Modern","Egypt","El Quseir","Mangrove Bay","25/10/2023",25.8697167,34.419,7,NA,NA,NA,4.3,"Shallow reef slope",NA
1837,"E3E4","Modern","Egypt","El Quseir","Mangrove Bay","25/10/2023",25.8697167,34.419,12,NA,NA,NA,4.3,"Shallow reef slope",NA
1837,"E3E4","Modern","Egypt","El Quseir","Mangrove Bay","25/10/2023",25.8697167,34.419,12,NA,NA,NA,4.3,"Shallow reef slope",NA
1837,"E3E4","Modern","Egypt","El Quseir","Mangrove Bay","25/10/2023",25.8697167,34.419,12,NA,NA,NA,4.3,"Shallow reef slope",NA
1837,"E3E4","Modern","Egypt","El Quseir","Mangrove Bay","25/10/2023",25.8697167,34.419,12,NA,NA,NA,4.3,"Shallow reef slope",NA
1838,"E3E4","Modern","Egypt","El Quseir","Mangrove Bay","25/10/2023",25.8697167,34.419,6,NA,NA,NA,4.3,"Shallow reef slope",NA
1838,"E3E4","Modern","Egypt","El Quseir","Mangrove Bay","25/10/2023",25.8697167,34.419,6,NA,NA,NA,4.3,"Shallow reef slope",NA
1838,"E3E4","Modern","Egypt","El Quseir","Mangrove Bay","25/10/2023",25.8697167,34.419,6,NA,NA,NA,4.3,"Shallow reef slope",NA
1839,"E3E4","Modern","Egypt","El Quseir","Mangrove Bay","25/10/2023",25.8697167,34.419,19,NA,NA,NA,4.3,"Shallow reef slope",NA
1840,"E3E4","Modern","Egypt","El Quseir","Mangrove Bay","25/10/2023",25.8697167,34.419,16,NA,NA,NA,4.3,"Shallow reef slope",NA
1840,"E3E4","Modern","Egypt","El Quseir","Mangrove Bay","25/10/2023",25.8697167,34.419,16,NA,NA,NA,4.3,"Shallow reef slope",NA
1841,"E3E4","Modern","Egypt","El Quseir","Mangrove Bay","25/10/2023",25.8697167,34.419,6,NA,NA,NA,4.3,"Shallow reef slope",NA
1841,"E3E4","Modern","Egypt","El Quseir","Mangrove Bay","25/10/2023",25.8697167,34.419,6,NA,NA,NA,4.3,"Shallow reef slope",NA
1841,"E3E4","Modern","Egypt","El Quseir","Mangrove Bay","25/10/2023",25.8697167,34.419,6,NA,NA,NA,4.3,"Shallow reef slope",NA
1842,"E3E4","Modern","Egypt","El Quseir","Mangrove Bay","25/10/2023",25.8697167,34.419,2,NA,NA,NA,4.3,"Shallow reef slope",NA
1842,"E3E4","Modern","Egypt","El Quseir","Mangrove Bay","25/10/2023",25.8697167,34.419,2,NA,NA,NA,4.3,"Shallow reef slope",NA
1842,"E3E4","Modern","Egypt","El Quseir","Mangrove Bay","25/10/2023",25.8697167,34.419,2,NA,NA,NA,4.3,"Shallow reef slope",NA
1842,"E3E4","Modern","Egypt","El Quseir","Mangrove Bay","25/10/2023",25.8697167,34.419,2,NA,NA,NA,4.3,"Shallow reef slope",NA
1842,"E3E4","Modern","Egypt","El Quseir","Mangrove Bay","25/10/2023",25.8697167,34.419,2,NA,NA,NA,4.3,"Shallow reef slope",NA
1843,"E3E4","Modern","Egypt","El Quseir","Mangrove Bay","25/10/2023",25.8697167,34.419,32,NA,NA,NA,4.3,"Shallow reef slope",NA
1844,"E3E4","Modern","Egypt","El Quseir","Mangrove Bay","25/10/2023",25.8697167,34.419,130,NA,NA,NA,4.3,"Shallow reef slope",NA
1845,"E3E4","Modern","Egypt","El Quseir","Mangrove Bay","25/10/2023",25.8697167,34.419,43,NA,NA,NA,4.3,"Shallow reef slope",NA
1846,"E3E4","Modern","Egypt","El Quseir","Mangrove Bay","25/10/2023",25.8697167,34.419,63,NA,NA,NA,4.3,"Shallow reef slope",NA
1847,"E3E4","Modern","Egypt","El Quseir","Mangrove Bay","25/10/2023",25.8697167,34.419,8,NA,NA,NA,4.3,"Shallow reef slope",NA
1847,"E3E4","Modern","Egypt","El Quseir","Mangrove Bay","25/10/2023",25.8697167,34.419,8,NA,NA,NA,4.3,"Shallow reef slope",NA
1848,"E3E4","Modern","Egypt","El Quseir","Mangrove Bay","25/10/2023",25.8697167,34.419,50,NA,NA,NA,4.3,"Shallow reef slope",NA
1849,"E3E4","Modern","Egypt","El Quseir","Mangrove Bay","25/10/2023",25.8697167,34.419,3,"Acropora","sp.",205469,4.3,"Shallow reef slope","ACB"
1850,"E3E4","Modern","Egypt","El Quseir","Mangrove Bay","25/10/2023",25.8697167,34.419,7,"Acropora","squarrosa",207053,4.3,"Shallow reef slope","ACB"
1851,"E3E4","Modern","Egypt","El Quseir","Mangrove Bay","25/10/2023",25.8697167,34.419,1,NA,NA,NA,4.3,"Shallow reef slope",NA
1852,"E3E4","Modern","Egypt","El Quseir","Mangrove Bay","25/10/2023",25.8697167,34.419,0,NA,NA,NA,4.3,"Shallow reef slope",NA
1852,"E3E4","Modern","Egypt","El Quseir","Mangrove Bay","25/10/2023",25.8697167,34.419,0,NA,NA,NA,4.3,"Shallow reef slope",NA
1852,"E3E4","Modern","Egypt","El Quseir","Mangrove Bay","25/10/2023",25.8697167,34.419,0,NA,NA,NA,4.3,"Shallow reef slope",NA
1853,"E3E4","Modern","Egypt","El Quseir","Mangrove Bay","25/10/2023",25.8697167,34.419,5,NA,NA,NA,4.3,"Shallow reef slope",NA
1853,"E3E4","Modern","Egypt","El Quseir","Mangrove Bay","25/10/2023",25.8697167,34.419,5,NA,NA,NA,4.3,"Shallow reef slope",NA
1853,"E3E4","Modern","Egypt","El Quseir","Mangrove Bay","25/10/2023",25.8697167,34.419,5,NA,NA,NA,4.3,"Shallow reef slope",NA
1853,"E3E4","Modern","Egypt","El Quseir","Mangrove Bay","25/10/2023",25.8697167,34.419,5,NA,NA,NA,4.3,"Shallow reef slope",NA
1853,"E3E4","Modern","Egypt","El Quseir","Mangrove Bay","25/10/2023",25.8697167,34.419,5,NA,NA,NA,4.3,"Shallow reef slope",NA
1854,"E3E4","Modern","Egypt","El Quseir","Mangrove Bay","25/10/2023",25.8697167,34.419,5,NA,NA,NA,4.3,"Shallow reef slope",NA
1854,"E3E4","Modern","Egypt","El Quseir","Mangrove Bay","25/10/2023",25.8697167,34.419,5,NA,NA,NA,4.3,"Shallow reef slope",NA
1854,"E3E4","Modern","Egypt","El Quseir","Mangrove Bay","25/10/2023",25.8697167,34.419,5,NA,NA,NA,4.3,"Shallow reef slope",NA
1854,"E3E4","Modern","Egypt","El Quseir","Mangrove Bay","25/10/2023",25.8697167,34.419,5,NA,NA,NA,4.3,"Shallow reef slope",NA
1854,"E3E4","Modern","Egypt","El Quseir","Mangrove Bay","25/10/2023",25.8697167,34.419,5,NA,NA,NA,4.3,"Shallow reef slope",NA
1855,"E3E4","Modern","Egypt","El Quseir","Mangrove Bay","25/10/2023",25.8697167,34.419,1,NA,NA,NA,4.3,"Shallow reef slope",NA
1856,"E3E4","Modern","Egypt","El Quseir","Mangrove Bay","25/10/2023",25.8697167,34.419,4,NA,NA,NA,4.3,"Shallow reef slope",NA
1856,"E3E4","Modern","Egypt","El Quseir","Mangrove Bay","25/10/2023",25.8697167,34.419,4,NA,NA,NA,4.3,"Shallow reef slope",NA
1856,"E3E4","Modern","Egypt","El Quseir","Mangrove Bay","25/10/2023",25.8697167,34.419,4,NA,NA,NA,4.3,"Shallow reef slope",NA
1856,"E3E4","Modern","Egypt","El Quseir","Mangrove Bay","25/10/2023",25.8697167,34.419,4,NA,NA,NA,4.3,"Shallow reef slope",NA
1857,"E3E4","Modern","Egypt","El Quseir","Mangrove Bay","25/10/2023",25.8697167,34.419,5,NA,NA,NA,4.3,"Shallow reef slope",NA
1857,"E3E4","Modern","Egypt","El Quseir","Mangrove Bay","25/10/2023",25.8697167,34.419,5,NA,NA,NA,4.3,"Shallow reef slope",NA
1857,"E3E4","Modern","Egypt","El Quseir","Mangrove Bay","25/10/2023",25.8697167,34.419,5,NA,NA,NA,4.3,"Shallow reef slope",NA
1857,"E3E4","Modern","Egypt","El Quseir","Mangrove Bay","25/10/2023",25.8697167,34.419,5,NA,NA,NA,4.3,"Shallow reef slope",NA
1857,"E3E4","Modern","Egypt","El Quseir","Mangrove Bay","25/10/2023",25.8697167,34.419,5,NA,NA,NA,4.3,"Shallow reef slope",NA
1858,"E3E4","Modern","Egypt","El Quseir","Mangrove Bay","25/10/2023",25.8697167,34.419,1,NA,NA,NA,4.3,"Shallow reef slope",NA
1859,"E3E4","Modern","Egypt","El Quseir","Mangrove Bay","25/10/2023",25.8697167,34.419,13,NA,NA,NA,4.3,"Shallow reef slope",NA
1859,"E3E4","Modern","Egypt","El Quseir","Mangrove Bay","25/10/2023",25.8697167,34.419,13,NA,NA,NA,4.3,"Shallow reef slope",NA
1860,"E3E4","Modern","Egypt","El Quseir","Mangrove Bay","25/10/2023",25.8697167,34.419,3,NA,NA,NA,4.3,"Shallow reef slope",NA
1860,"E3E4","Modern","Egypt","El Quseir","Mangrove Bay","25/10/2023",25.8697167,34.419,3,NA,NA,NA,4.3,"Shallow reef slope",NA
1860,"E3E4","Modern","Egypt","El Quseir","Mangrove Bay","25/10/2023",25.8697167,34.419,3,NA,NA,NA,4.3,"Shallow reef slope",NA
1860,"E3E4","Modern","Egypt","El Quseir","Mangrove Bay","25/10/2023",25.8697167,34.419,3,NA,NA,NA,4.3,"Shallow reef slope",NA
1860,"E3E4","Modern","Egypt","El Quseir","Mangrove Bay","25/10/2023",25.8697167,34.419,3,NA,NA,NA,4.3,"Shallow reef slope",NA
1860,"E3E4","Modern","Egypt","El Quseir","Mangrove Bay","25/10/2023",25.8697167,34.419,3,NA,NA,NA,4.3,"Shallow reef slope",NA
1861,"E3E4","Modern","Egypt","El Quseir","Mangrove Bay","25/10/2023",25.8697167,34.419,18,NA,NA,NA,4.3,"Shallow reef slope",NA
1861,"E3E4","Modern","Egypt","El Quseir","Mangrove Bay","25/10/2023",25.8697167,34.419,18,NA,NA,NA,4.3,"Shallow reef slope",NA
1862,"E3E4","Modern","Egypt","El Quseir","Mangrove Bay","25/10/2023",25.8697167,34.419,20,NA,NA,NA,4.3,"Shallow reef slope",NA
1863,"E3E4","Modern","Egypt","El Quseir","Mangrove Bay","25/10/2023",25.8697167,34.419,3,NA,NA,NA,4.3,"Shallow reef slope",NA
1863,"E3E4","Modern","Egypt","El Quseir","Mangrove Bay","25/10/2023",25.8697167,34.419,3,NA,NA,NA,4.3,"Shallow reef slope",NA
1863,"E3E4","Modern","Egypt","El Quseir","Mangrove Bay","25/10/2023",25.8697167,34.419,3,NA,NA,NA,4.3,"Shallow reef slope",NA
1863,"E3E4","Modern","Egypt","El Quseir","Mangrove Bay","25/10/2023",25.8697167,34.419,3,NA,NA,NA,4.3,"Shallow reef slope",NA
1863,"E3E4","Modern","Egypt","El Quseir","Mangrove Bay","25/10/2023",25.8697167,34.419,3,NA,NA,NA,4.3,"Shallow reef slope",NA
1863,"E3E4","Modern","Egypt","El Quseir","Mangrove Bay","25/10/2023",25.8697167,34.419,3,NA,NA,NA,4.3,"Shallow reef slope",NA
1864,"E3E4","Modern","Egypt","El Quseir","Mangrove Bay","25/10/2023",25.8697167,34.419,12,NA,NA,NA,4.3,"Shallow reef slope",NA
1864,"E3E4","Modern","Egypt","El Quseir","Mangrove Bay","25/10/2023",25.8697167,34.419,12,NA,NA,NA,4.3,"Shallow reef slope",NA
1864,"E3E4","Modern","Egypt","El Quseir","Mangrove Bay","25/10/2023",25.8697167,34.419,12,NA,NA,NA,4.3,"Shallow reef slope",NA
1864,"E3E4","Modern","Egypt","El Quseir","Mangrove Bay","25/10/2023",25.8697167,34.419,12,NA,NA,NA,4.3,"Shallow reef slope",NA
1865,"E3E4","Modern","Egypt","El Quseir","Mangrove Bay","25/10/2023",25.8697167,34.419,3,"Pocillopora","sp.",206938,4.3,"Shallow reef slope","CB"
1866,"E3E4","Modern","Egypt","El Quseir","Mangrove Bay","25/10/2023",25.8697167,34.419,1,"Pocillopora","damicornis",206953,4.3,"Shallow reef slope","CB"
1867,"E3E4","Modern","Egypt","El Quseir","Mangrove Bay","25/10/2023",25.8697167,34.419,9,"Pocillopora","damicornis",206953,4.3,"Shallow reef slope","CB"
1868,"E3E4","Modern","Egypt","El Quseir","Mangrove Bay","25/10/2023",25.8697167,34.419,5,"Pocillopora","damicornis",206953,4.3,"Shallow reef slope","CB"
1869,"E3E4","Modern","Egypt","El Quseir","Mangrove Bay","25/10/2023",25.8697167,34.419,9,"Stylophora","sp.",204068,4.3,"Shallow reef slope","CB"
1870,"E3E4","Modern","Egypt","El Quseir","Mangrove Bay","25/10/2023",25.8697167,34.419,5,"Millepora","platyphylla",NA,4.3,"Shallow reef slope","CD"
1871,"E3E4","Modern","Egypt","El Quseir","Mangrove Bay","25/10/2023",25.8697167,34.419,1,"Millepora","platyphylla",NA,4.3,"Shallow reef slope","CD"
1872,"E3E4","Modern","Egypt","El Quseir","Mangrove Bay","25/10/2023",25.8697167,34.419,2,"Millepora","platyphylla",NA,4.3,"Shallow reef slope","CD"
1873,"E3E4","Modern","Egypt","El Quseir","Mangrove Bay","25/10/2023",25.8697167,34.419,4,"Millepora","platyphylla",NA,4.3,"Shallow reef slope","CD"
1874,"E3E4","Modern","Egypt","El Quseir","Mangrove Bay","25/10/2023",25.8697167,34.419,6,"Millepora","platyphylla",NA,4.3,"Shallow reef slope","CD"
1875,"E3E4","Modern","Egypt","El Quseir","Mangrove Bay","25/10/2023",25.8697167,34.419,3,"Millepora","exaesa",NA,4.3,"Shallow reef slope","CD"
1876,"E3E4","Modern","Egypt","El Quseir","Mangrove Bay","25/10/2023",25.8697167,34.419,104,"Stylophora","sp.",NA,4.3,"Shallow reef slope","CDA"
1877,"E3E4","Modern","Egypt","El Quseir","Mangrove Bay","25/10/2023",25.8697167,34.419,2,NA,NA,NA,4.3,"Shallow reef slope",NA
1877,"E3E4","Modern","Egypt","El Quseir","Mangrove Bay","25/10/2023",25.8697167,34.419,2,NA,NA,NA,4.3,"Shallow reef slope",NA
1877,"E3E4","Modern","Egypt","El Quseir","Mangrove Bay","25/10/2023",25.8697167,34.419,2,NA,NA,NA,4.3,"Shallow reef slope",NA
1877,"E3E4","Modern","Egypt","El Quseir","Mangrove Bay","25/10/2023",25.8697167,34.419,2,NA,NA,NA,4.3,"Shallow reef slope",NA
1877,"E3E4","Modern","Egypt","El Quseir","Mangrove Bay","25/10/2023",25.8697167,34.419,2,NA,NA,NA,4.3,"Shallow reef slope",NA
1878,"E3E4","Modern","Egypt","El Quseir","Mangrove Bay","25/10/2023",25.8697167,34.419,12,"Acropora","sp.",NA,4.3,"Shallow reef slope","CDA"
1879,"E3E4","Modern","Egypt","El Quseir","Mangrove Bay","25/10/2023",25.8697167,34.419,6,"Pocillopora","sp.",NA,4.3,"Shallow reef slope","CDA"
1880,"E3E4","Modern","Egypt","El Quseir","Mangrove Bay","25/10/2023",25.8697167,34.419,1,"Porites","sp.",NA,4.3,"Shallow reef slope","CS"
1880,"E3E4","Modern","Egypt","El Quseir","Mangrove Bay","25/10/2023",25.8697167,34.419,1,"Porites","sp.",NA,4.3,"Shallow reef slope","CDA"
1881,"E3E4","Modern","Egypt","El Quseir","Mangrove Bay","25/10/2023",25.8697167,34.419,9,NA,NA,NA,4.3,"Shallow reef slope",NA
1882,"E3E4","Modern","Egypt","El Quseir","Mangrove Bay","25/10/2023",25.8697167,34.419,3,NA,NA,NA,4.3,"Shallow reef slope",NA
1882,"E3E4","Modern","Egypt","El Quseir","Mangrove Bay","25/10/2023",25.8697167,34.419,3,NA,NA,NA,4.3,"Shallow reef slope",NA
1882,"E3E4","Modern","Egypt","El Quseir","Mangrove Bay","25/10/2023",25.8697167,34.419,3,NA,NA,NA,4.3,"Shallow reef slope",NA
1882,"E3E4","Modern","Egypt","El Quseir","Mangrove Bay","25/10/2023",25.8697167,34.419,3,NA,NA,NA,4.3,"Shallow reef slope",NA
1882,"E3E4","Modern","Egypt","El Quseir","Mangrove Bay","25/10/2023",25.8697167,34.419,3,NA,NA,NA,4.3,"Shallow reef slope",NA
1882,"E3E4","Modern","Egypt","El Quseir","Mangrove Bay","25/10/2023",25.8697167,34.419,3,NA,NA,NA,4.3,"Shallow reef slope",NA
1883,"E3E4","Modern","Egypt","El Quseir","Mangrove Bay","25/10/2023",25.8697167,34.419,29,NA,NA,NA,4.3,"Shallow reef slope",NA
1883,"E3E4","Modern","Egypt","El Quseir","Mangrove Bay","25/10/2023",25.8697167,34.419,29,NA,NA,NA,4.3,"Shallow reef slope",NA
1884,"E3E4","Modern","Egypt","El Quseir","Mangrove Bay","25/10/2023",25.8697167,34.419,22,"Millepora","platyphylla",NA,4.3,"Shallow reef slope","CDA"
1885,"E3E4","Modern","Egypt","El Quseir","Mangrove Bay","25/10/2023",25.8697167,34.419,5,NA,NA,NA,4.3,"Shallow reef slope",NA
1885,"E3E4","Modern","Egypt","El Quseir","Mangrove Bay","25/10/2023",25.8697167,34.419,5,NA,NA,NA,4.3,"Shallow reef slope",NA
1885,"E3E4","Modern","Egypt","El Quseir","Mangrove Bay","25/10/2023",25.8697167,34.419,5,NA,NA,NA,4.3,"Shallow reef slope",NA
1885,"E3E4","Modern","Egypt","El Quseir","Mangrove Bay","25/10/2023",25.8697167,34.419,5,NA,NA,NA,4.3,"Shallow reef slope",NA
1885,"E3E4","Modern","Egypt","El Quseir","Mangrove Bay","25/10/2023",25.8697167,34.419,5,NA,NA,NA,4.3,"Shallow reef slope",NA
1886,"E3E4","Modern","Egypt","El Quseir","Mangrove Bay","25/10/2023",25.8697167,34.419,10,"Acropora","sp.",NA,4.3,"Shallow reef slope","CDA"
1887,"E3E4","Modern","Egypt","El Quseir","Mangrove Bay","25/10/2023",25.8697167,34.419,12,NA,NA,NA,4.3,"Shallow reef slope",NA
1887,"E3E4","Modern","Egypt","El Quseir","Mangrove Bay","25/10/2023",25.8697167,34.419,12,NA,NA,NA,4.3,"Shallow reef slope",NA
1887,"E3E4","Modern","Egypt","El Quseir","Mangrove Bay","25/10/2023",25.8697167,34.419,12,NA,NA,NA,4.3,"Shallow reef slope",NA
1887,"E3E4","Modern","Egypt","El Quseir","Mangrove Bay","25/10/2023",25.8697167,34.419,12,NA,NA,NA,4.3,"Shallow reef slope",NA
1888,"E3E4","Modern","Egypt","El Quseir","Mangrove Bay","25/10/2023",25.8697167,34.419,7,"Pavona","sp.",206614,4.3,"Shallow reef slope","CE"
1889,"E3E4","Modern","Egypt","El Quseir","Mangrove Bay","25/10/2023",25.8697167,34.419,6,"Leptoseris","mycetoseroides",207283,4.3,"Shallow reef slope","CE"
1890,"E3E4","Modern","Egypt","El Quseir","Mangrove Bay","25/10/2023",25.8697167,34.419,4,"Cyphastrea","kausti",843628,4.3,"Shallow reef slope","CE"
1891,"E3E4","Modern","Egypt","El Quseir","Mangrove Bay","25/10/2023",25.8697167,34.419,7,"Montipora","maeandrina",207188,4.3,"Shallow reef slope","CE"
1892,"E3E4","Modern","Egypt","El Quseir","Mangrove Bay","25/10/2023",25.8697167,34.419,5,"Porites","rus",207231,4.3,"Shallow reef slope","CS"
1892,"E3E4","Modern","Egypt","El Quseir","Mangrove Bay","25/10/2023",25.8697167,34.419,5,"Porites","rus",207231,4.3,"Shallow reef slope","CE"
1893,"E3E4","Modern","Egypt","El Quseir","Mangrove Bay","25/10/2023",25.8697167,34.419,11,"Gardineroseris","planulata",207274,4.3,"Shallow reef slope","CE"
1894,"E3E4","Modern","Egypt","El Quseir","Mangrove Bay","25/10/2023",25.8697167,34.419,8,"Goniastrea","edwardsi",207466,4.3,"Shallow reef slope","CM"
1895,"E3E4","Modern","Egypt","El Quseir","Mangrove Bay","25/10/2023",25.8697167,34.419,4,"Porites","sp.",206485,4.3,"Shallow reef slope","CS"
1896,"E3E4","Modern","Egypt","El Quseir","Mangrove Bay","25/10/2023",25.8697167,34.419,7,"Porites","sp.",206485,4.3,"Shallow reef slope","CS"
1897,"E3E4","Modern","Egypt","El Quseir","Mangrove Bay","25/10/2023",25.8697167,34.419,4,"Porites","sp.",206485,4.3,"Shallow reef slope","CS"
1898,"E3E4","Modern","Egypt","El Quseir","Mangrove Bay","25/10/2023",25.8697167,34.419,2,"Porites","sp.",206485,4.3,"Shallow reef slope","CS"
1899,"E3E4","Modern","Egypt","El Quseir","Mangrove Bay","25/10/2023",25.8697167,34.419,1,"Porites","sp.",206485,4.3,"Shallow reef slope","CS"
1899,"E3E4","Modern","Egypt","El Quseir","Mangrove Bay","25/10/2023",25.8697167,34.419,1,"Porites","sp.",206485,4.3,"Shallow reef slope","CDA"
1900,"E3E4","Modern","Egypt","El Quseir","Mangrove Bay","25/10/2023",25.8697167,34.419,1,"Porites","sp.",206485,4.3,"Shallow reef slope","CS"
1900,"E3E4","Modern","Egypt","El Quseir","Mangrove Bay","25/10/2023",25.8697167,34.419,1,"Porites","sp.",206485,4.3,"Shallow reef slope","CDA"
1901,"E3E4","Modern","Egypt","El Quseir","Mangrove Bay","25/10/2023",25.8697167,34.419,2,"Porites","sp.",206485,4.3,"Shallow reef slope","CS"
1902,"E3E4","Modern","Egypt","El Quseir","Mangrove Bay","25/10/2023",25.8697167,34.419,5,"Porites","sp.",206485,4.3,"Shallow reef slope","CS"
1902,"E3E4","Modern","Egypt","El Quseir","Mangrove Bay","25/10/2023",25.8697167,34.419,5,"Porites","sp.",206485,4.3,"Shallow reef slope","CE"
1903,"E3E4","Modern","Egypt","El Quseir","Mangrove Bay","25/10/2023",25.8697167,34.419,13,"Porites","sp.",206485,4.3,"Shallow reef slope","CS"
1904,"E3E4","Modern","Egypt","El Quseir","Mangrove Bay","25/10/2023",25.8697167,34.419,10,"Porites","sp.",206485,4.3,"Shallow reef slope","CS"
1905,"E3E4","Modern","Egypt","El Quseir","Mangrove Bay","25/10/2023",25.8697167,34.419,3,"Porites","sp.",206485,4.3,"Shallow reef slope","CS"
1906,"E3E4","Modern","Egypt","El Quseir","Mangrove Bay","25/10/2023",25.8697167,34.419,9,"Porites","sp.",206485,4.3,"Shallow reef slope","CS"
1907,"E3E4","Modern","Egypt","El Quseir","Mangrove Bay","25/10/2023",25.8697167,34.419,8,"Porites","sp.",206485,4.3,"Shallow reef slope","CS"
1908,"E3E4","Modern","Egypt","El Quseir","Mangrove Bay","25/10/2023",25.8697167,34.419,6,"Porites","sp.",206485,4.3,"Shallow reef slope","CS"
1909,"E3E4","Modern","Egypt","El Quseir","Mangrove Bay","25/10/2023",25.8697167,34.419,4,"Porites","sp.",206485,4.3,"Shallow reef slope","CS"
1910,"E3E4","Modern","Egypt","El Quseir","Mangrove Bay","25/10/2023",25.8697167,34.419,1,"Porites","sp.",206485,4.3,"Shallow reef slope","CS"
1910,"E3E4","Modern","Egypt","El Quseir","Mangrove Bay","25/10/2023",25.8697167,34.419,1,"Porites","sp.",206485,4.3,"Shallow reef slope","CDA"
1911,"E3E4","Modern","Egypt","El Quseir","Mangrove Bay","25/10/2023",25.8697167,34.419,6,"Porites","sp.",206485,4.3,"Shallow reef slope","CS"
1912,"E3E4","Modern","Egypt","El Quseir","Mangrove Bay","25/10/2023",25.8697167,34.419,6,"Porites","sp.",206485,4.3,"Shallow reef slope","CS"
1913,"E3E4","Modern","Egypt","El Quseir","Mangrove Bay","25/10/2023",25.8697167,34.419,8,"Porites","sp.",206485,4.3,"Shallow reef slope","CS"
1914,"E3E4","Modern","Egypt","El Quseir","Mangrove Bay","25/10/2023",25.8697167,34.419,7,"Porites","sp.",206485,4.3,"Shallow reef slope","CS"
1915,"E3E4","Modern","Egypt","El Quseir","Mangrove Bay","25/10/2023",25.8697167,34.419,12,"Porites","sp.",206485,4.3,"Shallow reef slope","CS"
1916,"E3E4","Modern","Egypt","El Quseir","Mangrove Bay","25/10/2023",25.8697167,34.419,15,"Porites","sp.",206485,4.3,"Shallow reef slope","CS"
1917,"E3E4","Modern","Egypt","El Quseir","Mangrove Bay","25/10/2023",25.8697167,34.419,8,"Porites","sp.",206485,4.3,"Shallow reef slope","CS"
1918,"E3E4","Modern","Egypt","El Quseir","Mangrove Bay","25/10/2023",25.8697167,34.419,5,"Porites","sp.",206485,4.3,"Shallow reef slope","CS"
1918,"E3E4","Modern","Egypt","El Quseir","Mangrove Bay","25/10/2023",25.8697167,34.419,5,"Porites","sp.",206485,4.3,"Shallow reef slope","CE"
1919,"E3E4","Modern","Egypt","El Quseir","Mangrove Bay","25/10/2023",25.8697167,34.419,5,"Porites","sp.",206485,4.3,"Shallow reef slope","CS"
1919,"E3E4","Modern","Egypt","El Quseir","Mangrove Bay","25/10/2023",25.8697167,34.419,5,"Porites","sp.",206485,4.3,"Shallow reef slope","CE"
1920,"E3E4","Modern","Egypt","El Quseir","Mangrove Bay","25/10/2023",25.8697167,34.419,5,"Porites","sp.",206485,4.3,"Shallow reef slope","CS"
1920,"E3E4","Modern","Egypt","El Quseir","Mangrove Bay","25/10/2023",25.8697167,34.419,5,"Porites","sp.",206485,4.3,"Shallow reef slope","CE"
1921,"E3E4","Modern","Egypt","El Quseir","Mangrove Bay","25/10/2023",25.8697167,34.419,9,"Porites","rus",207231,4.3,"Shallow reef slope","CS"
1922,"E3E4","Modern","Egypt","El Quseir","Mangrove Bay","25/10/2023",25.8697167,34.419,5,"Porites","sp.",206485,4.3,"Shallow reef slope","CS"
1922,"E3E4","Modern","Egypt","El Quseir","Mangrove Bay","25/10/2023",25.8697167,34.419,5,"Porites","sp.",206485,4.3,"Shallow reef slope","CE"
1923,"E3E4","Modern","Egypt","El Quseir","Mangrove Bay","25/10/2023",25.8697167,34.419,3,"Porites","sp.",206485,4.3,"Shallow reef slope","CS"
1924,"E3E4","Modern","Egypt","El Quseir","Mangrove Bay","25/10/2023",25.8697167,34.419,4,"Porites","sp.",206485,4.3,"Shallow reef slope","CS"
1925,"E3E4","Modern","Egypt","El Quseir","Mangrove Bay","25/10/2023",25.8697167,34.419,5,"Porites","sp.",206485,4.3,"Shallow reef slope","CS"
1925,"E3E4","Modern","Egypt","El Quseir","Mangrove Bay","25/10/2023",25.8697167,34.419,5,"Porites","sp.",206485,4.3,"Shallow reef slope","CE"
1926,"E3E4","Modern","Egypt","El Quseir","Mangrove Bay","25/10/2023",25.8697167,34.419,4,"Porites","sp.",206485,4.3,"Shallow reef slope","CS"
1927,"E3E4","Modern","Egypt","El Quseir","Mangrove Bay","25/10/2023",25.8697167,34.419,3,"Porites","sp.",206485,4.3,"Shallow reef slope","CS"
1928,"E3E4","Modern","Egypt","El Quseir","Mangrove Bay","25/10/2023",25.8697167,34.419,2,"Porites","sp.",206485,4.3,"Shallow reef slope","CS"
1929,"E3E4","Modern","Egypt","El Quseir","Mangrove Bay","25/10/2023",25.8697167,34.419,6,"Porites","sp.",206485,4.3,"Shallow reef slope","CS"
1930,"E3E4","Modern","Egypt","El Quseir","Mangrove Bay","25/10/2023",25.8697167,34.419,3,"Porites","sp.",206485,4.3,"Shallow reef slope","CS"
1931,"E3E4","Modern","Egypt","El Quseir","Mangrove Bay","25/10/2023",25.8697167,34.419,2,"Porites","sp.",206485,4.3,"Shallow reef slope","CS"
1932,"E3E4","Modern","Egypt","El Quseir","Mangrove Bay","25/10/2023",25.8697167,34.419,6,"Porites","sp.",206485,4.3,"Shallow reef slope","CS"
1933,"E3E4","Modern","Egypt","El Quseir","Mangrove Bay","25/10/2023",25.8697167,34.419,4,"Porites","sp.",206485,4.3,"Shallow reef slope","CS"
1934,"E3E4","Modern","Egypt","El Quseir","Mangrove Bay","25/10/2023",25.8697167,34.419,4,"Porites","sp.",206485,4.3,"Shallow reef slope","CS"
1935,"E3E4","Modern","Egypt","El Quseir","Mangrove Bay","25/10/2023",25.8697167,34.419,1,"Porites","sp.",206485,4.3,"Shallow reef slope","CS"
1935,"E3E4","Modern","Egypt","El Quseir","Mangrove Bay","25/10/2023",25.8697167,34.419,1,"Porites","sp.",206485,4.3,"Shallow reef slope","CDA"
1936,"E3E4","Modern","Egypt","El Quseir","Mangrove Bay","25/10/2023",25.8697167,34.419,7,"Goniastrea","edwardsi",207466,4.3,"Shallow reef slope","CS"
1937,"E3E4","Modern","Egypt","El Quseir","Mangrove Bay","25/10/2023",25.8697167,34.419,4,"GAP","GAP",NA,4.3,"Shallow reef slope",NA
1938,"E3E4","Modern","Egypt","El Quseir","Mangrove Bay","25/10/2023",25.8697167,34.419,64,"GAP","GAP",NA,4.3,"Shallow reef slope",NA
1939,"E3E4","Modern","Egypt","El Quseir","Mangrove Bay","25/10/2023",25.8697167,34.419,15,"GAP","GAP",NA,4.3,"Shallow reef slope",NA
1940,"E3E4","Modern","Egypt","El Quseir","Mangrove Bay","25/10/2023",25.8697167,34.419,16,"GAP","GAP",NA,4.3,"Shallow reef slope",NA
1941,"E3E4","Modern","Egypt","El Quseir","Mangrove Bay","25/10/2023",25.8697167,34.419,2,"GAP","GAP",NA,4.3,"Shallow reef slope",NA
1942,"E3E4","Modern","Egypt","El Quseir","Mangrove Bay","25/10/2023",25.8697167,34.419,1,"Tridacna","sp.",205753,4.3,"Shallow reef slope","MOLL"
1943,"E3E4","Modern","Egypt","El Quseir","Mangrove Bay","25/10/2023",25.8697167,34.419,10,"Tridacna","sp.",205753,4.3,"Shallow reef slope","MOLL"
1944,"E3E4","Modern","Egypt","El Quseir","Mangrove Bay","25/10/2023",25.8697167,34.419,18,"Tridacna","sp.",205753,4.3,"Shallow reef slope","MOLL"
1945,"E3E4","Modern","Egypt","El Quseir","Mangrove Bay","25/10/2023",25.8697167,34.419,6,NA,NA,NA,4.3,"Shallow reef slope",NA
1945,"E3E4","Modern","Egypt","El Quseir","Mangrove Bay","25/10/2023",25.8697167,34.419,6,NA,NA,NA,4.3,"Shallow reef slope",NA
1945,"E3E4","Modern","Egypt","El Quseir","Mangrove Bay","25/10/2023",25.8697167,34.419,6,NA,NA,NA,4.3,"Shallow reef slope",NA
1946,"E3E4","Modern","Egypt","El Quseir","Mangrove Bay","25/10/2023",25.8697167,34.419,8,NA,NA,NA,4.3,"Shallow reef slope",NA
1946,"E3E4","Modern","Egypt","El Quseir","Mangrove Bay","25/10/2023",25.8697167,34.419,8,NA,NA,NA,4.3,"Shallow reef slope",NA
1947,"E3E4","Modern","Egypt","El Quseir","Mangrove Bay","25/10/2023",25.8697167,34.419,3,NA,NA,NA,4.3,"Shallow reef slope",NA
1947,"E3E4","Modern","Egypt","El Quseir","Mangrove Bay","25/10/2023",25.8697167,34.419,3,NA,NA,NA,4.3,"Shallow reef slope",NA
1947,"E3E4","Modern","Egypt","El Quseir","Mangrove Bay","25/10/2023",25.8697167,34.419,3,NA,NA,NA,4.3,"Shallow reef slope",NA
1947,"E3E4","Modern","Egypt","El Quseir","Mangrove Bay","25/10/2023",25.8697167,34.419,3,NA,NA,NA,4.3,"Shallow reef slope",NA
1947,"E3E4","Modern","Egypt","El Quseir","Mangrove Bay","25/10/2023",25.8697167,34.419,3,NA,NA,NA,4.3,"Shallow reef slope",NA
1947,"E3E4","Modern","Egypt","El Quseir","Mangrove Bay","25/10/2023",25.8697167,34.419,3,NA,NA,NA,4.3,"Shallow reef slope",NA
1948,"E3E4","Modern","Egypt","El Quseir","Mangrove Bay","25/10/2023",25.8697167,34.419,1,"Heteroxenia","sp.",204616,4.3,"Shallow reef slope","SC"
1949,"E3E4","Modern","Egypt","El Quseir","Mangrove Bay","25/10/2023",25.8697167,34.419,6,"Heteroxenia","sp.",204616,4.3,"Shallow reef slope","SC"
1950,"E3E4","Modern","Egypt","El Quseir","Mangrove Bay","25/10/2023",25.8697167,34.419,0,"Heteroxenia","sp.",204616,4.3,"Shallow reef slope","SC"
1951,"E3E4","Modern","Egypt","El Quseir","Mangrove Bay","25/10/2023",25.8697167,34.419,8,"Heteroxenia","sp.",204616,4.3,"Shallow reef slope","SC"
1952,"E3E4","Modern","Egypt","El Quseir","Mangrove Bay","25/10/2023",25.8697167,34.419,8,"Heteroxenia","sp.",204616,4.3,"Shallow reef slope","SC"
1953,"E3E4","Modern","Egypt","El Quseir","Mangrove Bay","25/10/2023",25.8697167,34.419,5,NA,NA,NA,4.3,"Shallow reef slope",NA
1953,"E3E4","Modern","Egypt","El Quseir","Mangrove Bay","25/10/2023",25.8697167,34.419,5,NA,NA,NA,4.3,"Shallow reef slope",NA
1953,"E3E4","Modern","Egypt","El Quseir","Mangrove Bay","25/10/2023",25.8697167,34.419,5,NA,NA,NA,4.3,"Shallow reef slope",NA
1953,"E3E4","Modern","Egypt","El Quseir","Mangrove Bay","25/10/2023",25.8697167,34.419,5,NA,NA,NA,4.3,"Shallow reef slope",NA
1953,"E3E4","Modern","Egypt","El Quseir","Mangrove Bay","25/10/2023",25.8697167,34.419,5,NA,NA,NA,4.3,"Shallow reef slope",NA
1954,"E3E4","Modern","Egypt","El Quseir","Mangrove Bay","25/10/2023",25.8697167,34.419,25,NA,NA,NA,4.3,"Shallow reef slope",NA
1954,"E3E4","Modern","Egypt","El Quseir","Mangrove Bay","25/10/2023",25.8697167,34.419,25,NA,NA,NA,4.3,"Shallow reef slope",NA
1955,"E3E4","Modern","Egypt","El Quseir","Mangrove Bay","25/10/2023",25.8697167,34.419,45,"Heteroxenia","sp.",204616,4.3,"Shallow reef slope","SC"
1956,"E3E4","Modern","Egypt","El Quseir","Mangrove Bay","25/10/2023",25.8697167,34.419,24,NA,NA,NA,4.3,"Shallow reef slope",NA
1957,"E3E4","Modern","Egypt","El Quseir","Mangrove Bay","25/10/2023",25.8697167,34.419,27,"Heteroxenia","sp.",204616,4.3,"Shallow reef slope","SC"
1958,"E3E4","Modern","Egypt","El Quseir","Mangrove Bay","25/10/2023",25.8697167,34.419,4,NA,NA,NA,4.3,"Shallow reef slope",NA
1958,"E3E4","Modern","Egypt","El Quseir","Mangrove Bay","25/10/2023",25.8697167,34.419,4,NA,NA,NA,4.3,"Shallow reef slope",NA
1958,"E3E4","Modern","Egypt","El Quseir","Mangrove Bay","25/10/2023",25.8697167,34.419,4,NA,NA,NA,4.3,"Shallow reef slope",NA
1958,"E3E4","Modern","Egypt","El Quseir","Mangrove Bay","25/10/2023",25.8697167,34.419,4,NA,NA,NA,4.3,"Shallow reef slope",NA
1959,"E3E4","Modern","Egypt","El Quseir","Mangrove Bay","25/10/2023",25.8697167,34.419,10,"Heteroxenia","sp.",204616,4.3,"Shallow reef slope","SC"
1960,"E3E4","Modern","Egypt","El Quseir","Mangrove Bay","25/10/2023",25.8697167,34.419,17,NA,NA,NA,4.3,"Shallow reef slope",NA
1961,"E3E4","Modern","Egypt","El Quseir","Mangrove Bay","25/10/2023",25.8697167,34.419,22,NA,NA,NA,4.3,"Shallow reef slope",NA
1962,"E3E4","Modern","Egypt","El Quseir","Mangrove Bay","25/10/2023",25.8697167,34.419,15,"Heteroxenia","sp.",204616,4.3,"Shallow reef slope","SC"
1963,"E3E4","Modern","Egypt","El Quseir","Mangrove Bay","25/10/2023",25.8697167,34.419,6,NA,NA,NA,4.3,"Shallow reef slope",NA
1963,"E3E4","Modern","Egypt","El Quseir","Mangrove Bay","25/10/2023",25.8697167,34.419,6,NA,NA,NA,4.3,"Shallow reef slope",NA
1963,"E3E4","Modern","Egypt","El Quseir","Mangrove Bay","25/10/2023",25.8697167,34.419,6,NA,NA,NA,4.3,"Shallow reef slope",NA
1964,"E3E4","Modern","Egypt","El Quseir","Mangrove Bay","25/10/2023",25.8697167,34.419,35,NA,NA,NA,4.3,"Shallow reef slope",NA
1965,"E3E4","Modern","Egypt","El Quseir","Mangrove Bay","25/10/2023",25.8697167,34.419,2,NA,NA,NA,4.3,"Shallow reef slope",NA
1965,"E3E4","Modern","Egypt","El Quseir","Mangrove Bay","25/10/2023",25.8697167,34.419,2,NA,NA,NA,4.3,"Shallow reef slope",NA
1965,"E3E4","Modern","Egypt","El Quseir","Mangrove Bay","25/10/2023",25.8697167,34.419,2,NA,NA,NA,4.3,"Shallow reef slope",NA
1965,"E3E4","Modern","Egypt","El Quseir","Mangrove Bay","25/10/2023",25.8697167,34.419,2,NA,NA,NA,4.3,"Shallow reef slope",NA
1965,"E3E4","Modern","Egypt","El Quseir","Mangrove Bay","25/10/2023",25.8697167,34.419,2,NA,NA,NA,4.3,"Shallow reef slope",NA
1966,"E3E4","Modern","Egypt","El Quseir","Mangrove Bay","25/10/2023",25.8697167,34.419,5,NA,NA,NA,4.3,"Shallow reef slope",NA
1966,"E3E4","Modern","Egypt","El Quseir","Mangrove Bay","25/10/2023",25.8697167,34.419,5,NA,NA,NA,4.3,"Shallow reef slope",NA
1966,"E3E4","Modern","Egypt","El Quseir","Mangrove Bay","25/10/2023",25.8697167,34.419,5,NA,NA,NA,4.3,"Shallow reef slope",NA
1966,"E3E4","Modern","Egypt","El Quseir","Mangrove Bay","25/10/2023",25.8697167,34.419,5,NA,NA,NA,4.3,"Shallow reef slope",NA
1966,"E3E4","Modern","Egypt","El Quseir","Mangrove Bay","25/10/2023",25.8697167,34.419,5,NA,NA,NA,4.3,"Shallow reef slope",NA
1967,"E3E4","Modern","Egypt","El Quseir","Mangrove Bay","25/10/2023",25.8697167,34.419,14,NA,NA,NA,4.3,"Shallow reef slope",NA
1968,"E3E4","Modern","Egypt","El Quseir","Mangrove Bay","25/10/2023",25.8697167,34.419,5,NA,NA,NA,4.3,"Shallow reef slope",NA
1968,"E3E4","Modern","Egypt","El Quseir","Mangrove Bay","25/10/2023",25.8697167,34.419,5,NA,NA,NA,4.3,"Shallow reef slope",NA
1968,"E3E4","Modern","Egypt","El Quseir","Mangrove Bay","25/10/2023",25.8697167,34.419,5,NA,NA,NA,4.3,"Shallow reef slope",NA
1968,"E3E4","Modern","Egypt","El Quseir","Mangrove Bay","25/10/2023",25.8697167,34.419,5,NA,NA,NA,4.3,"Shallow reef slope",NA
1968,"E3E4","Modern","Egypt","El Quseir","Mangrove Bay","25/10/2023",25.8697167,34.419,5,NA,NA,NA,4.3,"Shallow reef slope",NA
1969,"E3E4","Modern","Egypt","El Quseir","Mangrove Bay","25/10/2023",25.8697167,34.419,3,NA,NA,NA,4.3,"Shallow reef slope",NA
1969,"E3E4","Modern","Egypt","El Quseir","Mangrove Bay","25/10/2023",25.8697167,34.419,3,NA,NA,NA,4.3,"Shallow reef slope",NA
1969,"E3E4","Modern","Egypt","El Quseir","Mangrove Bay","25/10/2023",25.8697167,34.419,3,NA,NA,NA,4.3,"Shallow reef slope",NA
1969,"E3E4","Modern","Egypt","El Quseir","Mangrove Bay","25/10/2023",25.8697167,34.419,3,NA,NA,NA,4.3,"Shallow reef slope",NA
1969,"E3E4","Modern","Egypt","El Quseir","Mangrove Bay","25/10/2023",25.8697167,34.419,3,NA,NA,NA,4.3,"Shallow reef slope",NA
1969,"E3E4","Modern","Egypt","El Quseir","Mangrove Bay","25/10/2023",25.8697167,34.419,3,NA,NA,NA,4.3,"Shallow reef slope",NA
1970,"E3E4","Modern","Egypt","El Quseir","Mangrove Bay","25/10/2023",25.8697167,34.419,6,NA,NA,NA,4.3,"Shallow reef slope",NA
1970,"E3E4","Modern","Egypt","El Quseir","Mangrove Bay","25/10/2023",25.8697167,34.419,6,NA,NA,NA,4.3,"Shallow reef slope",NA
1970,"E3E4","Modern","Egypt","El Quseir","Mangrove Bay","25/10/2023",25.8697167,34.419,6,NA,NA,NA,4.3,"Shallow reef slope",NA
1971,"E3E4","Modern","Egypt","El Quseir","Mangrove Bay","25/10/2023",25.8697167,34.419,2,NA,NA,NA,4.3,"Shallow reef slope",NA
1971,"E3E4","Modern","Egypt","El Quseir","Mangrove Bay","25/10/2023",25.8697167,34.419,2,NA,NA,NA,4.3,"Shallow reef slope",NA
1971,"E3E4","Modern","Egypt","El Quseir","Mangrove Bay","25/10/2023",25.8697167,34.419,2,NA,NA,NA,4.3,"Shallow reef slope",NA
1971,"E3E4","Modern","Egypt","El Quseir","Mangrove Bay","25/10/2023",25.8697167,34.419,2,NA,NA,NA,4.3,"Shallow reef slope",NA
1971,"E3E4","Modern","Egypt","El Quseir","Mangrove Bay","25/10/2023",25.8697167,34.419,2,NA,NA,NA,4.3,"Shallow reef slope",NA
1972,"E3E4","Modern","Egypt","El Quseir","Mangrove Bay","25/10/2023",25.8697167,34.419,5,NA,NA,NA,4.3,"Shallow reef slope",NA
1972,"E3E4","Modern","Egypt","El Quseir","Mangrove Bay","25/10/2023",25.8697167,34.419,5,NA,NA,NA,4.3,"Shallow reef slope",NA
1972,"E3E4","Modern","Egypt","El Quseir","Mangrove Bay","25/10/2023",25.8697167,34.419,5,NA,NA,NA,4.3,"Shallow reef slope",NA
1972,"E3E4","Modern","Egypt","El Quseir","Mangrove Bay","25/10/2023",25.8697167,34.419,5,NA,NA,NA,4.3,"Shallow reef slope",NA
1972,"E3E4","Modern","Egypt","El Quseir","Mangrove Bay","25/10/2023",25.8697167,34.419,5,NA,NA,NA,4.3,"Shallow reef slope",NA
1973,"E3E4","Modern","Egypt","El Quseir","Mangrove Bay","25/10/2023",25.8697167,34.419,5,NA,NA,NA,4.3,"Shallow reef slope",NA
1973,"E3E4","Modern","Egypt","El Quseir","Mangrove Bay","25/10/2023",25.8697167,34.419,5,NA,NA,NA,4.3,"Shallow reef slope",NA
1973,"E3E4","Modern","Egypt","El Quseir","Mangrove Bay","25/10/2023",25.8697167,34.419,5,NA,NA,NA,4.3,"Shallow reef slope",NA
1973,"E3E4","Modern","Egypt","El Quseir","Mangrove Bay","25/10/2023",25.8697167,34.419,5,NA,NA,NA,4.3,"Shallow reef slope",NA
1973,"E3E4","Modern","Egypt","El Quseir","Mangrove Bay","25/10/2023",25.8697167,34.419,5,NA,NA,NA,4.3,"Shallow reef slope",NA
1974,"E3E4","Modern","Egypt","El Quseir","Mangrove Bay","25/10/2023",25.8697167,34.419,12,NA,NA,NA,4.3,"Shallow reef slope",NA
1974,"E3E4","Modern","Egypt","El Quseir","Mangrove Bay","25/10/2023",25.8697167,34.419,12,NA,NA,NA,4.3,"Shallow reef slope",NA
1974,"E3E4","Modern","Egypt","El Quseir","Mangrove Bay","25/10/2023",25.8697167,34.419,12,NA,NA,NA,4.3,"Shallow reef slope",NA
1974,"E3E4","Modern","Egypt","El Quseir","Mangrove Bay","25/10/2023",25.8697167,34.419,12,NA,NA,NA,4.3,"Shallow reef slope",NA
1975,"E3E4","Modern","Egypt","El Quseir","Mangrove Bay","25/10/2023",25.8697167,34.419,2,NA,NA,NA,4.3,"Shallow reef slope",NA
1975,"E3E4","Modern","Egypt","El Quseir","Mangrove Bay","25/10/2023",25.8697167,34.419,2,NA,NA,NA,4.3,"Shallow reef slope",NA
1975,"E3E4","Modern","Egypt","El Quseir","Mangrove Bay","25/10/2023",25.8697167,34.419,2,NA,NA,NA,4.3,"Shallow reef slope",NA
1975,"E3E4","Modern","Egypt","El Quseir","Mangrove Bay","25/10/2023",25.8697167,34.419,2,NA,NA,NA,4.3,"Shallow reef slope",NA
1975,"E3E4","Modern","Egypt","El Quseir","Mangrove Bay","25/10/2023",25.8697167,34.419,2,NA,NA,NA,4.3,"Shallow reef slope",NA
1976,"E3E4","Modern","Egypt","El Quseir","Mangrove Bay","25/10/2023",25.8697167,34.419,0,NA,NA,NA,4.3,"Shallow reef slope",NA
1976,"E3E4","Modern","Egypt","El Quseir","Mangrove Bay","25/10/2023",25.8697167,34.419,0,NA,NA,NA,4.3,"Shallow reef slope",NA
1976,"E3E4","Modern","Egypt","El Quseir","Mangrove Bay","25/10/2023",25.8697167,34.419,0,NA,NA,NA,4.3,"Shallow reef slope",NA
1977,"E3E4","Modern","Egypt","El Quseir","Mangrove Bay","25/10/2023",25.8697167,34.419,5,NA,NA,NA,4.3,"Shallow reef slope",NA
1977,"E3E4","Modern","Egypt","El Quseir","Mangrove Bay","25/10/2023",25.8697167,34.419,5,NA,NA,NA,4.3,"Shallow reef slope",NA
1977,"E3E4","Modern","Egypt","El Quseir","Mangrove Bay","25/10/2023",25.8697167,34.419,5,NA,NA,NA,4.3,"Shallow reef slope",NA
1977,"E3E4","Modern","Egypt","El Quseir","Mangrove Bay","25/10/2023",25.8697167,34.419,5,NA,NA,NA,4.3,"Shallow reef slope",NA
1977,"E3E4","Modern","Egypt","El Quseir","Mangrove Bay","25/10/2023",25.8697167,34.419,5,NA,NA,NA,4.3,"Shallow reef slope",NA
1978,"E3E4","Modern","Egypt","El Quseir","Mangrove Bay","25/10/2023",25.8697167,34.419,3,NA,NA,NA,4.3,"Shallow reef slope",NA
1978,"E3E4","Modern","Egypt","El Quseir","Mangrove Bay","25/10/2023",25.8697167,34.419,3,NA,NA,NA,4.3,"Shallow reef slope",NA
1978,"E3E4","Modern","Egypt","El Quseir","Mangrove Bay","25/10/2023",25.8697167,34.419,3,NA,NA,NA,4.3,"Shallow reef slope",NA
1978,"E3E4","Modern","Egypt","El Quseir","Mangrove Bay","25/10/2023",25.8697167,34.419,3,NA,NA,NA,4.3,"Shallow reef slope",NA
1978,"E3E4","Modern","Egypt","El Quseir","Mangrove Bay","25/10/2023",25.8697167,34.419,3,NA,NA,NA,4.3,"Shallow reef slope",NA
1978,"E3E4","Modern","Egypt","El Quseir","Mangrove Bay","25/10/2023",25.8697167,34.419,3,NA,NA,NA,4.3,"Shallow reef slope",NA
1979,"E5E6","Modern","Egypt","El Quseir","Mangrove Bay","25/10/2023",25.8697167,34.419,9,NA,NA,NA,4.75,"Shallow reef slope",NA
1979,"E5E6","Modern","Egypt","El Quseir","Mangrove Bay","25/10/2023",25.8697167,34.419,9,NA,NA,NA,4.75,"Shallow reef slope",NA
1979,"E5E6","Modern","Egypt","El Quseir","Mangrove Bay","25/10/2023",25.8697167,34.419,9,NA,NA,NA,4.75,"Shallow reef slope",NA
1980,"E5E6","Modern","Egypt","El Quseir","Mangrove Bay","25/10/2023",25.8697167,34.419,10,NA,NA,NA,4.75,"Shallow reef slope",NA
1980,"E5E6","Modern","Egypt","El Quseir","Mangrove Bay","25/10/2023",25.8697167,34.419,10,NA,NA,NA,4.75,"Shallow reef slope",NA
1980,"E5E6","Modern","Egypt","El Quseir","Mangrove Bay","25/10/2023",25.8697167,34.419,10,NA,NA,NA,4.75,"Shallow reef slope",NA
1980,"E5E6","Modern","Egypt","El Quseir","Mangrove Bay","25/10/2023",25.8697167,34.419,10,NA,NA,NA,4.75,"Shallow reef slope",NA
1980,"E5E6","Modern","Egypt","El Quseir","Mangrove Bay","25/10/2023",25.8697167,34.419,10,NA,NA,NA,4.75,"Shallow reef slope",NA
1981,"E5E6","Modern","Egypt","El Quseir","Mangrove Bay","25/10/2023",25.8697167,34.419,20,NA,NA,NA,4.75,"Shallow reef slope",NA
1982,"E5E6","Modern","Egypt","El Quseir","Mangrove Bay","25/10/2023",25.8697167,34.419,27,NA,NA,NA,4.75,"Shallow reef slope",NA
1983,"E5E6","Modern","Egypt","El Quseir","Mangrove Bay","25/10/2023",25.8697167,34.419,22,NA,NA,NA,4.75,"Shallow reef slope",NA
1984,"E5E6","Modern","Egypt","El Quseir","Mangrove Bay","25/10/2023",25.8697167,34.419,41,NA,NA,NA,4.75,"Shallow reef slope",NA
1985,"E5E6","Modern","Egypt","El Quseir","Mangrove Bay","25/10/2023",25.8697167,34.419,4,NA,NA,NA,4.75,"Shallow reef slope",NA
1985,"E5E6","Modern","Egypt","El Quseir","Mangrove Bay","25/10/2023",25.8697167,34.419,4,NA,NA,NA,4.75,"Shallow reef slope",NA
1985,"E5E6","Modern","Egypt","El Quseir","Mangrove Bay","25/10/2023",25.8697167,34.419,4,NA,NA,NA,4.75,"Shallow reef slope",NA
1985,"E5E6","Modern","Egypt","El Quseir","Mangrove Bay","25/10/2023",25.8697167,34.419,4,NA,NA,NA,4.75,"Shallow reef slope",NA
1985,"E5E6","Modern","Egypt","El Quseir","Mangrove Bay","25/10/2023",25.8697167,34.419,4,NA,NA,NA,4.75,"Shallow reef slope",NA
1986,"E5E6","Modern","Egypt","El Quseir","Mangrove Bay","25/10/2023",25.8697167,34.419,9,NA,NA,NA,4.75,"Shallow reef slope",NA
1986,"E5E6","Modern","Egypt","El Quseir","Mangrove Bay","25/10/2023",25.8697167,34.419,9,NA,NA,NA,4.75,"Shallow reef slope",NA
1986,"E5E6","Modern","Egypt","El Quseir","Mangrove Bay","25/10/2023",25.8697167,34.419,9,NA,NA,NA,4.75,"Shallow reef slope",NA
1987,"E5E6","Modern","Egypt","El Quseir","Mangrove Bay","25/10/2023",25.8697167,34.419,10,NA,NA,NA,4.75,"Shallow reef slope",NA
1987,"E5E6","Modern","Egypt","El Quseir","Mangrove Bay","25/10/2023",25.8697167,34.419,10,NA,NA,NA,4.75,"Shallow reef slope",NA
1987,"E5E6","Modern","Egypt","El Quseir","Mangrove Bay","25/10/2023",25.8697167,34.419,10,NA,NA,NA,4.75,"Shallow reef slope",NA
1987,"E5E6","Modern","Egypt","El Quseir","Mangrove Bay","25/10/2023",25.8697167,34.419,10,NA,NA,NA,4.75,"Shallow reef slope",NA
1987,"E5E6","Modern","Egypt","El Quseir","Mangrove Bay","25/10/2023",25.8697167,34.419,10,NA,NA,NA,4.75,"Shallow reef slope",NA
1988,"E5E6","Modern","Egypt","El Quseir","Mangrove Bay","25/10/2023",25.8697167,34.419,10,NA,NA,NA,4.75,"Shallow reef slope",NA
1988,"E5E6","Modern","Egypt","El Quseir","Mangrove Bay","25/10/2023",25.8697167,34.419,10,NA,NA,NA,4.75,"Shallow reef slope",NA
1988,"E5E6","Modern","Egypt","El Quseir","Mangrove Bay","25/10/2023",25.8697167,34.419,10,NA,NA,NA,4.75,"Shallow reef slope",NA
1988,"E5E6","Modern","Egypt","El Quseir","Mangrove Bay","25/10/2023",25.8697167,34.419,10,NA,NA,NA,4.75,"Shallow reef slope",NA
1988,"E5E6","Modern","Egypt","El Quseir","Mangrove Bay","25/10/2023",25.8697167,34.419,10,NA,NA,NA,4.75,"Shallow reef slope",NA
1989,"E5E6","Modern","Egypt","El Quseir","Mangrove Bay","25/10/2023",25.8697167,34.419,14,NA,NA,NA,4.75,"Shallow reef slope",NA
1990,"E5E6","Modern","Egypt","El Quseir","Mangrove Bay","25/10/2023",25.8697167,34.419,21,NA,NA,NA,4.75,"Shallow reef slope",NA
1991,"E5E6","Modern","Egypt","El Quseir","Mangrove Bay","25/10/2023",25.8697167,34.419,19,NA,NA,NA,4.75,"Shallow reef slope",NA
1992,"E5E6","Modern","Egypt","El Quseir","Mangrove Bay","25/10/2023",25.8697167,34.419,2,NA,NA,NA,4.75,"Shallow reef slope",NA
1992,"E5E6","Modern","Egypt","El Quseir","Mangrove Bay","25/10/2023",25.8697167,34.419,2,NA,NA,NA,4.75,"Shallow reef slope",NA
1992,"E5E6","Modern","Egypt","El Quseir","Mangrove Bay","25/10/2023",25.8697167,34.419,2,NA,NA,NA,4.75,"Shallow reef slope",NA
1993,"E5E6","Modern","Egypt","El Quseir","Mangrove Bay","25/10/2023",25.8697167,34.419,5,NA,NA,NA,4.75,"Shallow reef slope",NA
1993,"E5E6","Modern","Egypt","El Quseir","Mangrove Bay","25/10/2023",25.8697167,34.419,5,NA,NA,NA,4.75,"Shallow reef slope",NA
1993,"E5E6","Modern","Egypt","El Quseir","Mangrove Bay","25/10/2023",25.8697167,34.419,5,NA,NA,NA,4.75,"Shallow reef slope",NA
1993,"E5E6","Modern","Egypt","El Quseir","Mangrove Bay","25/10/2023",25.8697167,34.419,5,NA,NA,NA,4.75,"Shallow reef slope",NA
1993,"E5E6","Modern","Egypt","El Quseir","Mangrove Bay","25/10/2023",25.8697167,34.419,5,NA,NA,NA,4.75,"Shallow reef slope",NA
1993,"E5E6","Modern","Egypt","El Quseir","Mangrove Bay","25/10/2023",25.8697167,34.419,5,NA,NA,NA,4.75,"Shallow reef slope",NA
1994,"E5E6","Modern","Egypt","El Quseir","Mangrove Bay","25/10/2023",25.8697167,34.419,18,NA,NA,NA,4.75,"Shallow reef slope",NA
1995,"E5E6","Modern","Egypt","El Quseir","Mangrove Bay","25/10/2023",25.8697167,34.419,16,NA,NA,NA,4.75,"Shallow reef slope",NA
1995,"E5E6","Modern","Egypt","El Quseir","Mangrove Bay","25/10/2023",25.8697167,34.419,16,NA,NA,NA,4.75,"Shallow reef slope",NA
1996,"E5E6","Modern","Egypt","El Quseir","Mangrove Bay","25/10/2023",25.8697167,34.419,40,NA,NA,NA,4.75,"Shallow reef slope",NA
1997,"E5E6","Modern","Egypt","El Quseir","Mangrove Bay","25/10/2023",25.8697167,34.419,26,NA,NA,NA,4.75,"Shallow reef slope",NA
1998,"E5E6","Modern","Egypt","El Quseir","Mangrove Bay","25/10/2023",25.8697167,34.419,10,NA,NA,NA,4.75,"Shallow reef slope",NA
1998,"E5E6","Modern","Egypt","El Quseir","Mangrove Bay","25/10/2023",25.8697167,34.419,10,NA,NA,NA,4.75,"Shallow reef slope",NA
1998,"E5E6","Modern","Egypt","El Quseir","Mangrove Bay","25/10/2023",25.8697167,34.419,10,NA,NA,NA,4.75,"Shallow reef slope",NA
1998,"E5E6","Modern","Egypt","El Quseir","Mangrove Bay","25/10/2023",25.8697167,34.419,10,NA,NA,NA,4.75,"Shallow reef slope",NA
1998,"E5E6","Modern","Egypt","El Quseir","Mangrove Bay","25/10/2023",25.8697167,34.419,10,NA,NA,NA,4.75,"Shallow reef slope",NA
1999,"E5E6","Modern","Egypt","El Quseir","Mangrove Bay","25/10/2023",25.8697167,34.419,12,NA,NA,NA,4.75,"Shallow reef slope",NA
1999,"E5E6","Modern","Egypt","El Quseir","Mangrove Bay","25/10/2023",25.8697167,34.419,12,NA,NA,NA,4.75,"Shallow reef slope",NA
2000,"E5E6","Modern","Egypt","El Quseir","Mangrove Bay","25/10/2023",25.8697167,34.419,11,NA,NA,NA,4.75,"Shallow reef slope",NA
2000,"E5E6","Modern","Egypt","El Quseir","Mangrove Bay","25/10/2023",25.8697167,34.419,11,NA,NA,NA,4.75,"Shallow reef slope",NA
2001,"E5E6","Modern","Egypt","El Quseir","Mangrove Bay","25/10/2023",25.8697167,34.419,25,NA,NA,NA,4.75,"Shallow reef slope",NA
2002,"E5E6","Modern","Egypt","El Quseir","Mangrove Bay","25/10/2023",25.8697167,34.419,7,NA,NA,NA,4.75,"Shallow reef slope",NA
2002,"E5E6","Modern","Egypt","El Quseir","Mangrove Bay","25/10/2023",25.8697167,34.419,7,NA,NA,NA,4.75,"Shallow reef slope",NA
2002,"E5E6","Modern","Egypt","El Quseir","Mangrove Bay","25/10/2023",25.8697167,34.419,7,NA,NA,NA,4.75,"Shallow reef slope",NA
2002,"E5E6","Modern","Egypt","El Quseir","Mangrove Bay","25/10/2023",25.8697167,34.419,7,NA,NA,NA,4.75,"Shallow reef slope",NA
2002,"E5E6","Modern","Egypt","El Quseir","Mangrove Bay","25/10/2023",25.8697167,34.419,7,NA,NA,NA,4.75,"Shallow reef slope",NA
2003,"E5E6","Modern","Egypt","El Quseir","Mangrove Bay","25/10/2023",25.8697167,34.419,17,NA,NA,NA,4.75,"Shallow reef slope",NA
2003,"E5E6","Modern","Egypt","El Quseir","Mangrove Bay","25/10/2023",25.8697167,34.419,17,NA,NA,NA,4.75,"Shallow reef slope",NA
2004,"E5E6","Modern","Egypt","El Quseir","Mangrove Bay","25/10/2023",25.8697167,34.419,17,NA,NA,NA,4.75,"Shallow reef slope",NA
2004,"E5E6","Modern","Egypt","El Quseir","Mangrove Bay","25/10/2023",25.8697167,34.419,17,NA,NA,NA,4.75,"Shallow reef slope",NA
2005,"E5E6","Modern","Egypt","El Quseir","Mangrove Bay","25/10/2023",25.8697167,34.419,8,NA,NA,NA,4.75,"Shallow reef slope",NA
2005,"E5E6","Modern","Egypt","El Quseir","Mangrove Bay","25/10/2023",25.8697167,34.419,8,NA,NA,NA,4.75,"Shallow reef slope",NA
2006,"E5E6","Modern","Egypt","El Quseir","Mangrove Bay","25/10/2023",25.8697167,34.419,13,NA,NA,NA,4.75,"Shallow reef slope",NA
2007,"E5E6","Modern","Egypt","El Quseir","Mangrove Bay","25/10/2023",25.8697167,34.419,4,NA,NA,NA,4.75,"Shallow reef slope",NA
2007,"E5E6","Modern","Egypt","El Quseir","Mangrove Bay","25/10/2023",25.8697167,34.419,4,NA,NA,NA,4.75,"Shallow reef slope",NA
2007,"E5E6","Modern","Egypt","El Quseir","Mangrove Bay","25/10/2023",25.8697167,34.419,4,NA,NA,NA,4.75,"Shallow reef slope",NA
2007,"E5E6","Modern","Egypt","El Quseir","Mangrove Bay","25/10/2023",25.8697167,34.419,4,NA,NA,NA,4.75,"Shallow reef slope",NA
2007,"E5E6","Modern","Egypt","El Quseir","Mangrove Bay","25/10/2023",25.8697167,34.419,4,NA,NA,NA,4.75,"Shallow reef slope",NA
2008,"E5E6","Modern","Egypt","El Quseir","Mangrove Bay","25/10/2023",25.8697167,34.419,58,NA,NA,NA,4.75,"Shallow reef slope",NA
2009,"E5E6","Modern","Egypt","El Quseir","Mangrove Bay","25/10/2023",25.8697167,34.419,20,NA,NA,NA,4.75,"Shallow reef slope",NA
2010,"E5E6","Modern","Egypt","El Quseir","Mangrove Bay","25/10/2023",25.8697167,34.419,81,NA,NA,NA,4.75,"Shallow reef slope",NA
2011,"E5E6","Modern","Egypt","El Quseir","Mangrove Bay","25/10/2023",25.8697167,34.419,10,NA,NA,NA,4.75,"Shallow reef slope",NA
2011,"E5E6","Modern","Egypt","El Quseir","Mangrove Bay","25/10/2023",25.8697167,34.419,10,NA,NA,NA,4.75,"Shallow reef slope",NA
2011,"E5E6","Modern","Egypt","El Quseir","Mangrove Bay","25/10/2023",25.8697167,34.419,10,NA,NA,NA,4.75,"Shallow reef slope",NA
2011,"E5E6","Modern","Egypt","El Quseir","Mangrove Bay","25/10/2023",25.8697167,34.419,10,NA,NA,NA,4.75,"Shallow reef slope",NA
2011,"E5E6","Modern","Egypt","El Quseir","Mangrove Bay","25/10/2023",25.8697167,34.419,10,NA,NA,NA,4.75,"Shallow reef slope",NA
2012,"E5E6","Modern","Egypt","El Quseir","Mangrove Bay","25/10/2023",25.8697167,34.419,12,NA,NA,NA,4.75,"Shallow reef slope",NA
2012,"E5E6","Modern","Egypt","El Quseir","Mangrove Bay","25/10/2023",25.8697167,34.419,12,NA,NA,NA,4.75,"Shallow reef slope",NA
2013,"E5E6","Modern","Egypt","El Quseir","Mangrove Bay","25/10/2023",25.8697167,34.419,9,NA,NA,NA,4.75,"Shallow reef slope",NA
2013,"E5E6","Modern","Egypt","El Quseir","Mangrove Bay","25/10/2023",25.8697167,34.419,9,NA,NA,NA,4.75,"Shallow reef slope",NA
2013,"E5E6","Modern","Egypt","El Quseir","Mangrove Bay","25/10/2023",25.8697167,34.419,9,NA,NA,NA,4.75,"Shallow reef slope",NA
2014,"E5E6","Modern","Egypt","El Quseir","Mangrove Bay","25/10/2023",25.8697167,34.419,18,NA,NA,NA,4.75,"Shallow reef slope",NA
2015,"E5E6","Modern","Egypt","El Quseir","Mangrove Bay","25/10/2023",25.8697167,34.419,15,NA,NA,NA,4.75,"Shallow reef slope",NA
2015,"E5E6","Modern","Egypt","El Quseir","Mangrove Bay","25/10/2023",25.8697167,34.419,15,NA,NA,NA,4.75,"Shallow reef slope",NA
2015,"E5E6","Modern","Egypt","El Quseir","Mangrove Bay","25/10/2023",25.8697167,34.419,15,NA,NA,NA,4.75,"Shallow reef slope",NA
2015,"E5E6","Modern","Egypt","El Quseir","Mangrove Bay","25/10/2023",25.8697167,34.419,15,NA,NA,NA,4.75,"Shallow reef slope",NA
2016,"E5E6","Modern","Egypt","El Quseir","Mangrove Bay","25/10/2023",25.8697167,34.419,18,NA,NA,NA,4.75,"Shallow reef slope",NA
2017,"E5E6","Modern","Egypt","El Quseir","Mangrove Bay","25/10/2023",25.8697167,34.419,22,NA,NA,NA,4.75,"Shallow reef slope",NA
2018,"E5E6","Modern","Egypt","El Quseir","Mangrove Bay","25/10/2023",25.8697167,34.419,3,NA,NA,NA,4.75,"Shallow reef slope",NA
2018,"E5E6","Modern","Egypt","El Quseir","Mangrove Bay","25/10/2023",25.8697167,34.419,3,NA,NA,NA,4.75,"Shallow reef slope",NA
2018,"E5E6","Modern","Egypt","El Quseir","Mangrove Bay","25/10/2023",25.8697167,34.419,3,NA,NA,NA,4.75,"Shallow reef slope",NA
2018,"E5E6","Modern","Egypt","El Quseir","Mangrove Bay","25/10/2023",25.8697167,34.419,3,NA,NA,NA,4.75,"Shallow reef slope",NA
2019,"E5E6","Modern","Egypt","El Quseir","Mangrove Bay","25/10/2023",25.8697167,34.419,4,NA,NA,NA,4.75,"Shallow reef slope",NA
2019,"E5E6","Modern","Egypt","El Quseir","Mangrove Bay","25/10/2023",25.8697167,34.419,4,NA,NA,NA,4.75,"Shallow reef slope",NA
2019,"E5E6","Modern","Egypt","El Quseir","Mangrove Bay","25/10/2023",25.8697167,34.419,4,NA,NA,NA,4.75,"Shallow reef slope",NA
2019,"E5E6","Modern","Egypt","El Quseir","Mangrove Bay","25/10/2023",25.8697167,34.419,4,NA,NA,NA,4.75,"Shallow reef slope",NA
2019,"E5E6","Modern","Egypt","El Quseir","Mangrove Bay","25/10/2023",25.8697167,34.419,4,NA,NA,NA,4.75,"Shallow reef slope",NA
2020,"E5E6","Modern","Egypt","El Quseir","Mangrove Bay","25/10/2023",25.8697167,34.419,6,NA,NA,NA,4.75,"Shallow reef slope",NA
2020,"E5E6","Modern","Egypt","El Quseir","Mangrove Bay","25/10/2023",25.8697167,34.419,6,NA,NA,NA,4.75,"Shallow reef slope",NA
2020,"E5E6","Modern","Egypt","El Quseir","Mangrove Bay","25/10/2023",25.8697167,34.419,6,NA,NA,NA,4.75,"Shallow reef slope",NA
2020,"E5E6","Modern","Egypt","El Quseir","Mangrove Bay","25/10/2023",25.8697167,34.419,6,NA,NA,NA,4.75,"Shallow reef slope",NA
2021,"E5E6","Modern","Egypt","El Quseir","Mangrove Bay","25/10/2023",25.8697167,34.419,17,NA,NA,NA,4.75,"Shallow reef slope",NA
2021,"E5E6","Modern","Egypt","El Quseir","Mangrove Bay","25/10/2023",25.8697167,34.419,17,NA,NA,NA,4.75,"Shallow reef slope",NA
2022,"E5E6","Modern","Egypt","El Quseir","Mangrove Bay","25/10/2023",25.8697167,34.419,18,NA,NA,NA,4.75,"Shallow reef slope",NA
2023,"E5E6","Modern","Egypt","El Quseir","Mangrove Bay","25/10/2023",25.8697167,34.419,7,NA,NA,NA,4.75,"Shallow reef slope",NA
2023,"E5E6","Modern","Egypt","El Quseir","Mangrove Bay","25/10/2023",25.8697167,34.419,7,NA,NA,NA,4.75,"Shallow reef slope",NA
2023,"E5E6","Modern","Egypt","El Quseir","Mangrove Bay","25/10/2023",25.8697167,34.419,7,NA,NA,NA,4.75,"Shallow reef slope",NA
2023,"E5E6","Modern","Egypt","El Quseir","Mangrove Bay","25/10/2023",25.8697167,34.419,7,NA,NA,NA,4.75,"Shallow reef slope",NA
2023,"E5E6","Modern","Egypt","El Quseir","Mangrove Bay","25/10/2023",25.8697167,34.419,7,NA,NA,NA,4.75,"Shallow reef slope",NA
2024,"E5E6","Modern","Egypt","El Quseir","Mangrove Bay","25/10/2023",25.8697167,34.419,18,NA,NA,NA,4.75,"Shallow reef slope",NA
2025,"E5E6","Modern","Egypt","El Quseir","Mangrove Bay","25/10/2023",25.8697167,34.419,12,NA,NA,NA,4.75,"Shallow reef slope",NA
2025,"E5E6","Modern","Egypt","El Quseir","Mangrove Bay","25/10/2023",25.8697167,34.419,12,NA,NA,NA,4.75,"Shallow reef slope",NA
2026,"E5E6","Modern","Egypt","El Quseir","Mangrove Bay","25/10/2023",25.8697167,34.419,10,NA,NA,NA,4.75,"Shallow reef slope",NA
2026,"E5E6","Modern","Egypt","El Quseir","Mangrove Bay","25/10/2023",25.8697167,34.419,10,NA,NA,NA,4.75,"Shallow reef slope",NA
2026,"E5E6","Modern","Egypt","El Quseir","Mangrove Bay","25/10/2023",25.8697167,34.419,10,NA,NA,NA,4.75,"Shallow reef slope",NA
2026,"E5E6","Modern","Egypt","El Quseir","Mangrove Bay","25/10/2023",25.8697167,34.419,10,NA,NA,NA,4.75,"Shallow reef slope",NA
2026,"E5E6","Modern","Egypt","El Quseir","Mangrove Bay","25/10/2023",25.8697167,34.419,10,NA,NA,NA,4.75,"Shallow reef slope",NA
2027,"E5E6","Modern","Egypt","El Quseir","Mangrove Bay","25/10/2023",25.8697167,34.419,33,NA,NA,NA,4.75,"Shallow reef slope",NA
2028,"E5E6","Modern","Egypt","El Quseir","Mangrove Bay","25/10/2023",25.8697167,34.419,4,NA,NA,NA,4.75,"Shallow reef slope",NA
2028,"E5E6","Modern","Egypt","El Quseir","Mangrove Bay","25/10/2023",25.8697167,34.419,4,NA,NA,NA,4.75,"Shallow reef slope",NA
2028,"E5E6","Modern","Egypt","El Quseir","Mangrove Bay","25/10/2023",25.8697167,34.419,4,NA,NA,NA,4.75,"Shallow reef slope",NA
2028,"E5E6","Modern","Egypt","El Quseir","Mangrove Bay","25/10/2023",25.8697167,34.419,4,NA,NA,NA,4.75,"Shallow reef slope",NA
2028,"E5E6","Modern","Egypt","El Quseir","Mangrove Bay","25/10/2023",25.8697167,34.419,4,NA,NA,NA,4.75,"Shallow reef slope",NA
2029,"E5E6","Modern","Egypt","El Quseir","Mangrove Bay","25/10/2023",25.8697167,34.419,5,NA,NA,NA,4.75,"Shallow reef slope",NA
2029,"E5E6","Modern","Egypt","El Quseir","Mangrove Bay","25/10/2023",25.8697167,34.419,5,NA,NA,NA,4.75,"Shallow reef slope",NA
2029,"E5E6","Modern","Egypt","El Quseir","Mangrove Bay","25/10/2023",25.8697167,34.419,5,NA,NA,NA,4.75,"Shallow reef slope",NA
2029,"E5E6","Modern","Egypt","El Quseir","Mangrove Bay","25/10/2023",25.8697167,34.419,5,NA,NA,NA,4.75,"Shallow reef slope",NA
2029,"E5E6","Modern","Egypt","El Quseir","Mangrove Bay","25/10/2023",25.8697167,34.419,5,NA,NA,NA,4.75,"Shallow reef slope",NA
2029,"E5E6","Modern","Egypt","El Quseir","Mangrove Bay","25/10/2023",25.8697167,34.419,5,NA,NA,NA,4.75,"Shallow reef slope",NA
2030,"E5E6","Modern","Egypt","El Quseir","Mangrove Bay","25/10/2023",25.8697167,34.419,3,NA,NA,NA,4.75,"Shallow reef slope",NA
2030,"E5E6","Modern","Egypt","El Quseir","Mangrove Bay","25/10/2023",25.8697167,34.419,3,NA,NA,NA,4.75,"Shallow reef slope",NA
2030,"E5E6","Modern","Egypt","El Quseir","Mangrove Bay","25/10/2023",25.8697167,34.419,3,NA,NA,NA,4.75,"Shallow reef slope",NA
2030,"E5E6","Modern","Egypt","El Quseir","Mangrove Bay","25/10/2023",25.8697167,34.419,3,NA,NA,NA,4.75,"Shallow reef slope",NA
2031,"E5E6","Modern","Egypt","El Quseir","Mangrove Bay","25/10/2023",25.8697167,34.419,6,NA,NA,NA,4.75,"Shallow reef slope",NA
2031,"E5E6","Modern","Egypt","El Quseir","Mangrove Bay","25/10/2023",25.8697167,34.419,6,NA,NA,NA,4.75,"Shallow reef slope",NA
2031,"E5E6","Modern","Egypt","El Quseir","Mangrove Bay","25/10/2023",25.8697167,34.419,6,NA,NA,NA,4.75,"Shallow reef slope",NA
2031,"E5E6","Modern","Egypt","El Quseir","Mangrove Bay","25/10/2023",25.8697167,34.419,6,NA,NA,NA,4.75,"Shallow reef slope",NA
2032,"E5E6","Modern","Egypt","El Quseir","Mangrove Bay","25/10/2023",25.8697167,34.419,22,"Acropora","sp.",205469,4.75,"Shallow reef slope","ACB"
2033,"E5E6","Modern","Egypt","El Quseir","Mangrove Bay","25/10/2023",25.8697167,34.419,23,"Acropora","sp.",205469,4.75,"Shallow reef slope","ACB"
2034,"E5E6","Modern","Egypt","El Quseir","Mangrove Bay","25/10/2023",25.8697167,34.419,3,"Acropora","sp.",205469,4.75,"Shallow reef slope","ACB"
2035,"E5E6","Modern","Egypt","El Quseir","Mangrove Bay","25/10/2023",25.8697167,34.419,36,"Acropora","sp.",205469,4.75,"Shallow reef slope","ACD"
2036,"E5E6","Modern","Egypt","El Quseir","Mangrove Bay","25/10/2023",25.8697167,34.419,5,NA,NA,NA,4.75,"Shallow reef slope",NA
2036,"E5E6","Modern","Egypt","El Quseir","Mangrove Bay","25/10/2023",25.8697167,34.419,5,NA,NA,NA,4.75,"Shallow reef slope",NA
2036,"E5E6","Modern","Egypt","El Quseir","Mangrove Bay","25/10/2023",25.8697167,34.419,5,NA,NA,NA,4.75,"Shallow reef slope",NA
2036,"E5E6","Modern","Egypt","El Quseir","Mangrove Bay","25/10/2023",25.8697167,34.419,5,NA,NA,NA,4.75,"Shallow reef slope",NA
2036,"E5E6","Modern","Egypt","El Quseir","Mangrove Bay","25/10/2023",25.8697167,34.419,5,NA,NA,NA,4.75,"Shallow reef slope",NA
2036,"E5E6","Modern","Egypt","El Quseir","Mangrove Bay","25/10/2023",25.8697167,34.419,5,NA,NA,NA,4.75,"Shallow reef slope",NA
2037,"E5E6","Modern","Egypt","El Quseir","Mangrove Bay","25/10/2023",25.8697167,34.419,5,NA,NA,NA,4.75,"Shallow reef slope",NA
2037,"E5E6","Modern","Egypt","El Quseir","Mangrove Bay","25/10/2023",25.8697167,34.419,5,NA,NA,NA,4.75,"Shallow reef slope",NA
2037,"E5E6","Modern","Egypt","El Quseir","Mangrove Bay","25/10/2023",25.8697167,34.419,5,NA,NA,NA,4.75,"Shallow reef slope",NA
2037,"E5E6","Modern","Egypt","El Quseir","Mangrove Bay","25/10/2023",25.8697167,34.419,5,NA,NA,NA,4.75,"Shallow reef slope",NA
2037,"E5E6","Modern","Egypt","El Quseir","Mangrove Bay","25/10/2023",25.8697167,34.419,5,NA,NA,NA,4.75,"Shallow reef slope",NA
2037,"E5E6","Modern","Egypt","El Quseir","Mangrove Bay","25/10/2023",25.8697167,34.419,5,NA,NA,NA,4.75,"Shallow reef slope",NA
2038,"E5E6","Modern","Egypt","El Quseir","Mangrove Bay","25/10/2023",25.8697167,34.419,3,NA,NA,NA,4.75,"Shallow reef slope",NA
2038,"E5E6","Modern","Egypt","El Quseir","Mangrove Bay","25/10/2023",25.8697167,34.419,3,NA,NA,NA,4.75,"Shallow reef slope",NA
2038,"E5E6","Modern","Egypt","El Quseir","Mangrove Bay","25/10/2023",25.8697167,34.419,3,NA,NA,NA,4.75,"Shallow reef slope",NA
2038,"E5E6","Modern","Egypt","El Quseir","Mangrove Bay","25/10/2023",25.8697167,34.419,3,NA,NA,NA,4.75,"Shallow reef slope",NA
2039,"E5E6","Modern","Egypt","El Quseir","Mangrove Bay","25/10/2023",25.8697167,34.419,4,NA,NA,NA,4.75,"Shallow reef slope",NA
2039,"E5E6","Modern","Egypt","El Quseir","Mangrove Bay","25/10/2023",25.8697167,34.419,4,NA,NA,NA,4.75,"Shallow reef slope",NA
2039,"E5E6","Modern","Egypt","El Quseir","Mangrove Bay","25/10/2023",25.8697167,34.419,4,NA,NA,NA,4.75,"Shallow reef slope",NA
2039,"E5E6","Modern","Egypt","El Quseir","Mangrove Bay","25/10/2023",25.8697167,34.419,4,NA,NA,NA,4.75,"Shallow reef slope",NA
2039,"E5E6","Modern","Egypt","El Quseir","Mangrove Bay","25/10/2023",25.8697167,34.419,4,NA,NA,NA,4.75,"Shallow reef slope",NA
2040,"E5E6","Modern","Egypt","El Quseir","Mangrove Bay","25/10/2023",25.8697167,34.419,7,NA,NA,NA,4.75,"Shallow reef slope",NA
2040,"E5E6","Modern","Egypt","El Quseir","Mangrove Bay","25/10/2023",25.8697167,34.419,7,NA,NA,NA,4.75,"Shallow reef slope",NA
2040,"E5E6","Modern","Egypt","El Quseir","Mangrove Bay","25/10/2023",25.8697167,34.419,7,NA,NA,NA,4.75,"Shallow reef slope",NA
2040,"E5E6","Modern","Egypt","El Quseir","Mangrove Bay","25/10/2023",25.8697167,34.419,7,NA,NA,NA,4.75,"Shallow reef slope",NA
2040,"E5E6","Modern","Egypt","El Quseir","Mangrove Bay","25/10/2023",25.8697167,34.419,7,NA,NA,NA,4.75,"Shallow reef slope",NA
2041,"E5E6","Modern","Egypt","El Quseir","Mangrove Bay","25/10/2023",25.8697167,34.419,6,NA,NA,NA,4.75,"Shallow reef slope",NA
2041,"E5E6","Modern","Egypt","El Quseir","Mangrove Bay","25/10/2023",25.8697167,34.419,6,NA,NA,NA,4.75,"Shallow reef slope",NA
2041,"E5E6","Modern","Egypt","El Quseir","Mangrove Bay","25/10/2023",25.8697167,34.419,6,NA,NA,NA,4.75,"Shallow reef slope",NA
2041,"E5E6","Modern","Egypt","El Quseir","Mangrove Bay","25/10/2023",25.8697167,34.419,6,NA,NA,NA,4.75,"Shallow reef slope",NA
2042,"E5E6","Modern","Egypt","El Quseir","Mangrove Bay","25/10/2023",25.8697167,34.419,4,NA,NA,NA,4.75,"Shallow reef slope",NA
2042,"E5E6","Modern","Egypt","El Quseir","Mangrove Bay","25/10/2023",25.8697167,34.419,4,NA,NA,NA,4.75,"Shallow reef slope",NA
2042,"E5E6","Modern","Egypt","El Quseir","Mangrove Bay","25/10/2023",25.8697167,34.419,4,NA,NA,NA,4.75,"Shallow reef slope",NA
2042,"E5E6","Modern","Egypt","El Quseir","Mangrove Bay","25/10/2023",25.8697167,34.419,4,NA,NA,NA,4.75,"Shallow reef slope",NA
2042,"E5E6","Modern","Egypt","El Quseir","Mangrove Bay","25/10/2023",25.8697167,34.419,4,NA,NA,NA,4.75,"Shallow reef slope",NA
2043,"E5E6","Modern","Egypt","El Quseir","Mangrove Bay","25/10/2023",25.8697167,34.419,5,NA,NA,NA,4.75,"Shallow reef slope",NA
2043,"E5E6","Modern","Egypt","El Quseir","Mangrove Bay","25/10/2023",25.8697167,34.419,5,NA,NA,NA,4.75,"Shallow reef slope",NA
2043,"E5E6","Modern","Egypt","El Quseir","Mangrove Bay","25/10/2023",25.8697167,34.419,5,NA,NA,NA,4.75,"Shallow reef slope",NA
2043,"E5E6","Modern","Egypt","El Quseir","Mangrove Bay","25/10/2023",25.8697167,34.419,5,NA,NA,NA,4.75,"Shallow reef slope",NA
2043,"E5E6","Modern","Egypt","El Quseir","Mangrove Bay","25/10/2023",25.8697167,34.419,5,NA,NA,NA,4.75,"Shallow reef slope",NA
2043,"E5E6","Modern","Egypt","El Quseir","Mangrove Bay","25/10/2023",25.8697167,34.419,5,NA,NA,NA,4.75,"Shallow reef slope",NA
2044,"E5E6","Modern","Egypt","El Quseir","Mangrove Bay","25/10/2023",25.8697167,34.419,8,"Stylophora","kuehlmanni",206985,4.75,"Shallow reef slope","CB"
2045,"E5E6","Modern","Egypt","El Quseir","Mangrove Bay","25/10/2023",25.8697167,34.419,2,"Stylophora","subseriata",206980,4.75,"Shallow reef slope","CB"
2046,"E5E6","Modern","Egypt","El Quseir","Mangrove Bay","25/10/2023",25.8697167,34.419,3,"Stylophora","subseriata",206980,4.75,"Shallow reef slope","CB"
2047,"E5E6","Modern","Egypt","El Quseir","Mangrove Bay","25/10/2023",25.8697167,34.419,14,"Pocillopora","verrucosa",206954,4.75,"Shallow reef slope","CB"
2048,"E5E6","Modern","Egypt","El Quseir","Mangrove Bay","25/10/2023",25.8697167,34.419,3,"Echinopora","fruticulosa",207422,4.75,"Shallow reef slope","CB"
2049,"E5E6","Modern","Egypt","El Quseir","Mangrove Bay","25/10/2023",25.8697167,34.419,8,"Pocillopora","verrucosa",206954,4.75,"Shallow reef slope","CB"
2050,"E5E6","Modern","Egypt","El Quseir","Mangrove Bay","25/10/2023",25.8697167,34.419,5,"Pocillopora","verrucosa",206954,4.75,"Shallow reef slope","CB"
2051,"E5E6","Modern","Egypt","El Quseir","Mangrove Bay","25/10/2023",25.8697167,34.419,11,"Stylophora","subseriata",206980,4.75,"Shallow reef slope","CB"
2052,"E5E6","Modern","Egypt","El Quseir","Mangrove Bay","25/10/2023",25.8697167,34.419,6,"Pocillopora","damicornis",206953,4.75,"Shallow reef slope","CB"
2053,"E5E6","Modern","Egypt","El Quseir","Mangrove Bay","25/10/2023",25.8697167,34.419,12,"Pocillopora","damicornis",206953,4.75,"Shallow reef slope","CB"
2054,"E5E6","Modern","Egypt","El Quseir","Mangrove Bay","25/10/2023",25.8697167,34.419,10,NA,NA,NA,4.75,"Shallow reef slope",NA
2054,"E5E6","Modern","Egypt","El Quseir","Mangrove Bay","25/10/2023",25.8697167,34.419,10,NA,NA,NA,4.75,"Shallow reef slope",NA
2054,"E5E6","Modern","Egypt","El Quseir","Mangrove Bay","25/10/2023",25.8697167,34.419,10,NA,NA,NA,4.75,"Shallow reef slope",NA
2054,"E5E6","Modern","Egypt","El Quseir","Mangrove Bay","25/10/2023",25.8697167,34.419,10,NA,NA,NA,4.75,"Shallow reef slope",NA
2054,"E5E6","Modern","Egypt","El Quseir","Mangrove Bay","25/10/2023",25.8697167,34.419,10,NA,NA,NA,4.75,"Shallow reef slope",NA
2055,"E5E6","Modern","Egypt","El Quseir","Mangrove Bay","25/10/2023",25.8697167,34.419,16,NA,NA,NA,4.75,"Shallow reef slope",NA
2055,"E5E6","Modern","Egypt","El Quseir","Mangrove Bay","25/10/2023",25.8697167,34.419,16,NA,NA,NA,4.75,"Shallow reef slope",NA
2056,"E5E6","Modern","Egypt","El Quseir","Mangrove Bay","25/10/2023",25.8697167,34.419,7,NA,NA,NA,4.75,"Shallow reef slope",NA
2056,"E5E6","Modern","Egypt","El Quseir","Mangrove Bay","25/10/2023",25.8697167,34.419,7,NA,NA,NA,4.75,"Shallow reef slope",NA
2056,"E5E6","Modern","Egypt","El Quseir","Mangrove Bay","25/10/2023",25.8697167,34.419,7,NA,NA,NA,4.75,"Shallow reef slope",NA
2056,"E5E6","Modern","Egypt","El Quseir","Mangrove Bay","25/10/2023",25.8697167,34.419,7,NA,NA,NA,4.75,"Shallow reef slope",NA
2056,"E5E6","Modern","Egypt","El Quseir","Mangrove Bay","25/10/2023",25.8697167,34.419,7,NA,NA,NA,4.75,"Shallow reef slope",NA
2057,"E5E6","Modern","Egypt","El Quseir","Mangrove Bay","25/10/2023",25.8697167,34.419,12,NA,NA,NA,4.75,"Shallow reef slope",NA
2057,"E5E6","Modern","Egypt","El Quseir","Mangrove Bay","25/10/2023",25.8697167,34.419,12,NA,NA,NA,4.75,"Shallow reef slope",NA
2058,"E5E6","Modern","Egypt","El Quseir","Mangrove Bay","25/10/2023",25.8697167,34.419,6,NA,NA,NA,4.75,"Shallow reef slope",NA
2058,"E5E6","Modern","Egypt","El Quseir","Mangrove Bay","25/10/2023",25.8697167,34.419,6,NA,NA,NA,4.75,"Shallow reef slope",NA
2058,"E5E6","Modern","Egypt","El Quseir","Mangrove Bay","25/10/2023",25.8697167,34.419,6,NA,NA,NA,4.75,"Shallow reef slope",NA
2058,"E5E6","Modern","Egypt","El Quseir","Mangrove Bay","25/10/2023",25.8697167,34.419,6,NA,NA,NA,4.75,"Shallow reef slope",NA
2059,"E5E6","Modern","Egypt","El Quseir","Mangrove Bay","25/10/2023",25.8697167,34.419,2,NA,NA,NA,4.75,"Shallow reef slope",NA
2059,"E5E6","Modern","Egypt","El Quseir","Mangrove Bay","25/10/2023",25.8697167,34.419,2,NA,NA,NA,4.75,"Shallow reef slope",NA
2059,"E5E6","Modern","Egypt","El Quseir","Mangrove Bay","25/10/2023",25.8697167,34.419,2,NA,NA,NA,4.75,"Shallow reef slope",NA
2060,"E5E6","Modern","Egypt","El Quseir","Mangrove Bay","25/10/2023",25.8697167,34.419,15,NA,NA,NA,4.75,"Shallow reef slope",NA
2060,"E5E6","Modern","Egypt","El Quseir","Mangrove Bay","25/10/2023",25.8697167,34.419,15,NA,NA,NA,4.75,"Shallow reef slope",NA
2060,"E5E6","Modern","Egypt","El Quseir","Mangrove Bay","25/10/2023",25.8697167,34.419,15,NA,NA,NA,4.75,"Shallow reef slope",NA
2060,"E5E6","Modern","Egypt","El Quseir","Mangrove Bay","25/10/2023",25.8697167,34.419,15,NA,NA,NA,4.75,"Shallow reef slope",NA
2061,"E5E6","Modern","Egypt","El Quseir","Mangrove Bay","25/10/2023",25.8697167,34.419,2,"Leptastrea","purpurea",207470,4.75,"Shallow reef slope","CE"
2062,"E5E6","Modern","Egypt","El Quseir","Mangrove Bay","25/10/2023",25.8697167,34.419,6,"Leptastrea","purpurea",207470,4.75,"Shallow reef slope","CE"
2063,"E5E6","Modern","Egypt","El Quseir","Mangrove Bay","25/10/2023",25.8697167,34.419,6,"Porites","rus",207231,4.75,"Shallow reef slope","CS"
2063,"E5E6","Modern","Egypt","El Quseir","Mangrove Bay","25/10/2023",25.8697167,34.419,6,"Porites","rus",207231,4.75,"Shallow reef slope","CE"
2064,"E5E6","Modern","Egypt","El Quseir","Mangrove Bay","25/10/2023",25.8697167,34.419,7,"Porites","rus",207231,4.75,"Shallow reef slope","CE"
2065,"E5E6","Modern","Egypt","El Quseir","Mangrove Bay","25/10/2023",25.8697167,34.419,11,"Porites","rus",207231,4.75,"Shallow reef slope","CE"
2066,"E5E6","Modern","Egypt","El Quseir","Mangrove Bay","25/10/2023",25.8697167,34.419,5,"Porites","rus",207231,4.75,"Shallow reef slope","CS"
2066,"E5E6","Modern","Egypt","El Quseir","Mangrove Bay","25/10/2023",25.8697167,34.419,5,"Porites","rus",207231,4.75,"Shallow reef slope","CE"
2067,"E5E6","Modern","Egypt","El Quseir","Mangrove Bay","25/10/2023",25.8697167,34.419,1,"Porites","sp.",206485,4.75,"Shallow reef slope","CE"
2068,"E5E6","Modern","Egypt","El Quseir","Mangrove Bay","25/10/2023",25.8697167,34.419,3,"Porites","sp.",206485,4.75,"Shallow reef slope","CS"
2068,"E5E6","Modern","Egypt","El Quseir","Mangrove Bay","25/10/2023",25.8697167,34.419,3,"Porites","sp.",206485,4.75,"Shallow reef slope","CE"
2069,"E5E6","Modern","Egypt","El Quseir","Mangrove Bay","25/10/2023",25.8697167,34.419,5,"Porites","rus",207231,4.75,"Shallow reef slope","CS"
2069,"E5E6","Modern","Egypt","El Quseir","Mangrove Bay","25/10/2023",25.8697167,34.419,5,"Porites","rus",207231,4.75,"Shallow reef slope","CE"
2070,"E5E6","Modern","Egypt","El Quseir","Mangrove Bay","25/10/2023",25.8697167,34.419,29,"Porites","rus",207231,4.75,"Shallow reef slope","CE"
2071,"E5E6","Modern","Egypt","El Quseir","Mangrove Bay","25/10/2023",25.8697167,34.419,4,"Porites","sp.",206485,4.75,"Shallow reef slope","CE"
2072,"E5E6","Modern","Egypt","El Quseir","Mangrove Bay","25/10/2023",25.8697167,34.419,3,"Porites","sp.",206485,4.75,"Shallow reef slope","CS"
2072,"E5E6","Modern","Egypt","El Quseir","Mangrove Bay","25/10/2023",25.8697167,34.419,3,"Porites","sp.",206485,4.75,"Shallow reef slope","CE"
2073,"E5E6","Modern","Egypt","El Quseir","Mangrove Bay","25/10/2023",25.8697167,34.419,4,"Porites","sp.",206485,4.75,"Shallow reef slope","CE"
2074,"E5E6","Modern","Egypt","El Quseir","Mangrove Bay","25/10/2023",25.8697167,34.419,3,"Porites","sp.",206485,4.75,"Shallow reef slope","CS"
2074,"E5E6","Modern","Egypt","El Quseir","Mangrove Bay","25/10/2023",25.8697167,34.419,3,"Porites","sp.",206485,4.75,"Shallow reef slope","CE"
2075,"E5E6","Modern","Egypt","El Quseir","Mangrove Bay","25/10/2023",25.8697167,34.419,4,"Porites","sp.",206485,4.75,"Shallow reef slope","CE"
2076,"E5E6","Modern","Egypt","El Quseir","Mangrove Bay","25/10/2023",25.8697167,34.419,4,"Porites","sp.",206485,4.75,"Shallow reef slope","CE"
2077,"E5E6","Modern","Egypt","El Quseir","Mangrove Bay","25/10/2023",25.8697167,34.419,2,"Porites","sp.",206485,4.75,"Shallow reef slope","CS"
2077,"E5E6","Modern","Egypt","El Quseir","Mangrove Bay","25/10/2023",25.8697167,34.419,2,"Porites","sp.",206485,4.75,"Shallow reef slope","CE"
2078,"E5E6","Modern","Egypt","El Quseir","Mangrove Bay","25/10/2023",25.8697167,34.419,6,"Gardineroseris","planulata",207274,4.75,"Shallow reef slope","CE"
2079,"E5E6","Modern","Egypt","El Quseir","Mangrove Bay","25/10/2023",25.8697167,34.419,2,"Montipora","sp.",203834,4.75,"Shallow reef slope","CE"
2080,"E5E6","Modern","Egypt","El Quseir","Mangrove Bay","25/10/2023",25.8697167,34.419,4,"Leptastrea","purpurea",207470,4.75,"Shallow reef slope","CE"
2081,"E5E6","Modern","Egypt","El Quseir","Mangrove Bay","25/10/2023",25.8697167,34.419,3,"Porites","rus",207231,4.75,"Shallow reef slope","CS"
2081,"E5E6","Modern","Egypt","El Quseir","Mangrove Bay","25/10/2023",25.8697167,34.419,3,"Porites","rus",207231,4.75,"Shallow reef slope","CE"
2082,"E5E6","Modern","Egypt","El Quseir","Mangrove Bay","25/10/2023",25.8697167,34.419,13,"Porites","rus",207231,4.75,"Shallow reef slope","CE"
2082,"E5E6","Modern","Egypt","El Quseir","Mangrove Bay","25/10/2023",25.8697167,34.419,13,"Porites","rus",207231,4.75,"Shallow reef slope","CS"
2083,"E5E6","Modern","Egypt","El Quseir","Mangrove Bay","25/10/2023",25.8697167,34.419,5,"Psammocora","sp.",204148,4.75,"Shallow reef slope","CE"
2084,"E5E6","Modern","Egypt","El Quseir","Mangrove Bay","25/10/2023",25.8697167,34.419,1,"Porites","rus",207231,4.75,"Shallow reef slope","CE"
2085,"E5E6","Modern","Egypt","El Quseir","Mangrove Bay","25/10/2023",25.8697167,34.419,2,"Porites","rus",207231,4.75,"Shallow reef slope","CS"
2085,"E5E6","Modern","Egypt","El Quseir","Mangrove Bay","25/10/2023",25.8697167,34.419,2,"Porites","rus",207231,4.75,"Shallow reef slope","CE"
2086,"E5E6","Modern","Egypt","El Quseir","Mangrove Bay","25/10/2023",25.8697167,34.419,2,"Porites","rus",207231,4.75,"Shallow reef slope","CS"
2086,"E5E6","Modern","Egypt","El Quseir","Mangrove Bay","25/10/2023",25.8697167,34.419,2,"Porites","rus",207231,4.75,"Shallow reef slope","CE"
2087,"E5E6","Modern","Egypt","El Quseir","Mangrove Bay","25/10/2023",25.8697167,34.419,15,"Porites","rus",207231,4.75,"Shallow reef slope","CE"
2088,"E5E6","Modern","Egypt","El Quseir","Mangrove Bay","25/10/2023",25.8697167,34.419,4,"Porites","rus",207231,4.75,"Shallow reef slope","CE"
2089,"E5E6","Modern","Egypt","El Quseir","Mangrove Bay","25/10/2023",25.8697167,34.419,4,"Cyphastrea","chalcidicum",207415,4.75,"Shallow reef slope","CE"
2090,"E5E6","Modern","Egypt","El Quseir","Mangrove Bay","25/10/2023",25.8697167,34.419,7,"Cyphastrea","sp.",206488,4.75,"Shallow reef slope","CE"
2091,"E5E6","Modern","Egypt","El Quseir","Mangrove Bay","25/10/2023",25.8697167,34.419,3,"Cyphastrea","sp.",206488,4.75,"Shallow reef slope","CE"
2092,"E5E6","Modern","Egypt","El Quseir","Mangrove Bay","25/10/2023",25.8697167,34.419,7,"Leptastrea","purpurea",207470,4.75,"Shallow reef slope","CE"
2093,"E5E6","Modern","Egypt","El Quseir","Mangrove Bay","25/10/2023",25.8697167,34.419,3,"Millepora","sp.",205902,4.75,"Shallow reef slope","CME"
2094,"E5E6","Modern","Egypt","El Quseir","Mangrove Bay","25/10/2023",25.8697167,34.419,8,"Millepora","exaesa",210728,4.75,"Shallow reef slope","CME"
2095,"E5E6","Modern","Egypt","El Quseir","Mangrove Bay","25/10/2023",25.8697167,34.419,2,"Millepora","sp.",205902,4.75,"Shallow reef slope","CME"
2096,"E5E6","Modern","Egypt","El Quseir","Mangrove Bay","25/10/2023",25.8697167,34.419,5,"Millepora","sp.",205902,4.75,"Shallow reef slope","CME"
2097,"E5E6","Modern","Egypt","El Quseir","Mangrove Bay","25/10/2023",25.8697167,34.419,5,"Millepora","exaesa",210728,4.75,"Shallow reef slope","CME"
2098,"E5E6","Modern","Egypt","El Quseir","Mangrove Bay","25/10/2023",25.8697167,34.419,9,"Millepora","dichotoma",210733,4.75,"Shallow reef slope","CME"
2099,"E5E6","Modern","Egypt","El Quseir","Mangrove Bay","25/10/2023",25.8697167,34.419,6,"Millepora","exaesa",210728,4.75,"Shallow reef slope","CME"
2100,"E5E6","Modern","Egypt","El Quseir","Mangrove Bay","25/10/2023",25.8697167,34.419,11,"Ctenactis","crassa",288875,4.75,"Shallow reef slope","CMR"
2101,"E5E6","Modern","Egypt","El Quseir","Mangrove Bay","25/10/2023",25.8697167,34.419,14,"Ctenactis","crassa",288875,4.75,"Shallow reef slope","CMR"
2102,"E5E6","Modern","Egypt","El Quseir","Mangrove Bay","25/10/2023",25.8697167,34.419,5,NA,NA,NA,4.75,"Shallow reef slope",NA
2102,"E5E6","Modern","Egypt","El Quseir","Mangrove Bay","25/10/2023",25.8697167,34.419,5,NA,NA,NA,4.75,"Shallow reef slope",NA
2102,"E5E6","Modern","Egypt","El Quseir","Mangrove Bay","25/10/2023",25.8697167,34.419,5,NA,NA,NA,4.75,"Shallow reef slope",NA
2102,"E5E6","Modern","Egypt","El Quseir","Mangrove Bay","25/10/2023",25.8697167,34.419,5,NA,NA,NA,4.75,"Shallow reef slope",NA
2102,"E5E6","Modern","Egypt","El Quseir","Mangrove Bay","25/10/2023",25.8697167,34.419,5,NA,NA,NA,4.75,"Shallow reef slope",NA
2102,"E5E6","Modern","Egypt","El Quseir","Mangrove Bay","25/10/2023",25.8697167,34.419,5,NA,NA,NA,4.75,"Shallow reef slope",NA
2103,"E5E6","Modern","Egypt","El Quseir","Mangrove Bay","25/10/2023",25.8697167,34.419,2,"Porites","sp.",206485,4.75,"Shallow reef slope","CS"
2103,"E5E6","Modern","Egypt","El Quseir","Mangrove Bay","25/10/2023",25.8697167,34.419,2,"Porites","sp.",206485,4.75,"Shallow reef slope","CE"
2104,"E5E6","Modern","Egypt","El Quseir","Mangrove Bay","25/10/2023",25.8697167,34.419,3,"Porites","sp.",206485,4.75,"Shallow reef slope","CS"
2104,"E5E6","Modern","Egypt","El Quseir","Mangrove Bay","25/10/2023",25.8697167,34.419,3,"Porites","sp.",206485,4.75,"Shallow reef slope","CE"
2105,"E5E6","Modern","Egypt","El Quseir","Mangrove Bay","25/10/2023",25.8697167,34.419,6,"Porites","sp.",206485,4.75,"Shallow reef slope","CS"
2105,"E5E6","Modern","Egypt","El Quseir","Mangrove Bay","25/10/2023",25.8697167,34.419,6,"Porites","sp.",206485,4.75,"Shallow reef slope","CE"
2106,"E5E6","Modern","Egypt","El Quseir","Mangrove Bay","25/10/2023",25.8697167,34.419,5,"Porites","sp.",206485,4.75,"Shallow reef slope","CS"
2106,"E5E6","Modern","Egypt","El Quseir","Mangrove Bay","25/10/2023",25.8697167,34.419,5,"Porites","sp.",206485,4.75,"Shallow reef slope","CE"
2107,"E5E6","Modern","Egypt","El Quseir","Mangrove Bay","25/10/2023",25.8697167,34.419,9,"Porites","sp.",206485,4.75,"Shallow reef slope","CS"
2108,"E5E6","Modern","Egypt","El Quseir","Mangrove Bay","25/10/2023",25.8697167,34.419,2,"Porites","sp.",206485,4.75,"Shallow reef slope","CS"
2108,"E5E6","Modern","Egypt","El Quseir","Mangrove Bay","25/10/2023",25.8697167,34.419,2,"Porites","sp.",206485,4.75,"Shallow reef slope","CE"
2109,"E5E6","Modern","Egypt","El Quseir","Mangrove Bay","25/10/2023",25.8697167,34.419,9,"Porites","rus",207231,4.75,"Shallow reef slope","CS"
2110,"E5E6","Modern","Egypt","El Quseir","Mangrove Bay","25/10/2023",25.8697167,34.419,2,"Goniastrea","edwardsi",207466,4.75,"Shallow reef slope","CS"
2111,"E5E6","Modern","Egypt","El Quseir","Mangrove Bay","25/10/2023",25.8697167,34.419,30,"Porites","rus",207231,4.75,"Shallow reef slope","CS"
2112,"E5E6","Modern","Egypt","El Quseir","Mangrove Bay","25/10/2023",25.8697167,34.419,13,"Porites","rus",207231,4.75,"Shallow reef slope","CE"
2112,"E5E6","Modern","Egypt","El Quseir","Mangrove Bay","25/10/2023",25.8697167,34.419,13,"Porites","rus",207231,4.75,"Shallow reef slope","CS"
2113,"E5E6","Modern","Egypt","El Quseir","Mangrove Bay","25/10/2023",25.8697167,34.419,17,"Porites","rus",207231,4.75,"Shallow reef slope","CS"
2114,"E5E6","Modern","Egypt","El Quseir","Mangrove Bay","25/10/2023",25.8697167,34.419,2,"Porites","sp.",206485,4.75,"Shallow reef slope","CS"
2114,"E5E6","Modern","Egypt","El Quseir","Mangrove Bay","25/10/2023",25.8697167,34.419,2,"Porites","sp.",206485,4.75,"Shallow reef slope","CE"
2115,"E5E6","Modern","Egypt","El Quseir","Mangrove Bay","25/10/2023",25.8697167,34.419,39,"GAP","GAP",NA,4.75,"Shallow reef slope",NA
2116,"E5E6","Modern","Egypt","El Quseir","Mangrove Bay","25/10/2023",25.8697167,34.419,9,"GAP","GAP",NA,4.75,"Shallow reef slope",NA
2117,"E5E6","Modern","Egypt","El Quseir","Mangrove Bay","25/10/2023",25.8697167,34.419,34,"GAP","GAP",NA,4.75,"Shallow reef slope",NA
2118,"E5E6","Modern","Egypt","El Quseir","Mangrove Bay","25/10/2023",25.8697167,34.419,62,"GAP","GAP",NA,4.75,"Shallow reef slope",NA
2119,"E5E6","Modern","Egypt","El Quseir","Mangrove Bay","25/10/2023",25.8697167,34.419,24,NA,NA,NA,4.75,"Shallow reef slope",NA
2120,"E5E6","Modern","Egypt","El Quseir","Mangrove Bay","25/10/2023",25.8697167,34.419,4,NA,NA,NA,4.75,"Shallow reef slope",NA
2120,"E5E6","Modern","Egypt","El Quseir","Mangrove Bay","25/10/2023",25.8697167,34.419,4,NA,NA,NA,4.75,"Shallow reef slope",NA
2120,"E5E6","Modern","Egypt","El Quseir","Mangrove Bay","25/10/2023",25.8697167,34.419,4,NA,NA,NA,4.75,"Shallow reef slope",NA
2120,"E5E6","Modern","Egypt","El Quseir","Mangrove Bay","25/10/2023",25.8697167,34.419,4,NA,NA,NA,4.75,"Shallow reef slope",NA
2120,"E5E6","Modern","Egypt","El Quseir","Mangrove Bay","25/10/2023",25.8697167,34.419,4,NA,NA,NA,4.75,"Shallow reef slope",NA
2121,"E5E6","Modern","Egypt","El Quseir","Mangrove Bay","25/10/2023",25.8697167,34.419,15,NA,NA,NA,4.75,"Shallow reef slope",NA
2121,"E5E6","Modern","Egypt","El Quseir","Mangrove Bay","25/10/2023",25.8697167,34.419,15,NA,NA,NA,4.75,"Shallow reef slope",NA
2121,"E5E6","Modern","Egypt","El Quseir","Mangrove Bay","25/10/2023",25.8697167,34.419,15,NA,NA,NA,4.75,"Shallow reef slope",NA
2121,"E5E6","Modern","Egypt","El Quseir","Mangrove Bay","25/10/2023",25.8697167,34.419,15,NA,NA,NA,4.75,"Shallow reef slope",NA
2122,"E5E6","Modern","Egypt","El Quseir","Mangrove Bay","25/10/2023",25.8697167,34.419,8,"Tridacna","sp.",205753,4.75,"Shallow reef slope","MOLL"
2123,"E5E6","Modern","Egypt","El Quseir","Mangrove Bay","25/10/2023",25.8697167,34.419,3,NA,NA,NA,4.75,"Shallow reef slope",NA
2123,"E5E6","Modern","Egypt","El Quseir","Mangrove Bay","25/10/2023",25.8697167,34.419,3,NA,NA,NA,4.75,"Shallow reef slope",NA
2123,"E5E6","Modern","Egypt","El Quseir","Mangrove Bay","25/10/2023",25.8697167,34.419,3,NA,NA,NA,4.75,"Shallow reef slope",NA
2123,"E5E6","Modern","Egypt","El Quseir","Mangrove Bay","25/10/2023",25.8697167,34.419,3,NA,NA,NA,4.75,"Shallow reef slope",NA
2124,"E5E6","Modern","Egypt","El Quseir","Mangrove Bay","25/10/2023",25.8697167,34.419,5,NA,NA,NA,4.75,"Shallow reef slope",NA
2124,"E5E6","Modern","Egypt","El Quseir","Mangrove Bay","25/10/2023",25.8697167,34.419,5,NA,NA,NA,4.75,"Shallow reef slope",NA
2124,"E5E6","Modern","Egypt","El Quseir","Mangrove Bay","25/10/2023",25.8697167,34.419,5,NA,NA,NA,4.75,"Shallow reef slope",NA
2124,"E5E6","Modern","Egypt","El Quseir","Mangrove Bay","25/10/2023",25.8697167,34.419,5,NA,NA,NA,4.75,"Shallow reef slope",NA
2124,"E5E6","Modern","Egypt","El Quseir","Mangrove Bay","25/10/2023",25.8697167,34.419,5,NA,NA,NA,4.75,"Shallow reef slope",NA
2124,"E5E6","Modern","Egypt","El Quseir","Mangrove Bay","25/10/2023",25.8697167,34.419,5,NA,NA,NA,4.75,"Shallow reef slope",NA
2125,"E5E6","Modern","Egypt","El Quseir","Mangrove Bay","25/10/2023",25.8697167,34.419,11,NA,NA,NA,4.75,"Shallow reef slope",NA
2125,"E5E6","Modern","Egypt","El Quseir","Mangrove Bay","25/10/2023",25.8697167,34.419,11,NA,NA,NA,4.75,"Shallow reef slope",NA
2126,"E5E6","Modern","Egypt","El Quseir","Mangrove Bay","25/10/2023",25.8697167,34.419,8,NA,NA,NA,4.75,"Shallow reef slope",NA
2126,"E5E6","Modern","Egypt","El Quseir","Mangrove Bay","25/10/2023",25.8697167,34.419,8,NA,NA,NA,4.75,"Shallow reef slope",NA
2127,"E5E6","Modern","Egypt","El Quseir","Mangrove Bay","25/10/2023",25.8697167,34.419,15,NA,NA,NA,4.75,"Shallow reef slope",NA
2127,"E5E6","Modern","Egypt","El Quseir","Mangrove Bay","25/10/2023",25.8697167,34.419,15,NA,NA,NA,4.75,"Shallow reef slope",NA
2127,"E5E6","Modern","Egypt","El Quseir","Mangrove Bay","25/10/2023",25.8697167,34.419,15,NA,NA,NA,4.75,"Shallow reef slope",NA
2127,"E5E6","Modern","Egypt","El Quseir","Mangrove Bay","25/10/2023",25.8697167,34.419,15,NA,NA,NA,4.75,"Shallow reef slope",NA
2128,"E5E6","Modern","Egypt","El Quseir","Mangrove Bay","25/10/2023",25.8697167,34.419,8,NA,NA,NA,4.75,"Shallow reef slope",NA
2128,"E5E6","Modern","Egypt","El Quseir","Mangrove Bay","25/10/2023",25.8697167,34.419,8,NA,NA,NA,4.75,"Shallow reef slope",NA
2129,"E5E6","Modern","Egypt","El Quseir","Mangrove Bay","25/10/2023",25.8697167,34.419,10,NA,NA,NA,4.75,"Shallow reef slope",NA
2129,"E5E6","Modern","Egypt","El Quseir","Mangrove Bay","25/10/2023",25.8697167,34.419,10,NA,NA,NA,4.75,"Shallow reef slope",NA
2129,"E5E6","Modern","Egypt","El Quseir","Mangrove Bay","25/10/2023",25.8697167,34.419,10,NA,NA,NA,4.75,"Shallow reef slope",NA
2129,"E5E6","Modern","Egypt","El Quseir","Mangrove Bay","25/10/2023",25.8697167,34.419,10,NA,NA,NA,4.75,"Shallow reef slope",NA
2129,"E5E6","Modern","Egypt","El Quseir","Mangrove Bay","25/10/2023",25.8697167,34.419,10,NA,NA,NA,4.75,"Shallow reef slope",NA
2130,"E5E6","Modern","Egypt","El Quseir","Mangrove Bay","25/10/2023",25.8697167,34.419,8,NA,NA,NA,4.75,"Shallow reef slope",NA
2130,"E5E6","Modern","Egypt","El Quseir","Mangrove Bay","25/10/2023",25.8697167,34.419,8,NA,NA,NA,4.75,"Shallow reef slope",NA
2131,"E5E6","Modern","Egypt","El Quseir","Mangrove Bay","25/10/2023",25.8697167,34.419,4,NA,NA,NA,4.75,"Shallow reef slope",NA
2131,"E5E6","Modern","Egypt","El Quseir","Mangrove Bay","25/10/2023",25.8697167,34.419,4,NA,NA,NA,4.75,"Shallow reef slope",NA
2131,"E5E6","Modern","Egypt","El Quseir","Mangrove Bay","25/10/2023",25.8697167,34.419,4,NA,NA,NA,4.75,"Shallow reef slope",NA
2131,"E5E6","Modern","Egypt","El Quseir","Mangrove Bay","25/10/2023",25.8697167,34.419,4,NA,NA,NA,4.75,"Shallow reef slope",NA
2131,"E5E6","Modern","Egypt","El Quseir","Mangrove Bay","25/10/2023",25.8697167,34.419,4,NA,NA,NA,4.75,"Shallow reef slope",NA
2132,"E5E6","Modern","Egypt","El Quseir","Mangrove Bay","25/10/2023",25.8697167,34.419,7,NA,NA,NA,4.75,"Shallow reef slope",NA
2132,"E5E6","Modern","Egypt","El Quseir","Mangrove Bay","25/10/2023",25.8697167,34.419,7,NA,NA,NA,4.75,"Shallow reef slope",NA
2132,"E5E6","Modern","Egypt","El Quseir","Mangrove Bay","25/10/2023",25.8697167,34.419,7,NA,NA,NA,4.75,"Shallow reef slope",NA
2132,"E5E6","Modern","Egypt","El Quseir","Mangrove Bay","25/10/2023",25.8697167,34.419,7,NA,NA,NA,4.75,"Shallow reef slope",NA
2132,"E5E6","Modern","Egypt","El Quseir","Mangrove Bay","25/10/2023",25.8697167,34.419,7,NA,NA,NA,4.75,"Shallow reef slope",NA
2133,"E5E6","Modern","Egypt","El Quseir","Mangrove Bay","25/10/2023",25.8697167,34.419,5,NA,NA,NA,4.75,"Shallow reef slope",NA
2133,"E5E6","Modern","Egypt","El Quseir","Mangrove Bay","25/10/2023",25.8697167,34.419,5,NA,NA,NA,4.75,"Shallow reef slope",NA
2133,"E5E6","Modern","Egypt","El Quseir","Mangrove Bay","25/10/2023",25.8697167,34.419,5,NA,NA,NA,4.75,"Shallow reef slope",NA
2133,"E5E6","Modern","Egypt","El Quseir","Mangrove Bay","25/10/2023",25.8697167,34.419,5,NA,NA,NA,4.75,"Shallow reef slope",NA
2133,"E5E6","Modern","Egypt","El Quseir","Mangrove Bay","25/10/2023",25.8697167,34.419,5,NA,NA,NA,4.75,"Shallow reef slope",NA
2133,"E5E6","Modern","Egypt","El Quseir","Mangrove Bay","25/10/2023",25.8697167,34.419,5,NA,NA,NA,4.75,"Shallow reef slope",NA
2134,"E5E6","Modern","Egypt","El Quseir","Mangrove Bay","25/10/2023",25.8697167,34.419,10,NA,NA,NA,4.75,"Shallow reef slope",NA
2134,"E5E6","Modern","Egypt","El Quseir","Mangrove Bay","25/10/2023",25.8697167,34.419,10,NA,NA,NA,4.75,"Shallow reef slope",NA
2134,"E5E6","Modern","Egypt","El Quseir","Mangrove Bay","25/10/2023",25.8697167,34.419,10,NA,NA,NA,4.75,"Shallow reef slope",NA
2134,"E5E6","Modern","Egypt","El Quseir","Mangrove Bay","25/10/2023",25.8697167,34.419,10,NA,NA,NA,4.75,"Shallow reef slope",NA
2134,"E5E6","Modern","Egypt","El Quseir","Mangrove Bay","25/10/2023",25.8697167,34.419,10,NA,NA,NA,4.75,"Shallow reef slope",NA
2135,"E5E6","Modern","Egypt","El Quseir","Mangrove Bay","25/10/2023",25.8697167,34.419,17,NA,NA,NA,4.75,"Shallow reef slope",NA
2135,"E5E6","Modern","Egypt","El Quseir","Mangrove Bay","25/10/2023",25.8697167,34.419,17,NA,NA,NA,4.75,"Shallow reef slope",NA
2136,"E5E6","Modern","Egypt","El Quseir","Mangrove Bay","25/10/2023",25.8697167,34.419,9,NA,NA,NA,4.75,"Shallow reef slope",NA
2136,"E5E6","Modern","Egypt","El Quseir","Mangrove Bay","25/10/2023",25.8697167,34.419,9,NA,NA,NA,4.75,"Shallow reef slope",NA
2136,"E5E6","Modern","Egypt","El Quseir","Mangrove Bay","25/10/2023",25.8697167,34.419,9,NA,NA,NA,4.75,"Shallow reef slope",NA
2137,"E5E6","Modern","Egypt","El Quseir","Mangrove Bay","25/10/2023",25.8697167,34.419,10,NA,NA,NA,4.75,"Shallow reef slope",NA
2137,"E5E6","Modern","Egypt","El Quseir","Mangrove Bay","25/10/2023",25.8697167,34.419,10,NA,NA,NA,4.75,"Shallow reef slope",NA
2137,"E5E6","Modern","Egypt","El Quseir","Mangrove Bay","25/10/2023",25.8697167,34.419,10,NA,NA,NA,4.75,"Shallow reef slope",NA
2137,"E5E6","Modern","Egypt","El Quseir","Mangrove Bay","25/10/2023",25.8697167,34.419,10,NA,NA,NA,4.75,"Shallow reef slope",NA
2137,"E5E6","Modern","Egypt","El Quseir","Mangrove Bay","25/10/2023",25.8697167,34.419,10,NA,NA,NA,4.75,"Shallow reef slope",NA
2138,"E5E6","Modern","Egypt","El Quseir","Mangrove Bay","25/10/2023",25.8697167,34.419,3,NA,NA,NA,4.75,"Shallow reef slope",NA
2138,"E5E6","Modern","Egypt","El Quseir","Mangrove Bay","25/10/2023",25.8697167,34.419,3,NA,NA,NA,4.75,"Shallow reef slope",NA
2138,"E5E6","Modern","Egypt","El Quseir","Mangrove Bay","25/10/2023",25.8697167,34.419,3,NA,NA,NA,4.75,"Shallow reef slope",NA
2138,"E5E6","Modern","Egypt","El Quseir","Mangrove Bay","25/10/2023",25.8697167,34.419,3,NA,NA,NA,4.75,"Shallow reef slope",NA
2139,"E5E6","Modern","Egypt","El Quseir","Mangrove Bay","25/10/2023",25.8697167,34.419,7,"Heteroxenia","sp.",204616,4.75,"Shallow reef slope","SC"
2140,"E5E6","Modern","Egypt","El Quseir","Mangrove Bay","25/10/2023",25.8697167,34.419,4,NA,NA,NA,4.75,"Shallow reef slope",NA
2140,"E5E6","Modern","Egypt","El Quseir","Mangrove Bay","25/10/2023",25.8697167,34.419,4,NA,NA,NA,4.75,"Shallow reef slope",NA
2140,"E5E6","Modern","Egypt","El Quseir","Mangrove Bay","25/10/2023",25.8697167,34.419,4,NA,NA,NA,4.75,"Shallow reef slope",NA
2140,"E5E6","Modern","Egypt","El Quseir","Mangrove Bay","25/10/2023",25.8697167,34.419,4,NA,NA,NA,4.75,"Shallow reef slope",NA
2140,"E5E6","Modern","Egypt","El Quseir","Mangrove Bay","25/10/2023",25.8697167,34.419,4,NA,NA,NA,4.75,"Shallow reef slope",NA
2141,"E5E6","Modern","Egypt","El Quseir","Mangrove Bay","25/10/2023",25.8697167,34.419,1,NA,NA,NA,4.75,"Shallow reef slope",NA
2142,"E5E6","Modern","Egypt","El Quseir","Mangrove Bay","25/10/2023",25.8697167,34.419,2,"Heteroxenia","sp.",204616,4.75,"Shallow reef slope","SC"
2143,"E5E6","Modern","Egypt","El Quseir","Mangrove Bay","25/10/2023",25.8697167,34.419,2,"Heteroxenia","sp.",204616,4.75,"Shallow reef slope","SC"
2144,"E5E6","Modern","Egypt","El Quseir","Mangrove Bay","25/10/2023",25.8697167,34.419,4,"Heteroxenia","sp.",204616,4.75,"Shallow reef slope","SC"
2145,"E5E6","Modern","Egypt","El Quseir","Mangrove Bay","25/10/2023",25.8697167,34.419,12,"Heteroxenia","sp.",204616,4.75,"Shallow reef slope","SC"
2146,"E5E6","Modern","Egypt","El Quseir","Mangrove Bay","25/10/2023",25.8697167,34.419,1,"Heteroxenia","sp.",204616,4.75,"Shallow reef slope","SC"
2147,"E5E6","Modern","Egypt","El Quseir","Mangrove Bay","25/10/2023",25.8697167,34.419,2,"Heteroxenia","sp.",204616,4.75,"Shallow reef slope","SC"
2148,"E5E6","Modern","Egypt","El Quseir","Mangrove Bay","25/10/2023",25.8697167,34.419,2,"Heteroxenia","sp.",204616,4.75,"Shallow reef slope","SC"
2149,"E5E6","Modern","Egypt","El Quseir","Mangrove Bay","25/10/2023",25.8697167,34.419,5,"Heteroxenia","sp.",204616,4.75,"Shallow reef slope","SC"
2150,"E5E6","Modern","Egypt","El Quseir","Mangrove Bay","25/10/2023",25.8697167,34.419,4,"Heteroxenia","sp.",204616,4.75,"Shallow reef slope","SC"
2151,"E5E6","Modern","Egypt","El Quseir","Mangrove Bay","25/10/2023",25.8697167,34.419,10,"Heteroxenia","sp.",204616,4.75,"Shallow reef slope","SC"
2152,"E5E6","Modern","Egypt","El Quseir","Mangrove Bay","25/10/2023",25.8697167,34.419,12,"Heteroxenia","sp.",204616,4.75,"Shallow reef slope","SC"
2153,"E5E6","Modern","Egypt","El Quseir","Mangrove Bay","25/10/2023",25.8697167,34.419,27,"Heteroxenia","sp.",204616,4.75,"Shallow reef slope","SC"
2154,"E5E6","Modern","Egypt","El Quseir","Mangrove Bay","25/10/2023",25.8697167,34.419,13,"Heteroxenia","sp.",204616,4.75,"Shallow reef slope","SC"
2155,"E5E6","Modern","Egypt","El Quseir","Mangrove Bay","25/10/2023",25.8697167,34.419,3,"Heteroxenia","sp.",204616,4.75,"Shallow reef slope","SC"
2156,"E5E6","Modern","Egypt","El Quseir","Mangrove Bay","25/10/2023",25.8697167,34.419,5,NA,NA,NA,4.75,"Shallow reef slope",NA
2156,"E5E6","Modern","Egypt","El Quseir","Mangrove Bay","25/10/2023",25.8697167,34.419,5,NA,NA,NA,4.75,"Shallow reef slope",NA
2156,"E5E6","Modern","Egypt","El Quseir","Mangrove Bay","25/10/2023",25.8697167,34.419,5,NA,NA,NA,4.75,"Shallow reef slope",NA
2156,"E5E6","Modern","Egypt","El Quseir","Mangrove Bay","25/10/2023",25.8697167,34.419,5,NA,NA,NA,4.75,"Shallow reef slope",NA
2156,"E5E6","Modern","Egypt","El Quseir","Mangrove Bay","25/10/2023",25.8697167,34.419,5,NA,NA,NA,4.75,"Shallow reef slope",NA
2156,"E5E6","Modern","Egypt","El Quseir","Mangrove Bay","25/10/2023",25.8697167,34.419,5,NA,NA,NA,4.75,"Shallow reef slope",NA
2157,"E5E6","Modern","Egypt","El Quseir","Mangrove Bay","25/10/2023",25.8697167,34.419,7,"Heteroxenia","sp.",204616,4.75,"Shallow reef slope","SC"
2158,"E5E6","Modern","Egypt","El Quseir","Mangrove Bay","25/10/2023",25.8697167,34.419,45,"Heteroxenia","sp.",204616,4.75,"Shallow reef slope","SC"
2159,"E5E6","Modern","Egypt","El Quseir","Mangrove Bay","25/10/2023",25.8697167,34.419,12,"Heteroxenia","sp.",204616,4.75,"Shallow reef slope","SC"
2160,"E5E6","Modern","Egypt","El Quseir","Mangrove Bay","25/10/2023",25.8697167,34.419,5,NA,NA,NA,4.75,"Shallow reef slope",NA
2160,"E5E6","Modern","Egypt","El Quseir","Mangrove Bay","25/10/2023",25.8697167,34.419,5,NA,NA,NA,4.75,"Shallow reef slope",NA
2160,"E5E6","Modern","Egypt","El Quseir","Mangrove Bay","25/10/2023",25.8697167,34.419,5,NA,NA,NA,4.75,"Shallow reef slope",NA
2160,"E5E6","Modern","Egypt","El Quseir","Mangrove Bay","25/10/2023",25.8697167,34.419,5,NA,NA,NA,4.75,"Shallow reef slope",NA
2160,"E5E6","Modern","Egypt","El Quseir","Mangrove Bay","25/10/2023",25.8697167,34.419,5,NA,NA,NA,4.75,"Shallow reef slope",NA
2160,"E5E6","Modern","Egypt","El Quseir","Mangrove Bay","25/10/2023",25.8697167,34.419,5,NA,NA,NA,4.75,"Shallow reef slope",NA
2161,"E5E6","Modern","Egypt","El Quseir","Mangrove Bay","25/10/2023",25.8697167,34.419,14,"Heteroxenia","sp.",204616,4.75,"Shallow reef slope","SC"
2162,"E5E6","Modern","Egypt","El Quseir","Mangrove Bay","25/10/2023",25.8697167,34.419,25,"Heteroxenia","sp.",204616,4.75,"Shallow reef slope","SC"
2163,"E5E6","Modern","Egypt","El Quseir","Mangrove Bay","25/10/2023",25.8697167,34.419,14,"Heteroxenia","sp.",204616,4.75,"Shallow reef slope","SC"
2164,"E5E6","Modern","Egypt","El Quseir","Mangrove Bay","25/10/2023",25.8697167,34.419,5,"Heteroxenia","sp.",204616,4.75,"Shallow reef slope","SC"
2165,"E5E6","Modern","Egypt","El Quseir","Mangrove Bay","25/10/2023",25.8697167,34.419,8,"Heteroxenia","sp.",204616,4.75,"Shallow reef slope","SC"
2166,"E5E6","Modern","Egypt","El Quseir","Mangrove Bay","25/10/2023",25.8697167,34.419,1,"Heteroxenia","sp.",204616,4.75,"Shallow reef slope","SC"
2167,"E5E6","Modern","Egypt","El Quseir","Mangrove Bay","25/10/2023",25.8697167,34.419,12,"Heteroxenia","sp.",204616,4.75,"Shallow reef slope","SC"
2168,"E5E6","Modern","Egypt","El Quseir","Mangrove Bay","25/10/2023",25.8697167,34.419,8,"Heteroxenia","sp.",204616,4.75,"Shallow reef slope","SC"
2169,"E5E6","Modern","Egypt","El Quseir","Mangrove Bay","25/10/2023",25.8697167,34.419,12,"Heteroxenia","sp.",204616,4.75,"Shallow reef slope","SC"
2170,"E5E6","Modern","Egypt","El Quseir","Mangrove Bay","25/10/2023",25.8697167,34.419,4,"Heteroxenia","sp.",204616,4.75,"Shallow reef slope","SC"
2171,"E5E6","Modern","Egypt","El Quseir","Mangrove Bay","25/10/2023",25.8697167,34.419,47,NA,NA,NA,4.75,"Shallow reef slope",NA
2172,"E5E6","Modern","Egypt","El Quseir","Mangrove Bay","25/10/2023",25.8697167,34.419,71,"Heteroxenia","sp.",204616,4.75,"Shallow reef slope","SC"
2173,"E5E6","Modern","Egypt","El Quseir","Mangrove Bay","25/10/2023",25.8697167,34.419,7,"Heteroxenia","sp.",204616,4.75,"Shallow reef slope","SC"
2174,"E5E6","Modern","Egypt","El Quseir","Mangrove Bay","25/10/2023",25.8697167,34.419,10,NA,NA,NA,4.75,"Shallow reef slope",NA
2174,"E5E6","Modern","Egypt","El Quseir","Mangrove Bay","25/10/2023",25.8697167,34.419,10,NA,NA,NA,4.75,"Shallow reef slope",NA
2174,"E5E6","Modern","Egypt","El Quseir","Mangrove Bay","25/10/2023",25.8697167,34.419,10,NA,NA,NA,4.75,"Shallow reef slope",NA
2174,"E5E6","Modern","Egypt","El Quseir","Mangrove Bay","25/10/2023",25.8697167,34.419,10,NA,NA,NA,4.75,"Shallow reef slope",NA
2174,"E5E6","Modern","Egypt","El Quseir","Mangrove Bay","25/10/2023",25.8697167,34.419,10,NA,NA,NA,4.75,"Shallow reef slope",NA
2175,"E5E6","Modern","Egypt","El Quseir","Mangrove Bay","25/10/2023",25.8697167,34.419,22,"Heteroxenia","sp.",204616,4.75,"Shallow reef slope","SC"
2176,"E5E6","Modern","Egypt","El Quseir","Mangrove Bay","25/10/2023",25.8697167,34.419,6,NA,NA,NA,4.75,"Shallow reef slope",NA
2176,"E5E6","Modern","Egypt","El Quseir","Mangrove Bay","25/10/2023",25.8697167,34.419,6,NA,NA,NA,4.75,"Shallow reef slope",NA
2176,"E5E6","Modern","Egypt","El Quseir","Mangrove Bay","25/10/2023",25.8697167,34.419,6,NA,NA,NA,4.75,"Shallow reef slope",NA
2176,"E5E6","Modern","Egypt","El Quseir","Mangrove Bay","25/10/2023",25.8697167,34.419,6,NA,NA,NA,4.75,"Shallow reef slope",NA
2177,"E5E6","Modern","Egypt","El Quseir","Mangrove Bay","25/10/2023",25.8697167,34.419,7,NA,NA,NA,4.75,"Shallow reef slope",NA
2177,"E5E6","Modern","Egypt","El Quseir","Mangrove Bay","25/10/2023",25.8697167,34.419,7,NA,NA,NA,4.75,"Shallow reef slope",NA
2177,"E5E6","Modern","Egypt","El Quseir","Mangrove Bay","25/10/2023",25.8697167,34.419,7,NA,NA,NA,4.75,"Shallow reef slope",NA
2177,"E5E6","Modern","Egypt","El Quseir","Mangrove Bay","25/10/2023",25.8697167,34.419,7,NA,NA,NA,4.75,"Shallow reef slope",NA
2177,"E5E6","Modern","Egypt","El Quseir","Mangrove Bay","25/10/2023",25.8697167,34.419,7,NA,NA,NA,4.75,"Shallow reef slope",NA
2178,"E5E6","Modern","Egypt","El Quseir","Mangrove Bay","25/10/2023",25.8697167,34.419,5,NA,NA,NA,4.75,"Shallow reef slope",NA
2178,"E5E6","Modern","Egypt","El Quseir","Mangrove Bay","25/10/2023",25.8697167,34.419,5,NA,NA,NA,4.75,"Shallow reef slope",NA
2178,"E5E6","Modern","Egypt","El Quseir","Mangrove Bay","25/10/2023",25.8697167,34.419,5,NA,NA,NA,4.75,"Shallow reef slope",NA
2178,"E5E6","Modern","Egypt","El Quseir","Mangrove Bay","25/10/2023",25.8697167,34.419,5,NA,NA,NA,4.75,"Shallow reef slope",NA
2178,"E5E6","Modern","Egypt","El Quseir","Mangrove Bay","25/10/2023",25.8697167,34.419,5,NA,NA,NA,4.75,"Shallow reef slope",NA
2178,"E5E6","Modern","Egypt","El Quseir","Mangrove Bay","25/10/2023",25.8697167,34.419,5,NA,NA,NA,4.75,"Shallow reef slope",NA
2179,"E5E6","Modern","Egypt","El Quseir","Mangrove Bay","25/10/2023",25.8697167,34.419,2,NA,NA,NA,4.75,"Shallow reef slope",NA
2179,"E5E6","Modern","Egypt","El Quseir","Mangrove Bay","25/10/2023",25.8697167,34.419,2,NA,NA,NA,4.75,"Shallow reef slope",NA
2179,"E5E6","Modern","Egypt","El Quseir","Mangrove Bay","25/10/2023",25.8697167,34.419,2,NA,NA,NA,4.75,"Shallow reef slope",NA
2180,"F1F2","Modern","Egypt","El Quseir","Mangrove Bay","23/10/2023",25.8697167,34.419,24,NA,NA,NA,7.2,"Deeper reef slope",NA
2181,"F1F2","Modern","Egypt","El Quseir","Mangrove Bay","23/10/2023",25.8697167,34.419,6,NA,NA,NA,7.2,"Deeper reef slope",NA
2181,"F1F2","Modern","Egypt","El Quseir","Mangrove Bay","23/10/2023",25.8697167,34.419,6,NA,NA,NA,7.2,"Deeper reef slope",NA
2182,"F1F2","Modern","Egypt","El Quseir","Mangrove Bay","23/10/2023",25.8697167,34.419,26,NA,NA,NA,7.2,"Deeper reef slope",NA
2182,"F1F2","Modern","Egypt","El Quseir","Mangrove Bay","23/10/2023",25.8697167,34.419,26,NA,NA,NA,7.2,"Deeper reef slope",NA
2183,"F1F2","Modern","Egypt","El Quseir","Mangrove Bay","23/10/2023",25.8697167,34.419,51,NA,NA,NA,7.2,"Deeper reef slope",NA
2184,"F1F2","Modern","Egypt","El Quseir","Mangrove Bay","23/10/2023",25.8697167,34.419,6,NA,NA,NA,7.2,"Deeper reef slope",NA
2184,"F1F2","Modern","Egypt","El Quseir","Mangrove Bay","23/10/2023",25.8697167,34.419,6,NA,NA,NA,7.2,"Deeper reef slope",NA
2185,"F1F2","Modern","Egypt","El Quseir","Mangrove Bay","23/10/2023",25.8697167,34.419,79,NA,NA,NA,7.2,"Deeper reef slope",NA
2186,"F1F2","Modern","Egypt","El Quseir","Mangrove Bay","23/10/2023",25.8697167,34.419,8,NA,NA,NA,7.2,"Deeper reef slope",NA
2186,"F1F2","Modern","Egypt","El Quseir","Mangrove Bay","23/10/2023",25.8697167,34.419,8,NA,NA,NA,7.2,"Deeper reef slope",NA
2187,"F1F2","Modern","Egypt","El Quseir","Mangrove Bay","23/10/2023",25.8697167,34.419,25,NA,NA,NA,7.2,"Deeper reef slope",NA
2188,"F1F2","Modern","Egypt","El Quseir","Mangrove Bay","23/10/2023",25.8697167,34.419,18,NA,NA,NA,7.2,"Deeper reef slope",NA
2188,"F1F2","Modern","Egypt","El Quseir","Mangrove Bay","23/10/2023",25.8697167,34.419,18,NA,NA,NA,7.2,"Deeper reef slope",NA
2189,"F1F2","Modern","Egypt","El Quseir","Mangrove Bay","23/10/2023",25.8697167,34.419,12,NA,NA,NA,7.2,"Deeper reef slope",NA
2189,"F1F2","Modern","Egypt","El Quseir","Mangrove Bay","23/10/2023",25.8697167,34.419,12,NA,NA,NA,7.2,"Deeper reef slope",NA
2189,"F1F2","Modern","Egypt","El Quseir","Mangrove Bay","23/10/2023",25.8697167,34.419,12,NA,NA,NA,7.2,"Deeper reef slope",NA
2190,"F1F2","Modern","Egypt","El Quseir","Mangrove Bay","23/10/2023",25.8697167,34.419,7,NA,NA,NA,7.2,"Deeper reef slope",NA
2190,"F1F2","Modern","Egypt","El Quseir","Mangrove Bay","23/10/2023",25.8697167,34.419,7,NA,NA,NA,7.2,"Deeper reef slope",NA
2191,"F1F2","Modern","Egypt","El Quseir","Mangrove Bay","23/10/2023",25.8697167,34.419,8,NA,NA,NA,7.2,"Deeper reef slope",NA
2191,"F1F2","Modern","Egypt","El Quseir","Mangrove Bay","23/10/2023",25.8697167,34.419,8,NA,NA,NA,7.2,"Deeper reef slope",NA
2192,"F1F2","Modern","Egypt","El Quseir","Mangrove Bay","23/10/2023",25.8697167,34.419,41,NA,NA,NA,7.2,"Deeper reef slope",NA
2193,"F1F2","Modern","Egypt","El Quseir","Mangrove Bay","23/10/2023",25.8697167,34.419,70,NA,NA,NA,7.2,"Deeper reef slope",NA
2193,"F1F2","Modern","Egypt","El Quseir","Mangrove Bay","23/10/2023",25.8697167,34.419,70,NA,NA,NA,7.2,"Deeper reef slope",NA
2194,"F1F2","Modern","Egypt","El Quseir","Mangrove Bay","23/10/2023",25.8697167,34.419,55,NA,NA,NA,7.2,"Deeper reef slope",NA
2195,"F1F2","Modern","Egypt","El Quseir","Mangrove Bay","23/10/2023",25.8697167,34.419,25,NA,NA,NA,7.2,"Deeper reef slope",NA
2196,"F1F2","Modern","Egypt","El Quseir","Mangrove Bay","23/10/2023",25.8697167,34.419,8,NA,NA,NA,7.2,"Deeper reef slope",NA
2196,"F1F2","Modern","Egypt","El Quseir","Mangrove Bay","23/10/2023",25.8697167,34.419,8,NA,NA,NA,7.2,"Deeper reef slope",NA
2197,"F1F2","Modern","Egypt","El Quseir","Mangrove Bay","23/10/2023",25.8697167,34.419,15,NA,NA,NA,7.2,"Deeper reef slope",NA
2197,"F1F2","Modern","Egypt","El Quseir","Mangrove Bay","23/10/2023",25.8697167,34.419,15,NA,NA,NA,7.2,"Deeper reef slope",NA
2198,"F1F2","Modern","Egypt","El Quseir","Mangrove Bay","23/10/2023",25.8697167,34.419,11,"Pocillopora","verrucosa",206954,7.2,"Deeper reef slope","CB"
2199,"F1F2","Modern","Egypt","El Quseir","Mangrove Bay","23/10/2023",25.8697167,34.419,5,"Pocillopora","verrucosa",206954,7.2,"Deeper reef slope","CB"
2200,"F1F2","Modern","Egypt","El Quseir","Mangrove Bay","23/10/2023",25.8697167,34.419,2,"Pocillopora","sp.",206938,7.2,"Deeper reef slope","CB"
2201,"F1F2","Modern","Egypt","El Quseir","Mangrove Bay","23/10/2023",25.8697167,34.419,4,"Pocillopora","verrucosa",206954,7.2,"Deeper reef slope","CB"
2202,"F1F2","Modern","Egypt","El Quseir","Mangrove Bay","23/10/2023",25.8697167,34.419,15,"Stylophora","subseriata",206980,7.2,"Deeper reef slope","CB"
2203,"F1F2","Modern","Egypt","El Quseir","Mangrove Bay","23/10/2023",25.8697167,34.419,21,"Porites","sp.",NA,7.2,"Deeper reef slope","CDA"
2204,"F1F2","Modern","Egypt","El Quseir","Mangrove Bay","23/10/2023",25.8697167,34.419,10,"Porites","sp.",NA,7.2,"Deeper reef slope","CDA"
2204,"F1F2","Modern","Egypt","El Quseir","Mangrove Bay","23/10/2023",25.8697167,34.419,10,"Porites","sp.",NA,7.2,"Deeper reef slope","CM"
2205,"F1F2","Modern","Egypt","El Quseir","Mangrove Bay","23/10/2023",25.8697167,34.419,7,"Porites","sp.",NA,7.2,"Deeper reef slope","CDA"
2205,"F1F2","Modern","Egypt","El Quseir","Mangrove Bay","23/10/2023",25.8697167,34.419,7,"Porites","sp.",NA,7.2,"Deeper reef slope","CM"
2206,"F1F2","Modern","Egypt","El Quseir","Mangrove Bay","23/10/2023",25.8697167,34.419,2,"Porites","sp.",NA,7.2,"Deeper reef slope","CDA"
2206,"F1F2","Modern","Egypt","El Quseir","Mangrove Bay","23/10/2023",25.8697167,34.419,2,"Porites","sp.",NA,7.2,"Deeper reef slope","CE"
2207,"F1F2","Modern","Egypt","El Quseir","Mangrove Bay","23/10/2023",25.8697167,34.419,5,NA,NA,NA,7.2,"Deeper reef slope",NA
2207,"F1F2","Modern","Egypt","El Quseir","Mangrove Bay","23/10/2023",25.8697167,34.419,5,NA,NA,NA,7.2,"Deeper reef slope",NA
2207,"F1F2","Modern","Egypt","El Quseir","Mangrove Bay","23/10/2023",25.8697167,34.419,5,NA,NA,NA,7.2,"Deeper reef slope",NA
2207,"F1F2","Modern","Egypt","El Quseir","Mangrove Bay","23/10/2023",25.8697167,34.419,5,NA,NA,NA,7.2,"Deeper reef slope",NA
2208,"F1F2","Modern","Egypt","El Quseir","Mangrove Bay","23/10/2023",25.8697167,34.419,22,"Porites","sp.",NA,7.2,"Deeper reef slope","CDA"
2209,"F1F2","Modern","Egypt","El Quseir","Mangrove Bay","23/10/2023",25.8697167,34.419,5,NA,NA,NA,7.2,"Deeper reef slope",NA
2209,"F1F2","Modern","Egypt","El Quseir","Mangrove Bay","23/10/2023",25.8697167,34.419,5,NA,NA,NA,7.2,"Deeper reef slope",NA
2209,"F1F2","Modern","Egypt","El Quseir","Mangrove Bay","23/10/2023",25.8697167,34.419,5,NA,NA,NA,7.2,"Deeper reef slope",NA
2209,"F1F2","Modern","Egypt","El Quseir","Mangrove Bay","23/10/2023",25.8697167,34.419,5,NA,NA,NA,7.2,"Deeper reef slope",NA
2210,"F1F2","Modern","Egypt","El Quseir","Mangrove Bay","23/10/2023",25.8697167,34.419,4,NA,NA,NA,7.2,"Deeper reef slope",NA
2210,"F1F2","Modern","Egypt","El Quseir","Mangrove Bay","23/10/2023",25.8697167,34.419,4,NA,NA,NA,7.2,"Deeper reef slope",NA
2210,"F1F2","Modern","Egypt","El Quseir","Mangrove Bay","23/10/2023",25.8697167,34.419,4,NA,NA,NA,7.2,"Deeper reef slope",NA
2210,"F1F2","Modern","Egypt","El Quseir","Mangrove Bay","23/10/2023",25.8697167,34.419,4,NA,NA,NA,7.2,"Deeper reef slope",NA
2211,"F1F2","Modern","Egypt","El Quseir","Mangrove Bay","23/10/2023",25.8697167,34.419,9,NA,NA,NA,7.2,"Deeper reef slope",NA
2211,"F1F2","Modern","Egypt","El Quseir","Mangrove Bay","23/10/2023",25.8697167,34.419,9,NA,NA,NA,7.2,"Deeper reef slope",NA
2211,"F1F2","Modern","Egypt","El Quseir","Mangrove Bay","23/10/2023",25.8697167,34.419,9,NA,NA,NA,7.2,"Deeper reef slope",NA
2212,"F1F2","Modern","Egypt","El Quseir","Mangrove Bay","23/10/2023",25.8697167,34.419,14,"Porites","sp.",NA,7.2,"Deeper reef slope","CDA"
2212,"F1F2","Modern","Egypt","El Quseir","Mangrove Bay","23/10/2023",25.8697167,34.419,14,"Porites","sp.",NA,7.2,"Deeper reef slope","CM"
2213,"F1F2","Modern","Egypt","El Quseir","Mangrove Bay","23/10/2023",25.8697167,34.419,7,"Pocillopora","sp.",NA,7.2,"Deeper reef slope","CDA"
2214,"F1F2","Modern","Egypt","El Quseir","Mangrove Bay","23/10/2023",25.8697167,34.419,13,NA,NA,NA,7.2,"Deeper reef slope",NA
2215,"F1F2","Modern","Egypt","El Quseir","Mangrove Bay","23/10/2023",25.8697167,34.419,3,NA,NA,NA,7.2,"Deeper reef slope",NA
2215,"F1F2","Modern","Egypt","El Quseir","Mangrove Bay","23/10/2023",25.8697167,34.419,3,NA,NA,NA,7.2,"Deeper reef slope",NA
2216,"F1F2","Modern","Egypt","El Quseir","Mangrove Bay","23/10/2023",25.8697167,34.419,5,NA,NA,NA,7.2,"Deeper reef slope",NA
2216,"F1F2","Modern","Egypt","El Quseir","Mangrove Bay","23/10/2023",25.8697167,34.419,5,NA,NA,NA,7.2,"Deeper reef slope",NA
2216,"F1F2","Modern","Egypt","El Quseir","Mangrove Bay","23/10/2023",25.8697167,34.419,5,NA,NA,NA,7.2,"Deeper reef slope",NA
2216,"F1F2","Modern","Egypt","El Quseir","Mangrove Bay","23/10/2023",25.8697167,34.419,5,NA,NA,NA,7.2,"Deeper reef slope",NA
2217,"F1F2","Modern","Egypt","El Quseir","Mangrove Bay","23/10/2023",25.8697167,34.419,23,"Porites","rus",207231,7.2,"Deeper reef slope","CE"
2218,"F1F2","Modern","Egypt","El Quseir","Mangrove Bay","23/10/2023",25.8697167,34.419,5,"Leptastrea","purpurea",207470,7.2,"Deeper reef slope","CE"
2219,"F1F2","Modern","Egypt","El Quseir","Mangrove Bay","23/10/2023",25.8697167,34.419,2,"Porites","sp.",206485,7.2,"Deeper reef slope","CDA"
2219,"F1F2","Modern","Egypt","El Quseir","Mangrove Bay","23/10/2023",25.8697167,34.419,2,"Porites","sp.",206485,7.2,"Deeper reef slope","CE"
2220,"F1F2","Modern","Egypt","El Quseir","Mangrove Bay","23/10/2023",25.8697167,34.419,2,"Porites","rus",207231,7.2,"Deeper reef slope","CDA"
2220,"F1F2","Modern","Egypt","El Quseir","Mangrove Bay","23/10/2023",25.8697167,34.419,2,"Porites","rus",207231,7.2,"Deeper reef slope","CE"
2221,"F1F2","Modern","Egypt","El Quseir","Mangrove Bay","23/10/2023",25.8697167,34.419,19,"Porites","rus",207231,7.2,"Deeper reef slope","CE"
2221,"F1F2","Modern","Egypt","El Quseir","Mangrove Bay","23/10/2023",25.8697167,34.419,19,"Porites","rus",207231,7.2,"Deeper reef slope","CM"
2222,"F1F2","Modern","Egypt","El Quseir","Mangrove Bay","23/10/2023",25.8697167,34.419,5,"Leptastrea","purpurea",207470,7.2,"Deeper reef slope","CE"
2223,"F1F2","Modern","Egypt","El Quseir","Mangrove Bay","23/10/2023",25.8697167,34.419,8,"Porites","rus",207231,7.2,"Deeper reef slope","CE"
2223,"F1F2","Modern","Egypt","El Quseir","Mangrove Bay","23/10/2023",25.8697167,34.419,8,"Porites","rus",207231,7.2,"Deeper reef slope","CM"
2224,"F1F2","Modern","Egypt","El Quseir","Mangrove Bay","23/10/2023",25.8697167,34.419,6,"Porites","rus",207231,7.2,"Deeper reef slope","CE"
2224,"F1F2","Modern","Egypt","El Quseir","Mangrove Bay","23/10/2023",25.8697167,34.419,6,"Porites","rus",207231,7.2,"Deeper reef slope","CM"
2225,"F1F2","Modern","Egypt","El Quseir","Mangrove Bay","23/10/2023",25.8697167,34.419,19,"Montipora","tuberculosa",207156,7.2,"Deeper reef slope","CE"
2226,"F1F2","Modern","Egypt","El Quseir","Mangrove Bay","23/10/2023",25.8697167,34.419,3,"Cyphastrea","microphthalma",207416,7.2,"Deeper reef slope","CE"
2227,"F1F2","Modern","Egypt","El Quseir","Mangrove Bay","23/10/2023",25.8697167,34.419,10,"Montipora","tuberculosa",207156,7.2,"Deeper reef slope","CE"
2228,"F1F2","Modern","Egypt","El Quseir","Mangrove Bay","23/10/2023",25.8697167,34.419,1,"Porites","sp.",206485,7.2,"Deeper reef slope","CM"
2229,"F1F2","Modern","Egypt","El Quseir","Mangrove Bay","23/10/2023",25.8697167,34.419,5,"Porites","sp.",206485,7.2,"Deeper reef slope","CM"
2230,"F1F2","Modern","Egypt","El Quseir","Mangrove Bay","23/10/2023",25.8697167,34.419,4,"Porites","sp.",206485,7.2,"Deeper reef slope","CM"
2231,"F1F2","Modern","Egypt","El Quseir","Mangrove Bay","23/10/2023",25.8697167,34.419,4,"Porites","sp.",206485,7.2,"Deeper reef slope","CM"
2232,"F1F2","Modern","Egypt","El Quseir","Mangrove Bay","23/10/2023",25.8697167,34.419,15,"Goniastrea","edwardsi",207466,7.2,"Deeper reef slope","CM"
2233,"F1F2","Modern","Egypt","El Quseir","Mangrove Bay","23/10/2023",25.8697167,34.419,26,"Porites","sp.",206485,7.2,"Deeper reef slope","CM"
2234,"F1F2","Modern","Egypt","El Quseir","Mangrove Bay","23/10/2023",25.8697167,34.419,30,"Porites","sp.",206485,7.2,"Deeper reef slope","CM"
2235,"F1F2","Modern","Egypt","El Quseir","Mangrove Bay","23/10/2023",25.8697167,34.419,14,"Porites","sp.",206485,7.2,"Deeper reef slope","CDA"
2235,"F1F2","Modern","Egypt","El Quseir","Mangrove Bay","23/10/2023",25.8697167,34.419,14,"Porites","sp.",206485,7.2,"Deeper reef slope","CM"
2236,"F1F2","Modern","Egypt","El Quseir","Mangrove Bay","23/10/2023",25.8697167,34.419,18,"Porites","sp.",206485,7.2,"Deeper reef slope","CM"
2237,"F1F2","Modern","Egypt","El Quseir","Mangrove Bay","23/10/2023",25.8697167,34.419,19,"Porites","sp.",206485,7.2,"Deeper reef slope","CE"
2237,"F1F2","Modern","Egypt","El Quseir","Mangrove Bay","23/10/2023",25.8697167,34.419,19,"Porites","sp.",206485,7.2,"Deeper reef slope","CM"
2238,"F1F2","Modern","Egypt","El Quseir","Mangrove Bay","23/10/2023",25.8697167,34.419,18,"Porites","sp.",206485,7.2,"Deeper reef slope","CM"
2239,"F1F2","Modern","Egypt","El Quseir","Mangrove Bay","23/10/2023",25.8697167,34.419,32,"Porites","sp.",206485,7.2,"Deeper reef slope","CM"
2240,"F1F2","Modern","Egypt","El Quseir","Mangrove Bay","23/10/2023",25.8697167,34.419,5,"Porites","sp.",206485,7.2,"Deeper reef slope","CM"
2241,"F1F2","Modern","Egypt","El Quseir","Mangrove Bay","23/10/2023",25.8697167,34.419,3,"Porites","sp.",206485,7.2,"Deeper reef slope","CM"
2242,"F1F2","Modern","Egypt","El Quseir","Mangrove Bay","23/10/2023",25.8697167,34.419,13,"Porites","sp.",206485,7.2,"Deeper reef slope","CM"
2243,"F1F2","Modern","Egypt","El Quseir","Mangrove Bay","23/10/2023",25.8697167,34.419,9,"Porites","sp.",206485,7.2,"Deeper reef slope","CM"
2244,"F1F2","Modern","Egypt","El Quseir","Mangrove Bay","23/10/2023",25.8697167,34.419,11,"Porites","sp.",206485,7.2,"Deeper reef slope","CM"
2245,"F1F2","Modern","Egypt","El Quseir","Mangrove Bay","23/10/2023",25.8697167,34.419,6,"Porites","sp.",206485,7.2,"Deeper reef slope","CE"
2245,"F1F2","Modern","Egypt","El Quseir","Mangrove Bay","23/10/2023",25.8697167,34.419,6,"Porites","sp.",206485,7.2,"Deeper reef slope","CM"
2246,"F1F2","Modern","Egypt","El Quseir","Mangrove Bay","23/10/2023",25.8697167,34.419,3,"Porites","sp.",206485,7.2,"Deeper reef slope","CM"
2247,"F1F2","Modern","Egypt","El Quseir","Mangrove Bay","23/10/2023",25.8697167,34.419,17,"Porites","sp.",206485,7.2,"Deeper reef slope","CM"
2248,"F1F2","Modern","Egypt","El Quseir","Mangrove Bay","23/10/2023",25.8697167,34.419,7,"Porites","sp.",206485,7.2,"Deeper reef slope","CDA"
2248,"F1F2","Modern","Egypt","El Quseir","Mangrove Bay","23/10/2023",25.8697167,34.419,7,"Porites","sp.",206485,7.2,"Deeper reef slope","CM"
2249,"F1F2","Modern","Egypt","El Quseir","Mangrove Bay","23/10/2023",25.8697167,34.419,3,"Porites","sp.",206485,7.2,"Deeper reef slope","CM"
2250,"F1F2","Modern","Egypt","El Quseir","Mangrove Bay","23/10/2023",25.8697167,34.419,8,"Porites","sp.",206485,7.2,"Deeper reef slope","CE"
2250,"F1F2","Modern","Egypt","El Quseir","Mangrove Bay","23/10/2023",25.8697167,34.419,8,"Porites","sp.",206485,7.2,"Deeper reef slope","CM"
2251,"F1F2","Modern","Egypt","El Quseir","Mangrove Bay","23/10/2023",25.8697167,34.419,8,"Porites","sp.",206485,7.2,"Deeper reef slope","CE"
2251,"F1F2","Modern","Egypt","El Quseir","Mangrove Bay","23/10/2023",25.8697167,34.419,8,"Porites","sp.",206485,7.2,"Deeper reef slope","CM"
2252,"F1F2","Modern","Egypt","El Quseir","Mangrove Bay","23/10/2023",25.8697167,34.419,14,"Porites","sp.",206485,7.2,"Deeper reef slope","CDA"
2252,"F1F2","Modern","Egypt","El Quseir","Mangrove Bay","23/10/2023",25.8697167,34.419,14,"Porites","sp.",206485,7.2,"Deeper reef slope","CM"
2253,"F1F2","Modern","Egypt","El Quseir","Mangrove Bay","23/10/2023",25.8697167,34.419,6,"Porites","sp.",206485,7.2,"Deeper reef slope","CE"
2253,"F1F2","Modern","Egypt","El Quseir","Mangrove Bay","23/10/2023",25.8697167,34.419,6,"Porites","sp.",206485,7.2,"Deeper reef slope","CM"
2254,"F1F2","Modern","Egypt","El Quseir","Mangrove Bay","23/10/2023",25.8697167,34.419,10,"Porites","sp.",206485,7.2,"Deeper reef slope","CDA"
2254,"F1F2","Modern","Egypt","El Quseir","Mangrove Bay","23/10/2023",25.8697167,34.419,10,"Porites","sp.",206485,7.2,"Deeper reef slope","CM"
2255,"F1F2","Modern","Egypt","El Quseir","Mangrove Bay","23/10/2023",25.8697167,34.419,3,"Porites","sp.",206485,7.2,"Deeper reef slope","CM"
2256,"F1F2","Modern","Egypt","El Quseir","Mangrove Bay","23/10/2023",25.8697167,34.419,15,"Porites","sp.",206485,7.2,"Deeper reef slope","CM"
2257,"F1F2","Modern","Egypt","El Quseir","Mangrove Bay","23/10/2023",25.8697167,34.419,4,"Millepora","exaesa",210728,7.2,"Deeper reef slope","CME"
2258,"F1F2","Modern","Egypt","El Quseir","Mangrove Bay","23/10/2023",25.8697167,34.419,6,"Millepora","exaesa",210728,7.2,"Deeper reef slope","CME"
2259,"F1F2","Modern","Egypt","El Quseir","Mangrove Bay","23/10/2023",25.8697167,34.419,5,"Millepora","dichotoma",210733,7.2,"Deeper reef slope","CME"
2260,"F1F2","Modern","Egypt","El Quseir","Mangrove Bay","23/10/2023",25.8697167,34.419,2,"Millepora","dichotoma",210733,7.2,"Deeper reef slope","CME"
2261,"F1F2","Modern","Egypt","El Quseir","Mangrove Bay","23/10/2023",25.8697167,34.419,56,"GAP","GAP",NA,7.2,"Deeper reef slope",NA
2262,"F1F2","Modern","Egypt","El Quseir","Mangrove Bay","23/10/2023",25.8697167,34.419,10,"GAP","GAP",NA,7.2,"Deeper reef slope",NA
2263,"F1F2","Modern","Egypt","El Quseir","Mangrove Bay","23/10/2023",25.8697167,34.419,5,"GAP","GAP",NA,7.2,"Deeper reef slope",NA
2264,"F1F2","Modern","Egypt","El Quseir","Mangrove Bay","23/10/2023",25.8697167,34.419,57,"GAP","GAP",NA,7.2,"Deeper reef slope",NA
2265,"F1F2","Modern","Egypt","El Quseir","Mangrove Bay","23/10/2023",25.8697167,34.419,4,"GAP","GAP",NA,7.2,"Deeper reef slope",NA
2266,"F1F2","Modern","Egypt","El Quseir","Mangrove Bay","23/10/2023",25.8697167,34.419,11,"GAP","GAP",NA,7.2,"Deeper reef slope",NA
2267,"F1F2","Modern","Egypt","El Quseir","Mangrove Bay","23/10/2023",25.8697167,34.419,7,"GAP","GAP",NA,7.2,"Deeper reef slope",NA
2268,"F1F2","Modern","Egypt","El Quseir","Mangrove Bay","23/10/2023",25.8697167,34.419,69,"GAP","GAP",NA,7.2,"Deeper reef slope",NA
2269,"F1F2","Modern","Egypt","El Quseir","Mangrove Bay","23/10/2023",25.8697167,34.419,4,"GAP","GAP",NA,7.2,"Deeper reef slope",NA
2270,"F1F2","Modern","Egypt","El Quseir","Mangrove Bay","23/10/2023",25.8697167,34.419,10,"GAP","GAP",NA,7.2,"Deeper reef slope",NA
2271,"F1F2","Modern","Egypt","El Quseir","Mangrove Bay","23/10/2023",25.8697167,34.419,21,"GAP","GAP",NA,7.2,"Deeper reef slope",NA
2272,"F1F2","Modern","Egypt","El Quseir","Mangrove Bay","23/10/2023",25.8697167,34.419,12,"GAP","GAP",NA,7.2,"Deeper reef slope",NA
2273,"F1F2","Modern","Egypt","El Quseir","Mangrove Bay","23/10/2023",25.8697167,34.419,9,"GAP","GAP",NA,7.2,"Deeper reef slope",NA
2274,"F1F2","Modern","Egypt","El Quseir","Mangrove Bay","23/10/2023",25.8697167,34.419,36,"GAP","GAP",NA,7.2,"Deeper reef slope",NA
2275,"F1F2","Modern","Egypt","El Quseir","Mangrove Bay","23/10/2023",25.8697167,34.419,10,"GAP","GAP",NA,7.2,"Deeper reef slope",NA
2276,"F1F2","Modern","Egypt","El Quseir","Mangrove Bay","23/10/2023",25.8697167,34.419,7,"GAP","GAP",NA,7.2,"Deeper reef slope",NA
2277,"F1F2","Modern","Egypt","El Quseir","Mangrove Bay","23/10/2023",25.8697167,34.419,37,"GAP","GAP",NA,7.2,"Deeper reef slope",NA
2278,"F1F2","Modern","Egypt","El Quseir","Mangrove Bay","23/10/2023",25.8697167,34.419,23,"GAP","GAP",NA,7.2,"Deeper reef slope",NA
2279,"F1F2","Modern","Egypt","El Quseir","Mangrove Bay","23/10/2023",25.8697167,34.419,70,"GAP","GAP",NA,7.2,"Deeper reef slope",NA
2280,"F1F2","Modern","Egypt","El Quseir","Mangrove Bay","23/10/2023",25.8697167,34.419,11,"GAP","GAP",NA,7.2,"Deeper reef slope",NA
2281,"F1F2","Modern","Egypt","El Quseir","Mangrove Bay","23/10/2023",25.8697167,34.419,5,"GAP","GAP",NA,7.2,"Deeper reef slope",NA
2282,"F1F2","Modern","Egypt","El Quseir","Mangrove Bay","23/10/2023",25.8697167,34.419,14,"GAP","GAP",NA,7.2,"Deeper reef slope",NA
2283,"F1F2","Modern","Egypt","El Quseir","Mangrove Bay","23/10/2023",25.8697167,34.419,5,"GAP","GAP",NA,7.2,"Deeper reef slope",NA
2284,"F1F2","Modern","Egypt","El Quseir","Mangrove Bay","23/10/2023",25.8697167,34.419,42,"GAP","GAP",NA,7.2,"Deeper reef slope",NA
2285,"F1F2","Modern","Egypt","El Quseir","Mangrove Bay","23/10/2023",25.8697167,34.419,4,"GAP","GAP",NA,7.2,"Deeper reef slope",NA
2286,"F1F2","Modern","Egypt","El Quseir","Mangrove Bay","23/10/2023",25.8697167,34.419,21,"GAP","GAP",NA,7.2,"Deeper reef slope",NA
2287,"F1F2","Modern","Egypt","El Quseir","Mangrove Bay","23/10/2023",25.8697167,34.419,17,"GAP","GAP",NA,7.2,"Deeper reef slope",NA
2288,"F1F2","Modern","Egypt","El Quseir","Mangrove Bay","23/10/2023",25.8697167,34.419,9,"GAP","GAP",NA,7.2,"Deeper reef slope",NA
2289,"F1F2","Modern","Egypt","El Quseir","Mangrove Bay","23/10/2023",25.8697167,34.419,22,"GAP","GAP",NA,7.2,"Deeper reef slope",NA
2290,"F1F2","Modern","Egypt","El Quseir","Mangrove Bay","23/10/2023",25.8697167,34.419,60,"GAP","GAP",NA,7.2,"Deeper reef slope",NA
2291,"F1F2","Modern","Egypt","El Quseir","Mangrove Bay","23/10/2023",25.8697167,34.419,18,"GAP","GAP",NA,7.2,"Deeper reef slope",NA
2292,"F1F2","Modern","Egypt","El Quseir","Mangrove Bay","23/10/2023",25.8697167,34.419,16,"GAP","GAP",NA,7.2,"Deeper reef slope",NA
2293,"F1F2","Modern","Egypt","El Quseir","Mangrove Bay","23/10/2023",25.8697167,34.419,10,"GAP","GAP",NA,7.2,"Deeper reef slope",NA
2294,"F1F2","Modern","Egypt","El Quseir","Mangrove Bay","23/10/2023",25.8697167,34.419,15,"GAP","GAP",NA,7.2,"Deeper reef slope",NA
2295,"F1F2","Modern","Egypt","El Quseir","Mangrove Bay","23/10/2023",25.8697167,34.419,5,"Tridacna","sp.",205753,7.2,"Deeper reef slope","MOLL"
2296,"F1F2","Modern","Egypt","El Quseir","Mangrove Bay","23/10/2023",25.8697167,34.419,2,"Tridacna","sp.",205753,7.2,"Deeper reef slope","MOLL"
2297,"F1F2","Modern","Egypt","El Quseir","Mangrove Bay","23/10/2023",25.8697167,34.419,22,NA,NA,NA,7.2,"Deeper reef slope",NA
2297,"F1F2","Modern","Egypt","El Quseir","Mangrove Bay","23/10/2023",25.8697167,34.419,22,NA,NA,NA,7.2,"Deeper reef slope",NA
2298,"F1F2","Modern","Egypt","El Quseir","Mangrove Bay","23/10/2023",25.8697167,34.419,26,NA,NA,NA,7.2,"Deeper reef slope",NA
2298,"F1F2","Modern","Egypt","El Quseir","Mangrove Bay","23/10/2023",25.8697167,34.419,26,NA,NA,NA,7.2,"Deeper reef slope",NA
2299,"F1F2","Modern","Egypt","El Quseir","Mangrove Bay","23/10/2023",25.8697167,34.419,6,NA,NA,NA,7.2,"Deeper reef slope",NA
2299,"F1F2","Modern","Egypt","El Quseir","Mangrove Bay","23/10/2023",25.8697167,34.419,6,NA,NA,NA,7.2,"Deeper reef slope",NA
2300,"F1F2","Modern","Egypt","El Quseir","Mangrove Bay","23/10/2023",25.8697167,34.419,4,NA,NA,NA,7.2,"Deeper reef slope",NA
2300,"F1F2","Modern","Egypt","El Quseir","Mangrove Bay","23/10/2023",25.8697167,34.419,4,NA,NA,NA,7.2,"Deeper reef slope",NA
2300,"F1F2","Modern","Egypt","El Quseir","Mangrove Bay","23/10/2023",25.8697167,34.419,4,NA,NA,NA,7.2,"Deeper reef slope",NA
2300,"F1F2","Modern","Egypt","El Quseir","Mangrove Bay","23/10/2023",25.8697167,34.419,4,NA,NA,NA,7.2,"Deeper reef slope",NA
2301,"F1F2","Modern","Egypt","El Quseir","Mangrove Bay","23/10/2023",25.8697167,34.419,8,NA,NA,NA,7.2,"Deeper reef slope",NA
2301,"F1F2","Modern","Egypt","El Quseir","Mangrove Bay","23/10/2023",25.8697167,34.419,8,NA,NA,NA,7.2,"Deeper reef slope",NA
2302,"F1F2","Modern","Egypt","El Quseir","Mangrove Bay","23/10/2023",25.8697167,34.419,8,NA,NA,NA,7.2,"Deeper reef slope",NA
2302,"F1F2","Modern","Egypt","El Quseir","Mangrove Bay","23/10/2023",25.8697167,34.419,8,NA,NA,NA,7.2,"Deeper reef slope",NA
2303,"F1F2","Modern","Egypt","El Quseir","Mangrove Bay","23/10/2023",25.8697167,34.419,4,NA,NA,NA,7.2,"Deeper reef slope",NA
2303,"F1F2","Modern","Egypt","El Quseir","Mangrove Bay","23/10/2023",25.8697167,34.419,4,NA,NA,NA,7.2,"Deeper reef slope",NA
2303,"F1F2","Modern","Egypt","El Quseir","Mangrove Bay","23/10/2023",25.8697167,34.419,4,NA,NA,NA,7.2,"Deeper reef slope",NA
2303,"F1F2","Modern","Egypt","El Quseir","Mangrove Bay","23/10/2023",25.8697167,34.419,4,NA,NA,NA,7.2,"Deeper reef slope",NA
2304,"F1F2","Modern","Egypt","El Quseir","Mangrove Bay","23/10/2023",25.8697167,34.419,5,"Heteroxenia","sp.",204616,7.2,"Deeper reef slope","SC"
2305,"F1F2","Modern","Egypt","El Quseir","Mangrove Bay","23/10/2023",25.8697167,34.419,8,"Heteroxenia","sp.",204616,7.2,"Deeper reef slope","SC"
2306,"F1F2","Modern","Egypt","El Quseir","Mangrove Bay","23/10/2023",25.8697167,34.419,12,"Heteroxenia","sp.",204616,7.2,"Deeper reef slope","SC"
2307,"F1F2","Modern","Egypt","El Quseir","Mangrove Bay","23/10/2023",25.8697167,34.419,13,"Heteroxenia","sp.",204616,7.2,"Deeper reef slope","SC"
2308,"F1F2","Modern","Egypt","El Quseir","Mangrove Bay","23/10/2023",25.8697167,34.419,3,"Heteroxenia","sp.",204616,7.2,"Deeper reef slope","SC"
2309,"F1F2","Modern","Egypt","El Quseir","Mangrove Bay","23/10/2023",25.8697167,34.419,6,"Heteroxenia","sp.",204616,7.2,"Deeper reef slope","SC"
2310,"F1F2","Modern","Egypt","El Quseir","Mangrove Bay","23/10/2023",25.8697167,34.419,16,"Heteroxenia","sp.",204616,7.2,"Deeper reef slope","SC"
2311,"F1F2","Modern","Egypt","El Quseir","Mangrove Bay","23/10/2023",25.8697167,34.419,6,"Heteroxenia","sp.",204616,7.2,"Deeper reef slope","SC"
2312,"F1F2","Modern","Egypt","El Quseir","Mangrove Bay","23/10/2023",25.8697167,34.419,9,"Heteroxenia","sp.",204616,7.2,"Deeper reef slope","SC"
2313,"F1F2","Modern","Egypt","El Quseir","Mangrove Bay","23/10/2023",25.8697167,34.419,5,"Heteroxenia","sp.",204616,7.2,"Deeper reef slope","SC"
2314,"F1F2","Modern","Egypt","El Quseir","Mangrove Bay","23/10/2023",25.8697167,34.419,7,"Heteroxenia","sp.",204616,7.2,"Deeper reef slope","SC"
2315,"F1F2","Modern","Egypt","El Quseir","Mangrove Bay","23/10/2023",25.8697167,34.419,21,"Heteroxenia","sp.",204616,7.2,"Deeper reef slope","SC"
2316,"F1F2","Modern","Egypt","El Quseir","Mangrove Bay","23/10/2023",25.8697167,34.419,4,"Heteroxenia","sp.",204616,7.2,"Deeper reef slope","SC"
2317,"F1F2","Modern","Egypt","El Quseir","Mangrove Bay","23/10/2023",25.8697167,34.419,6,"Heteroxenia","sp.",204616,7.2,"Deeper reef slope","SC"
2318,"F1F2","Modern","Egypt","El Quseir","Mangrove Bay","23/10/2023",25.8697167,34.419,13,"Heteroxenia","sp.",204616,7.2,"Deeper reef slope","SC"
2319,"F1F2","Modern","Egypt","El Quseir","Mangrove Bay","23/10/2023",25.8697167,34.419,10,"Heteroxenia","sp.",204616,7.2,"Deeper reef slope","SC"
2320,"F1F2","Modern","Egypt","El Quseir","Mangrove Bay","23/10/2023",25.8697167,34.419,9,"Heteroxenia","sp.",204616,7.2,"Deeper reef slope","SC"
2321,"F1F2","Modern","Egypt","El Quseir","Mangrove Bay","23/10/2023",25.8697167,34.419,12,"Heteroxenia","sp.",204616,7.2,"Deeper reef slope","SC"
2322,"F1F2","Modern","Egypt","El Quseir","Mangrove Bay","23/10/2023",25.8697167,34.419,5,NA,NA,NA,7.2,"Deeper reef slope",NA
2322,"F1F2","Modern","Egypt","El Quseir","Mangrove Bay","23/10/2023",25.8697167,34.419,5,NA,NA,NA,7.2,"Deeper reef slope",NA
2322,"F1F2","Modern","Egypt","El Quseir","Mangrove Bay","23/10/2023",25.8697167,34.419,5,NA,NA,NA,7.2,"Deeper reef slope",NA
2322,"F1F2","Modern","Egypt","El Quseir","Mangrove Bay","23/10/2023",25.8697167,34.419,5,NA,NA,NA,7.2,"Deeper reef slope",NA
2323,"F1F2","Modern","Egypt","El Quseir","Mangrove Bay","23/10/2023",25.8697167,34.419,9,NA,NA,NA,7.2,"Deeper reef slope",NA
2323,"F1F2","Modern","Egypt","El Quseir","Mangrove Bay","23/10/2023",25.8697167,34.419,9,NA,NA,NA,7.2,"Deeper reef slope",NA
2323,"F1F2","Modern","Egypt","El Quseir","Mangrove Bay","23/10/2023",25.8697167,34.419,9,NA,NA,NA,7.2,"Deeper reef slope",NA
2324,"F1F2","Modern","Egypt","El Quseir","Mangrove Bay","23/10/2023",25.8697167,34.419,2,NA,NA,NA,7.2,"Deeper reef slope",NA
2325,"F1F2","Modern","Egypt","El Quseir","Mangrove Bay","23/10/2023",25.8697167,34.419,28,NA,NA,NA,7.2,"Deeper reef slope",NA
2326,"F1F2","Modern","Egypt","El Quseir","Mangrove Bay","23/10/2023",25.8697167,34.419,2,NA,NA,NA,7.2,"Deeper reef slope",NA
2327,"F1F2","Modern","Egypt","El Quseir","Mangrove Bay","23/10/2023",25.8697167,34.419,16,NA,NA,NA,7.2,"Deeper reef slope",NA
2327,"F1F2","Modern","Egypt","El Quseir","Mangrove Bay","23/10/2023",25.8697167,34.419,16,NA,NA,NA,7.2,"Deeper reef slope",NA
2327,"F1F2","Modern","Egypt","El Quseir","Mangrove Bay","23/10/2023",25.8697167,34.419,16,NA,NA,NA,7.2,"Deeper reef slope",NA
2328,"F1F2","Modern","Egypt","El Quseir","Mangrove Bay","23/10/2023",25.8697167,34.419,3,NA,NA,NA,7.2,"Deeper reef slope",NA
2328,"F1F2","Modern","Egypt","El Quseir","Mangrove Bay","23/10/2023",25.8697167,34.419,3,NA,NA,NA,7.2,"Deeper reef slope",NA
2329,"F1F2","Modern","Egypt","El Quseir","Mangrove Bay","23/10/2023",25.8697167,34.419,12,NA,NA,NA,7.2,"Deeper reef slope",NA
2329,"F1F2","Modern","Egypt","El Quseir","Mangrove Bay","23/10/2023",25.8697167,34.419,12,NA,NA,NA,7.2,"Deeper reef slope",NA
2329,"F1F2","Modern","Egypt","El Quseir","Mangrove Bay","23/10/2023",25.8697167,34.419,12,NA,NA,NA,7.2,"Deeper reef slope",NA
2330,"F1F2","Modern","Egypt","El Quseir","Mangrove Bay","23/10/2023",25.8697167,34.419,4,NA,NA,NA,7.2,"Deeper reef slope",NA
2330,"F1F2","Modern","Egypt","El Quseir","Mangrove Bay","23/10/2023",25.8697167,34.419,4,NA,NA,NA,7.2,"Deeper reef slope",NA
2330,"F1F2","Modern","Egypt","El Quseir","Mangrove Bay","23/10/2023",25.8697167,34.419,4,NA,NA,NA,7.2,"Deeper reef slope",NA
2330,"F1F2","Modern","Egypt","El Quseir","Mangrove Bay","23/10/2023",25.8697167,34.419,4,NA,NA,NA,7.2,"Deeper reef slope",NA
2331,"F1F2","Modern","Egypt","El Quseir","Mangrove Bay","23/10/2023",25.8697167,34.419,16,NA,NA,NA,7.2,"Deeper reef slope",NA
2331,"F1F2","Modern","Egypt","El Quseir","Mangrove Bay","23/10/2023",25.8697167,34.419,16,NA,NA,NA,7.2,"Deeper reef slope",NA
2331,"F1F2","Modern","Egypt","El Quseir","Mangrove Bay","23/10/2023",25.8697167,34.419,16,NA,NA,NA,7.2,"Deeper reef slope",NA
2332,"F1F2","Modern","Egypt","El Quseir","Mangrove Bay","23/10/2023",25.8697167,34.419,10,NA,NA,NA,7.2,"Deeper reef slope",NA
2332,"F1F2","Modern","Egypt","El Quseir","Mangrove Bay","23/10/2023",25.8697167,34.419,10,NA,NA,NA,7.2,"Deeper reef slope",NA
2333,"F1F2","Modern","Egypt","El Quseir","Mangrove Bay","23/10/2023",25.8697167,34.419,20,NA,NA,NA,7.2,"Deeper reef slope",NA
2334,"F1F2","Modern","Egypt","El Quseir","Mangrove Bay","23/10/2023",25.8697167,34.419,14,NA,NA,NA,7.2,"Deeper reef slope",NA
2334,"F1F2","Modern","Egypt","El Quseir","Mangrove Bay","23/10/2023",25.8697167,34.419,14,NA,NA,NA,7.2,"Deeper reef slope",NA
2335,"F1F2","Modern","Egypt","El Quseir","Mangrove Bay","23/10/2023",25.8697167,34.419,37,NA,NA,NA,7.2,"Deeper reef slope",NA
2335,"F1F2","Modern","Egypt","El Quseir","Mangrove Bay","23/10/2023",25.8697167,34.419,37,NA,NA,NA,7.2,"Deeper reef slope",NA
2336,"F1F2","Modern","Egypt","El Quseir","Mangrove Bay","23/10/2023",25.8697167,34.419,5,NA,NA,NA,7.2,"Deeper reef slope",NA
2336,"F1F2","Modern","Egypt","El Quseir","Mangrove Bay","23/10/2023",25.8697167,34.419,5,NA,NA,NA,7.2,"Deeper reef slope",NA
2336,"F1F2","Modern","Egypt","El Quseir","Mangrove Bay","23/10/2023",25.8697167,34.419,5,NA,NA,NA,7.2,"Deeper reef slope",NA
2336,"F1F2","Modern","Egypt","El Quseir","Mangrove Bay","23/10/2023",25.8697167,34.419,5,NA,NA,NA,7.2,"Deeper reef slope",NA
2337,"F3F4","Modern","Egypt","El Quseir","Mangrove Bay","23/10/2023",25.8697167,34.419,87,NA,NA,NA,9.5,"Deeper reef slope",NA
2338,"F3F4","Modern","Egypt","El Quseir","Mangrove Bay","23/10/2023",25.8697167,34.419,34,NA,NA,NA,9.5,"Deeper reef slope",NA
2339,"F3F4","Modern","Egypt","El Quseir","Mangrove Bay","23/10/2023",25.8697167,34.419,8,NA,NA,NA,9.5,"Deeper reef slope",NA
2339,"F3F4","Modern","Egypt","El Quseir","Mangrove Bay","23/10/2023",25.8697167,34.419,8,NA,NA,NA,9.5,"Deeper reef slope",NA
2340,"F3F4","Modern","Egypt","El Quseir","Mangrove Bay","23/10/2023",25.8697167,34.419,33,NA,NA,NA,9.5,"Deeper reef slope",NA
2340,"F3F4","Modern","Egypt","El Quseir","Mangrove Bay","23/10/2023",25.8697167,34.419,33,NA,NA,NA,9.5,"Deeper reef slope",NA
2341,"F3F4","Modern","Egypt","El Quseir","Mangrove Bay","23/10/2023",25.8697167,34.419,10,NA,NA,NA,9.5,"Deeper reef slope",NA
2341,"F3F4","Modern","Egypt","El Quseir","Mangrove Bay","23/10/2023",25.8697167,34.419,10,NA,NA,NA,9.5,"Deeper reef slope",NA
2342,"F3F4","Modern","Egypt","El Quseir","Mangrove Bay","23/10/2023",25.8697167,34.419,12,NA,NA,NA,9.5,"Deeper reef slope",NA
2342,"F3F4","Modern","Egypt","El Quseir","Mangrove Bay","23/10/2023",25.8697167,34.419,12,NA,NA,NA,9.5,"Deeper reef slope",NA
2342,"F3F4","Modern","Egypt","El Quseir","Mangrove Bay","23/10/2023",25.8697167,34.419,12,NA,NA,NA,9.5,"Deeper reef slope",NA
2343,"F3F4","Modern","Egypt","El Quseir","Mangrove Bay","23/10/2023",25.8697167,34.419,9,NA,NA,NA,9.5,"Deeper reef slope",NA
2343,"F3F4","Modern","Egypt","El Quseir","Mangrove Bay","23/10/2023",25.8697167,34.419,9,NA,NA,NA,9.5,"Deeper reef slope",NA
2343,"F3F4","Modern","Egypt","El Quseir","Mangrove Bay","23/10/2023",25.8697167,34.419,9,NA,NA,NA,9.5,"Deeper reef slope",NA
2344,"F3F4","Modern","Egypt","El Quseir","Mangrove Bay","23/10/2023",25.8697167,34.419,29,NA,NA,NA,9.5,"Deeper reef slope",NA
2344,"F3F4","Modern","Egypt","El Quseir","Mangrove Bay","23/10/2023",25.8697167,34.419,29,NA,NA,NA,9.5,"Deeper reef slope",NA
2345,"F3F4","Modern","Egypt","El Quseir","Mangrove Bay","23/10/2023",25.8697167,34.419,25,NA,NA,NA,9.5,"Deeper reef slope",NA
2346,"F3F4","Modern","Egypt","El Quseir","Mangrove Bay","23/10/2023",25.8697167,34.419,5,NA,NA,NA,9.5,"Deeper reef slope",NA
2346,"F3F4","Modern","Egypt","El Quseir","Mangrove Bay","23/10/2023",25.8697167,34.419,5,NA,NA,NA,9.5,"Deeper reef slope",NA
2346,"F3F4","Modern","Egypt","El Quseir","Mangrove Bay","23/10/2023",25.8697167,34.419,5,NA,NA,NA,9.5,"Deeper reef slope",NA
2347,"F3F4","Modern","Egypt","El Quseir","Mangrove Bay","23/10/2023",25.8697167,34.419,17,NA,NA,NA,9.5,"Deeper reef slope",NA
2348,"F3F4","Modern","Egypt","El Quseir","Mangrove Bay","23/10/2023",25.8697167,34.419,75,NA,NA,NA,9.5,"Deeper reef slope",NA
2349,"F3F4","Modern","Egypt","El Quseir","Mangrove Bay","23/10/2023",25.8697167,34.419,5,NA,NA,NA,9.5,"Deeper reef slope",NA
2349,"F3F4","Modern","Egypt","El Quseir","Mangrove Bay","23/10/2023",25.8697167,34.419,5,NA,NA,NA,9.5,"Deeper reef slope",NA
2349,"F3F4","Modern","Egypt","El Quseir","Mangrove Bay","23/10/2023",25.8697167,34.419,5,NA,NA,NA,9.5,"Deeper reef slope",NA
2350,"F3F4","Modern","Egypt","El Quseir","Mangrove Bay","23/10/2023",25.8697167,34.419,47,NA,NA,NA,9.5,"Deeper reef slope",NA
2351,"F3F4","Modern","Egypt","El Quseir","Mangrove Bay","23/10/2023",25.8697167,34.419,10,NA,NA,NA,9.5,"Deeper reef slope",NA
2351,"F3F4","Modern","Egypt","El Quseir","Mangrove Bay","23/10/2023",25.8697167,34.419,10,NA,NA,NA,9.5,"Deeper reef slope",NA
2352,"F3F4","Modern","Egypt","El Quseir","Mangrove Bay","23/10/2023",25.8697167,34.419,20,NA,NA,NA,9.5,"Deeper reef slope",NA
2353,"F3F4","Modern","Egypt","El Quseir","Mangrove Bay","23/10/2023",25.8697167,34.419,20,NA,NA,NA,9.5,"Deeper reef slope",NA
2354,"F3F4","Modern","Egypt","El Quseir","Mangrove Bay","23/10/2023",25.8697167,34.419,31,NA,NA,NA,9.5,"Deeper reef slope",NA
2354,"F3F4","Modern","Egypt","El Quseir","Mangrove Bay","23/10/2023",25.8697167,34.419,31,NA,NA,NA,9.5,"Deeper reef slope",NA
2355,"F3F4","Modern","Egypt","El Quseir","Mangrove Bay","23/10/2023",25.8697167,34.419,8,NA,NA,NA,9.5,"Deeper reef slope",NA
2355,"F3F4","Modern","Egypt","El Quseir","Mangrove Bay","23/10/2023",25.8697167,34.419,8,NA,NA,NA,9.5,"Deeper reef slope",NA
2356,"F3F4","Modern","Egypt","El Quseir","Mangrove Bay","23/10/2023",25.8697167,34.419,8,NA,NA,NA,9.5,"Deeper reef slope",NA
2356,"F3F4","Modern","Egypt","El Quseir","Mangrove Bay","23/10/2023",25.8697167,34.419,8,NA,NA,NA,9.5,"Deeper reef slope",NA
2357,"F3F4","Modern","Egypt","El Quseir","Mangrove Bay","23/10/2023",25.8697167,34.419,18,NA,NA,NA,9.5,"Deeper reef slope",NA
2358,"F3F4","Modern","Egypt","El Quseir","Mangrove Bay","23/10/2023",25.8697167,34.419,5,NA,NA,NA,9.5,"Deeper reef slope",NA
2358,"F3F4","Modern","Egypt","El Quseir","Mangrove Bay","23/10/2023",25.8697167,34.419,5,NA,NA,NA,9.5,"Deeper reef slope",NA
2358,"F3F4","Modern","Egypt","El Quseir","Mangrove Bay","23/10/2023",25.8697167,34.419,5,NA,NA,NA,9.5,"Deeper reef slope",NA
2359,"F3F4","Modern","Egypt","El Quseir","Mangrove Bay","23/10/2023",25.8697167,34.419,8,NA,NA,NA,9.5,"Deeper reef slope",NA
2359,"F3F4","Modern","Egypt","El Quseir","Mangrove Bay","23/10/2023",25.8697167,34.419,8,NA,NA,NA,9.5,"Deeper reef slope",NA
2360,"F3F4","Modern","Egypt","El Quseir","Mangrove Bay","23/10/2023",25.8697167,34.419,39,NA,NA,NA,9.5,"Deeper reef slope",NA
2361,"F3F4","Modern","Egypt","El Quseir","Mangrove Bay","23/10/2023",25.8697167,34.419,8,NA,NA,NA,9.5,"Deeper reef slope",NA
2361,"F3F4","Modern","Egypt","El Quseir","Mangrove Bay","23/10/2023",25.8697167,34.419,8,NA,NA,NA,9.5,"Deeper reef slope",NA
2362,"F3F4","Modern","Egypt","El Quseir","Mangrove Bay","23/10/2023",25.8697167,34.419,21,NA,NA,NA,9.5,"Deeper reef slope",NA
2363,"F3F4","Modern","Egypt","El Quseir","Mangrove Bay","23/10/2023",25.8697167,34.419,15,NA,NA,NA,9.5,"Deeper reef slope",NA
2363,"F3F4","Modern","Egypt","El Quseir","Mangrove Bay","23/10/2023",25.8697167,34.419,15,NA,NA,NA,9.5,"Deeper reef slope",NA
2363,"F3F4","Modern","Egypt","El Quseir","Mangrove Bay","23/10/2023",25.8697167,34.419,15,NA,NA,NA,9.5,"Deeper reef slope",NA
2364,"F3F4","Modern","Egypt","El Quseir","Mangrove Bay","23/10/2023",25.8697167,34.419,5,NA,NA,NA,9.5,"Deeper reef slope",NA
2364,"F3F4","Modern","Egypt","El Quseir","Mangrove Bay","23/10/2023",25.8697167,34.419,5,NA,NA,NA,9.5,"Deeper reef slope",NA
2364,"F3F4","Modern","Egypt","El Quseir","Mangrove Bay","23/10/2023",25.8697167,34.419,5,NA,NA,NA,9.5,"Deeper reef slope",NA
2365,"F3F4","Modern","Egypt","El Quseir","Mangrove Bay","23/10/2023",25.8697167,34.419,15,NA,NA,NA,9.5,"Deeper reef slope",NA
2365,"F3F4","Modern","Egypt","El Quseir","Mangrove Bay","23/10/2023",25.8697167,34.419,15,NA,NA,NA,9.5,"Deeper reef slope",NA
2365,"F3F4","Modern","Egypt","El Quseir","Mangrove Bay","23/10/2023",25.8697167,34.419,15,NA,NA,NA,9.5,"Deeper reef slope",NA
2366,"F3F4","Modern","Egypt","El Quseir","Mangrove Bay","23/10/2023",25.8697167,34.419,59,NA,NA,NA,9.5,"Deeper reef slope",NA
2367,"F3F4","Modern","Egypt","El Quseir","Mangrove Bay","23/10/2023",25.8697167,34.419,5,NA,NA,NA,9.5,"Deeper reef slope",NA
2367,"F3F4","Modern","Egypt","El Quseir","Mangrove Bay","23/10/2023",25.8697167,34.419,5,NA,NA,NA,9.5,"Deeper reef slope",NA
2367,"F3F4","Modern","Egypt","El Quseir","Mangrove Bay","23/10/2023",25.8697167,34.419,5,NA,NA,NA,9.5,"Deeper reef slope",NA
2368,"F3F4","Modern","Egypt","El Quseir","Mangrove Bay","23/10/2023",25.8697167,34.419,20,NA,NA,NA,9.5,"Deeper reef slope",NA
2369,"F3F4","Modern","Egypt","El Quseir","Mangrove Bay","23/10/2023",25.8697167,34.419,15,NA,NA,NA,9.5,"Deeper reef slope",NA
2369,"F3F4","Modern","Egypt","El Quseir","Mangrove Bay","23/10/2023",25.8697167,34.419,15,NA,NA,NA,9.5,"Deeper reef slope",NA
2369,"F3F4","Modern","Egypt","El Quseir","Mangrove Bay","23/10/2023",25.8697167,34.419,15,NA,NA,NA,9.5,"Deeper reef slope",NA
2370,"F3F4","Modern","Egypt","El Quseir","Mangrove Bay","23/10/2023",25.8697167,34.419,21,NA,NA,NA,9.5,"Deeper reef slope",NA
2371,"F3F4","Modern","Egypt","El Quseir","Mangrove Bay","23/10/2023",25.8697167,34.419,23,NA,NA,NA,9.5,"Deeper reef slope",NA
2371,"F3F4","Modern","Egypt","El Quseir","Mangrove Bay","23/10/2023",25.8697167,34.419,23,NA,NA,NA,9.5,"Deeper reef slope",NA
2372,"F3F4","Modern","Egypt","El Quseir","Mangrove Bay","23/10/2023",25.8697167,34.419,37,NA,NA,NA,9.5,"Deeper reef slope",NA
2372,"F3F4","Modern","Egypt","El Quseir","Mangrove Bay","23/10/2023",25.8697167,34.419,37,NA,NA,NA,9.5,"Deeper reef slope",NA
2373,"F3F4","Modern","Egypt","El Quseir","Mangrove Bay","23/10/2023",25.8697167,34.419,31,NA,NA,NA,9.5,"Deeper reef slope",NA
2373,"F3F4","Modern","Egypt","El Quseir","Mangrove Bay","23/10/2023",25.8697167,34.419,31,NA,NA,NA,9.5,"Deeper reef slope",NA
2374,"F3F4","Modern","Egypt","El Quseir","Mangrove Bay","23/10/2023",25.8697167,34.419,30,NA,NA,NA,9.5,"Deeper reef slope",NA
2374,"F3F4","Modern","Egypt","El Quseir","Mangrove Bay","23/10/2023",25.8697167,34.419,30,NA,NA,NA,9.5,"Deeper reef slope",NA
2375,"F3F4","Modern","Egypt","El Quseir","Mangrove Bay","23/10/2023",25.8697167,34.419,19,NA,NA,NA,9.5,"Deeper reef slope",NA
2375,"F3F4","Modern","Egypt","El Quseir","Mangrove Bay","23/10/2023",25.8697167,34.419,19,NA,NA,NA,9.5,"Deeper reef slope",NA
2376,"F3F4","Modern","Egypt","El Quseir","Mangrove Bay","23/10/2023",25.8697167,34.419,36,"Acropora","squarrosa",207053,9.5,"Deeper reef slope","ACB"
2377,"F3F4","Modern","Egypt","El Quseir","Mangrove Bay","23/10/2023",25.8697167,34.419,11,"Seriatopora","caliendrum",206969,9.5,"Deeper reef slope","CB"
2378,"F3F4","Modern","Egypt","El Quseir","Mangrove Bay","23/10/2023",25.8697167,34.419,7,"Seriatopora","caliendrum",206969,9.5,"Deeper reef slope","CB"
2379,"F3F4","Modern","Egypt","El Quseir","Mangrove Bay","23/10/2023",25.8697167,34.419,6,NA,NA,NA,9.5,"Deeper reef slope",NA
2379,"F3F4","Modern","Egypt","El Quseir","Mangrove Bay","23/10/2023",25.8697167,34.419,6,NA,NA,NA,9.5,"Deeper reef slope",NA
2379,"F3F4","Modern","Egypt","El Quseir","Mangrove Bay","23/10/2023",25.8697167,34.419,6,NA,NA,NA,9.5,"Deeper reef slope",NA
2380,"F3F4","Modern","Egypt","El Quseir","Mangrove Bay","23/10/2023",25.8697167,34.419,6,NA,NA,NA,9.5,"Deeper reef slope",NA
2380,"F3F4","Modern","Egypt","El Quseir","Mangrove Bay","23/10/2023",25.8697167,34.419,6,NA,NA,NA,9.5,"Deeper reef slope",NA
2380,"F3F4","Modern","Egypt","El Quseir","Mangrove Bay","23/10/2023",25.8697167,34.419,6,NA,NA,NA,9.5,"Deeper reef slope",NA
2381,"F3F4","Modern","Egypt","El Quseir","Mangrove Bay","23/10/2023",25.8697167,34.419,6,NA,NA,NA,9.5,"Deeper reef slope",NA
2381,"F3F4","Modern","Egypt","El Quseir","Mangrove Bay","23/10/2023",25.8697167,34.419,6,NA,NA,NA,9.5,"Deeper reef slope",NA
2381,"F3F4","Modern","Egypt","El Quseir","Mangrove Bay","23/10/2023",25.8697167,34.419,6,NA,NA,NA,9.5,"Deeper reef slope",NA
2382,"F3F4","Modern","Egypt","El Quseir","Mangrove Bay","23/10/2023",25.8697167,34.419,5,NA,NA,NA,9.5,"Deeper reef slope",NA
2382,"F3F4","Modern","Egypt","El Quseir","Mangrove Bay","23/10/2023",25.8697167,34.419,5,NA,NA,NA,9.5,"Deeper reef slope",NA
2382,"F3F4","Modern","Egypt","El Quseir","Mangrove Bay","23/10/2023",25.8697167,34.419,5,NA,NA,NA,9.5,"Deeper reef slope",NA
2383,"F3F4","Modern","Egypt","El Quseir","Mangrove Bay","23/10/2023",25.8697167,34.419,6,NA,NA,NA,9.5,"Deeper reef slope",NA
2383,"F3F4","Modern","Egypt","El Quseir","Mangrove Bay","23/10/2023",25.8697167,34.419,6,NA,NA,NA,9.5,"Deeper reef slope",NA
2383,"F3F4","Modern","Egypt","El Quseir","Mangrove Bay","23/10/2023",25.8697167,34.419,6,NA,NA,NA,9.5,"Deeper reef slope",NA
2384,"F3F4","Modern","Egypt","El Quseir","Mangrove Bay","23/10/2023",25.8697167,34.419,2,NA,NA,NA,9.5,"Deeper reef slope",NA
2385,"F3F4","Modern","Egypt","El Quseir","Mangrove Bay","23/10/2023",25.8697167,34.419,5,NA,NA,NA,9.5,"Deeper reef slope",NA
2385,"F3F4","Modern","Egypt","El Quseir","Mangrove Bay","23/10/2023",25.8697167,34.419,5,NA,NA,NA,9.5,"Deeper reef slope",NA
2385,"F3F4","Modern","Egypt","El Quseir","Mangrove Bay","23/10/2023",25.8697167,34.419,5,NA,NA,NA,9.5,"Deeper reef slope",NA
2386,"F3F4","Modern","Egypt","El Quseir","Mangrove Bay","23/10/2023",25.8697167,34.419,12,NA,NA,NA,9.5,"Deeper reef slope",NA
2386,"F3F4","Modern","Egypt","El Quseir","Mangrove Bay","23/10/2023",25.8697167,34.419,12,NA,NA,NA,9.5,"Deeper reef slope",NA
2386,"F3F4","Modern","Egypt","El Quseir","Mangrove Bay","23/10/2023",25.8697167,34.419,12,NA,NA,NA,9.5,"Deeper reef slope",NA
2387,"F3F4","Modern","Egypt","El Quseir","Mangrove Bay","23/10/2023",25.8697167,34.419,14,"Montipora","maeandrina",207188,9.5,"Deeper reef slope","CE"
2388,"F3F4","Modern","Egypt","El Quseir","Mangrove Bay","23/10/2023",25.8697167,34.419,19,"Leptastrea","purpurea",207470,9.5,"Deeper reef slope","CE"
2389,"F3F4","Modern","Egypt","El Quseir","Mangrove Bay","23/10/2023",25.8697167,34.419,6,"Porites","rus",207231,9.5,"Deeper reef slope","CS"
2389,"F3F4","Modern","Egypt","El Quseir","Mangrove Bay","23/10/2023",25.8697167,34.419,6,"Porites","rus",207231,9.5,"Deeper reef slope","CE"
2389,"F3F4","Modern","Egypt","El Quseir","Mangrove Bay","23/10/2023",25.8697167,34.419,6,"Porites","rus",207231,9.5,"Deeper reef slope","CM"
2390,"F3F4","Modern","Egypt","El Quseir","Mangrove Bay","23/10/2023",25.8697167,34.419,5,"Leptastrea","purpurea",207470,9.5,"Deeper reef slope","CE"
2391,"F3F4","Modern","Egypt","El Quseir","Mangrove Bay","23/10/2023",25.8697167,34.419,8,"Porites","rus",207231,9.5,"Deeper reef slope","CM"
2391,"F3F4","Modern","Egypt","El Quseir","Mangrove Bay","23/10/2023",25.8697167,34.419,8,"Porites","rus",207231,9.5,"Deeper reef slope","CE"
2392,"F3F4","Modern","Egypt","El Quseir","Mangrove Bay","23/10/2023",25.8697167,34.419,5,"Goniastrea","pectinata",207464,9.5,"Deeper reef slope","CM"
2393,"F3F4","Modern","Egypt","El Quseir","Mangrove Bay","23/10/2023",25.8697167,34.419,20,"Porites","sp.",206485,9.5,"Deeper reef slope","CM"
2394,"F3F4","Modern","Egypt","El Quseir","Mangrove Bay","23/10/2023",25.8697167,34.419,9,"Goniastrea","edwardsi",207466,9.5,"Deeper reef slope","CM"
2395,"F3F4","Modern","Egypt","El Quseir","Mangrove Bay","23/10/2023",25.8697167,34.419,9,"Goniastrea","edwardsi",207466,9.5,"Deeper reef slope","CM"
2396,"F3F4","Modern","Egypt","El Quseir","Mangrove Bay","23/10/2023",25.8697167,34.419,4,"Goniastrea","edwardsi",207466,9.5,"Deeper reef slope","CM"
2397,"F3F4","Modern","Egypt","El Quseir","Mangrove Bay","23/10/2023",25.8697167,34.419,13,"Goniastrea","edwardsi",207466,9.5,"Deeper reef slope","CM"
2398,"F3F4","Modern","Egypt","El Quseir","Mangrove Bay","23/10/2023",25.8697167,34.419,18,"Porites","sp.",206485,9.5,"Deeper reef slope","CM"
2399,"F3F4","Modern","Egypt","El Quseir","Mangrove Bay","23/10/2023",25.8697167,34.419,13,"Porites","rus",207231,9.5,"Deeper reef slope","CM"
2400,"F3F4","Modern","Egypt","El Quseir","Mangrove Bay","23/10/2023",25.8697167,34.419,13,"Porites","sp.",206485,9.5,"Deeper reef slope","CM"
2401,"F3F4","Modern","Egypt","El Quseir","Mangrove Bay","23/10/2023",25.8697167,34.419,9,"Porites","sp.",206485,9.5,"Deeper reef slope","CM"
2402,"F3F4","Modern","Egypt","El Quseir","Mangrove Bay","23/10/2023",25.8697167,34.419,4,"Porites","sp.",206485,9.5,"Deeper reef slope","CM"
2403,"F3F4","Modern","Egypt","El Quseir","Mangrove Bay","23/10/2023",25.8697167,34.419,7,"Goniastrea","pectinata",207464,9.5,"Deeper reef slope","CM"
2404,"F3F4","Modern","Egypt","El Quseir","Mangrove Bay","23/10/2023",25.8697167,34.419,21,"Porites","sp.",206485,9.5,"Deeper reef slope","CM"
2405,"F3F4","Modern","Egypt","El Quseir","Mangrove Bay","23/10/2023",25.8697167,34.419,23,"Porites","sp.",206485,9.5,"Deeper reef slope","CM"
2406,"F3F4","Modern","Egypt","El Quseir","Mangrove Bay","23/10/2023",25.8697167,34.419,18,"Porites","rus",207231,9.5,"Deeper reef slope","CM"
2407,"F3F4","Modern","Egypt","El Quseir","Mangrove Bay","23/10/2023",25.8697167,34.419,4,"Porites","sp.",206485,9.5,"Deeper reef slope","CM"
2408,"F3F4","Modern","Egypt","El Quseir","Mangrove Bay","23/10/2023",25.8697167,34.419,10,"Porites","rus",207231,9.5,"Deeper reef slope","CM"
2409,"F3F4","Modern","Egypt","El Quseir","Mangrove Bay","23/10/2023",25.8697167,34.419,3,"Porites","rus",207231,9.5,"Deeper reef slope","CM"
2410,"F3F4","Modern","Egypt","El Quseir","Mangrove Bay","23/10/2023",25.8697167,34.419,8,"Porites","sp.",206485,9.5,"Deeper reef slope","CM"
2410,"F3F4","Modern","Egypt","El Quseir","Mangrove Bay","23/10/2023",25.8697167,34.419,8,"Porites","sp.",206485,9.5,"Deeper reef slope","CE"
2411,"F3F4","Modern","Egypt","El Quseir","Mangrove Bay","23/10/2023",25.8697167,34.419,7,"Porites","sp.",206485,9.5,"Deeper reef slope","CM"
2412,"F3F4","Modern","Egypt","El Quseir","Mangrove Bay","23/10/2023",25.8697167,34.419,4,"Porites","sp.",206485,9.5,"Deeper reef slope","CM"
2413,"F3F4","Modern","Egypt","El Quseir","Mangrove Bay","23/10/2023",25.8697167,34.419,5,"Porites","sp.",206485,9.5,"Deeper reef slope","CM"
2414,"F3F4","Modern","Egypt","El Quseir","Mangrove Bay","23/10/2023",25.8697167,34.419,51,"Porites","rus",207231,9.5,"Deeper reef slope","CM"
2415,"F3F4","Modern","Egypt","El Quseir","Mangrove Bay","23/10/2023",25.8697167,34.419,5,"Porites","rus",207231,9.5,"Deeper reef slope","CM"
2416,"F3F4","Modern","Egypt","El Quseir","Mangrove Bay","23/10/2023",25.8697167,34.419,2,"Porites","sp.",206485,9.5,"Deeper reef slope","CM"
2417,"F3F4","Modern","Egypt","El Quseir","Mangrove Bay","23/10/2023",25.8697167,34.419,3,"Goniastrea","pectinata",207464,9.5,"Deeper reef slope","CM"
2418,"F3F4","Modern","Egypt","El Quseir","Mangrove Bay","23/10/2023",25.8697167,34.419,3,"Porites","sp.",206485,9.5,"Deeper reef slope","CM"
2419,"F3F4","Modern","Egypt","El Quseir","Mangrove Bay","23/10/2023",25.8697167,34.419,4,"Porites","sp.",206485,9.5,"Deeper reef slope","CM"
2420,"F3F4","Modern","Egypt","El Quseir","Mangrove Bay","23/10/2023",25.8697167,34.419,11,"Porites","sp.",206485,9.5,"Deeper reef slope","CM"
2421,"F3F4","Modern","Egypt","El Quseir","Mangrove Bay","23/10/2023",25.8697167,34.419,5,"Porites","sp.",206485,9.5,"Deeper reef slope","CM"
2422,"F3F4","Modern","Egypt","El Quseir","Mangrove Bay","23/10/2023",25.8697167,34.419,8,"Porites","sp.",206485,9.5,"Deeper reef slope","CM"
2422,"F3F4","Modern","Egypt","El Quseir","Mangrove Bay","23/10/2023",25.8697167,34.419,8,"Porites","sp.",206485,9.5,"Deeper reef slope","CE"
2423,"F3F4","Modern","Egypt","El Quseir","Mangrove Bay","23/10/2023",25.8697167,34.419,4,"Porites","sp.",206485,9.5,"Deeper reef slope","CM"
2424,"F3F4","Modern","Egypt","El Quseir","Mangrove Bay","23/10/2023",25.8697167,34.419,8,"Porites","rus",207231,9.5,"Deeper reef slope","CM"
2424,"F3F4","Modern","Egypt","El Quseir","Mangrove Bay","23/10/2023",25.8697167,34.419,8,"Porites","rus",207231,9.5,"Deeper reef slope","CE"
2425,"F3F4","Modern","Egypt","El Quseir","Mangrove Bay","23/10/2023",25.8697167,34.419,15,"Porites","rus",207231,9.5,"Deeper reef slope","CM"
2426,"F3F4","Modern","Egypt","El Quseir","Mangrove Bay","23/10/2023",25.8697167,34.419,4,"Porites","sp.",206485,9.5,"Deeper reef slope","CM"
2427,"F3F4","Modern","Egypt","El Quseir","Mangrove Bay","23/10/2023",25.8697167,34.419,6,"Porites","sp.",206485,9.5,"Deeper reef slope","CS"
2427,"F3F4","Modern","Egypt","El Quseir","Mangrove Bay","23/10/2023",25.8697167,34.419,6,"Porites","sp.",206485,9.5,"Deeper reef slope","CE"
2427,"F3F4","Modern","Egypt","El Quseir","Mangrove Bay","23/10/2023",25.8697167,34.419,6,"Porites","sp.",206485,9.5,"Deeper reef slope","CM"
2428,"F3F4","Modern","Egypt","El Quseir","Mangrove Bay","23/10/2023",25.8697167,34.419,5,"Porites","sp.",206485,9.5,"Deeper reef slope","CM"
2429,"F3F4","Modern","Egypt","El Quseir","Mangrove Bay","23/10/2023",25.8697167,34.419,8,"Porites","sp.",206485,9.5,"Deeper reef slope","CM"
2429,"F3F4","Modern","Egypt","El Quseir","Mangrove Bay","23/10/2023",25.8697167,34.419,8,"Porites","sp.",206485,9.5,"Deeper reef slope","CE"
2430,"F3F4","Modern","Egypt","El Quseir","Mangrove Bay","23/10/2023",25.8697167,34.419,12,"Porites","sp.",206485,9.5,"Deeper reef slope","CM"
2431,"F3F4","Modern","Egypt","El Quseir","Mangrove Bay","23/10/2023",25.8697167,34.419,4,"Porites","sp.",206485,9.5,"Deeper reef slope","CM"
2432,"F3F4","Modern","Egypt","El Quseir","Mangrove Bay","23/10/2023",25.8697167,34.419,8,"Porites","rus",207231,9.5,"Deeper reef slope","CM"
2432,"F3F4","Modern","Egypt","El Quseir","Mangrove Bay","23/10/2023",25.8697167,34.419,8,"Porites","rus",207231,9.5,"Deeper reef slope","CE"
2433,"F3F4","Modern","Egypt","El Quseir","Mangrove Bay","23/10/2023",25.8697167,34.419,11,"Porites","rus",207231,9.5,"Deeper reef slope","CM"
2434,"F3F4","Modern","Egypt","El Quseir","Mangrove Bay","23/10/2023",25.8697167,34.419,3,"Porites","rus",207231,9.5,"Deeper reef slope","CM"
2435,"F3F4","Modern","Egypt","El Quseir","Mangrove Bay","23/10/2023",25.8697167,34.419,4,"Porites","sp.",206485,9.5,"Deeper reef slope","CM"
2436,"F3F4","Modern","Egypt","El Quseir","Mangrove Bay","23/10/2023",25.8697167,34.419,5,"Ctenactis","crassa",288875,9.5,"Deeper reef slope","CMR"
2437,"F3F4","Modern","Egypt","El Quseir","Mangrove Bay","23/10/2023",25.8697167,34.419,6,"Porites","rus",207231,9.5,"Deeper reef slope","CS"
2437,"F3F4","Modern","Egypt","El Quseir","Mangrove Bay","23/10/2023",25.8697167,34.419,6,"Porites","rus",207231,9.5,"Deeper reef slope","CE"
2437,"F3F4","Modern","Egypt","El Quseir","Mangrove Bay","23/10/2023",25.8697167,34.419,6,"Porites","rus",207231,9.5,"Deeper reef slope","CM"
2438,"F3F4","Modern","Egypt","El Quseir","Mangrove Bay","23/10/2023",25.8697167,34.419,16,"GAP","GAP",NA,9.5,"Deeper reef slope",NA
2439,"F3F4","Modern","Egypt","El Quseir","Mangrove Bay","23/10/2023",25.8697167,34.419,42,"GAP","GAP",NA,9.5,"Deeper reef slope",NA
2440,"F3F4","Modern","Egypt","El Quseir","Mangrove Bay","23/10/2023",25.8697167,34.419,35,"GAP","GAP",NA,9.5,"Deeper reef slope",NA
2441,"F3F4","Modern","Egypt","El Quseir","Mangrove Bay","23/10/2023",25.8697167,34.419,49,"GAP","GAP",NA,9.5,"Deeper reef slope",NA
2442,"F3F4","Modern","Egypt","El Quseir","Mangrove Bay","23/10/2023",25.8697167,34.419,23,"GAP","GAP",NA,9.5,"Deeper reef slope",NA
2443,"F3F4","Modern","Egypt","El Quseir","Mangrove Bay","23/10/2023",25.8697167,34.419,15,"GAP","GAP",NA,9.5,"Deeper reef slope",NA
2444,"F3F4","Modern","Egypt","El Quseir","Mangrove Bay","23/10/2023",25.8697167,34.419,14,"GAP","GAP",NA,9.5,"Deeper reef slope",NA
2445,"F3F4","Modern","Egypt","El Quseir","Mangrove Bay","23/10/2023",25.8697167,34.419,31,"GAP","GAP",NA,9.5,"Deeper reef slope",NA
2446,"F3F4","Modern","Egypt","El Quseir","Mangrove Bay","23/10/2023",25.8697167,34.419,13,"GAP","GAP",NA,9.5,"Deeper reef slope",NA
2447,"F3F4","Modern","Egypt","El Quseir","Mangrove Bay","23/10/2023",25.8697167,34.419,4,"GAP","GAP",NA,9.5,"Deeper reef slope",NA
2448,"F3F4","Modern","Egypt","El Quseir","Mangrove Bay","23/10/2023",25.8697167,34.419,9,"GAP","GAP",NA,9.5,"Deeper reef slope",NA
2449,"F3F4","Modern","Egypt","El Quseir","Mangrove Bay","23/10/2023",25.8697167,34.419,43,"GAP","GAP",NA,9.5,"Deeper reef slope",NA
2450,"F3F4","Modern","Egypt","El Quseir","Mangrove Bay","23/10/2023",25.8697167,34.419,12,"GAP","GAP",NA,9.5,"Deeper reef slope",NA
2451,"F3F4","Modern","Egypt","El Quseir","Mangrove Bay","23/10/2023",25.8697167,34.419,115,"GAP","GAP",NA,9.5,"Deeper reef slope",NA
2452,"F3F4","Modern","Egypt","El Quseir","Mangrove Bay","23/10/2023",25.8697167,34.419,7,"GAP","GAP",NA,9.5,"Deeper reef slope",NA
2453,"F3F4","Modern","Egypt","El Quseir","Mangrove Bay","23/10/2023",25.8697167,34.419,19,"GAP","GAP",NA,9.5,"Deeper reef slope",NA
2454,"F3F4","Modern","Egypt","El Quseir","Mangrove Bay","23/10/2023",25.8697167,34.419,7,"GAP","GAP",NA,9.5,"Deeper reef slope",NA
2455,"F3F4","Modern","Egypt","El Quseir","Mangrove Bay","23/10/2023",25.8697167,34.419,5,"GAP","GAP",NA,9.5,"Deeper reef slope",NA
2456,"F3F4","Modern","Egypt","El Quseir","Mangrove Bay","23/10/2023",25.8697167,34.419,62,"GAP","GAP",NA,9.5,"Deeper reef slope",NA
2457,"F3F4","Modern","Egypt","El Quseir","Mangrove Bay","23/10/2023",25.8697167,34.419,71,"GAP","GAP",NA,9.5,"Deeper reef slope",NA
2458,"F3F4","Modern","Egypt","El Quseir","Mangrove Bay","23/10/2023",25.8697167,34.419,6,"GAP","GAP",NA,9.5,"Deeper reef slope",NA
2459,"F3F4","Modern","Egypt","El Quseir","Mangrove Bay","23/10/2023",25.8697167,34.419,37,"GAP","GAP",NA,9.5,"Deeper reef slope",NA
2460,"F3F4","Modern","Egypt","El Quseir","Mangrove Bay","23/10/2023",25.8697167,34.419,4,"GAP","GAP",NA,9.5,"Deeper reef slope",NA
2461,"F3F4","Modern","Egypt","El Quseir","Mangrove Bay","23/10/2023",25.8697167,34.419,28,"GAP","GAP",NA,9.5,"Deeper reef slope",NA
2462,"F3F4","Modern","Egypt","El Quseir","Mangrove Bay","23/10/2023",25.8697167,34.419,50,"GAP","GAP",NA,9.5,"Deeper reef slope",NA
2463,"F3F4","Modern","Egypt","El Quseir","Mangrove Bay","23/10/2023",25.8697167,34.419,24,"GAP","GAP",NA,9.5,"Deeper reef slope",NA
2464,"F3F4","Modern","Egypt","El Quseir","Mangrove Bay","23/10/2023",25.8697167,34.419,24,"GAP","GAP",NA,9.5,"Deeper reef slope",NA
2465,"F3F4","Modern","Egypt","El Quseir","Mangrove Bay","23/10/2023",25.8697167,34.419,68,"GAP","GAP",NA,9.5,"Deeper reef slope",NA
2466,"F3F4","Modern","Egypt","El Quseir","Mangrove Bay","23/10/2023",25.8697167,34.419,24,"GAP","GAP",NA,9.5,"Deeper reef slope",NA
2467,"F3F4","Modern","Egypt","El Quseir","Mangrove Bay","23/10/2023",25.8697167,34.419,6,"GAP","GAP",NA,9.5,"Deeper reef slope",NA
2468,"F3F4","Modern","Egypt","El Quseir","Mangrove Bay","23/10/2023",25.8697167,34.419,73,"GAP","GAP",NA,9.5,"Deeper reef slope",NA
2469,"F3F4","Modern","Egypt","El Quseir","Mangrove Bay","23/10/2023",25.8697167,34.419,5,"Tridacna","sp.",205753,9.5,"Deeper reef slope","MOLL"
2470,"F3F4","Modern","Egypt","El Quseir","Mangrove Bay","23/10/2023",25.8697167,34.419,3,NA,NA,NA,9.5,"Deeper reef slope",NA
2470,"F3F4","Modern","Egypt","El Quseir","Mangrove Bay","23/10/2023",25.8697167,34.419,3,NA,NA,NA,9.5,"Deeper reef slope",NA
2470,"F3F4","Modern","Egypt","El Quseir","Mangrove Bay","23/10/2023",25.8697167,34.419,3,NA,NA,NA,9.5,"Deeper reef slope",NA
2471,"F3F4","Modern","Egypt","El Quseir","Mangrove Bay","23/10/2023",25.8697167,34.419,2,"Heteroxenia","sp.",204616,9.5,"Deeper reef slope","SC"
2472,"F3F4","Modern","Egypt","El Quseir","Mangrove Bay","23/10/2023",25.8697167,34.419,3,NA,NA,NA,9.5,"Deeper reef slope",NA
2472,"F3F4","Modern","Egypt","El Quseir","Mangrove Bay","23/10/2023",25.8697167,34.419,3,NA,NA,NA,9.5,"Deeper reef slope",NA
2472,"F3F4","Modern","Egypt","El Quseir","Mangrove Bay","23/10/2023",25.8697167,34.419,3,NA,NA,NA,9.5,"Deeper reef slope",NA
2473,"F3F4","Modern","Egypt","El Quseir","Mangrove Bay","23/10/2023",25.8697167,34.419,7,NA,NA,NA,9.5,"Deeper reef slope",NA
2473,"F3F4","Modern","Egypt","El Quseir","Mangrove Bay","23/10/2023",25.8697167,34.419,7,NA,NA,NA,9.5,"Deeper reef slope",NA
2474,"F3F4","Modern","Egypt","El Quseir","Mangrove Bay","23/10/2023",25.8697167,34.419,27,NA,NA,NA,9.5,"Deeper reef slope",NA
2475,"F3F4","Modern","Egypt","El Quseir","Mangrove Bay","23/10/2023",25.8697167,34.419,4,NA,NA,NA,9.5,"Deeper reef slope",NA
2475,"F3F4","Modern","Egypt","El Quseir","Mangrove Bay","23/10/2023",25.8697167,34.419,4,NA,NA,NA,9.5,"Deeper reef slope",NA
2476,"F3F4","Modern","Egypt","El Quseir","Mangrove Bay","23/10/2023",25.8697167,34.419,10,NA,NA,NA,9.5,"Deeper reef slope",NA
2476,"F3F4","Modern","Egypt","El Quseir","Mangrove Bay","23/10/2023",25.8697167,34.419,10,NA,NA,NA,9.5,"Deeper reef slope",NA
2477,"F3F4","Modern","Egypt","El Quseir","Mangrove Bay","23/10/2023",25.8697167,34.419,11,NA,NA,NA,9.5,"Deeper reef slope",NA
2478,"F3F4","Modern","Egypt","El Quseir","Mangrove Bay","23/10/2023",25.8697167,34.419,33,NA,NA,NA,9.5,"Deeper reef slope",NA
2478,"F3F4","Modern","Egypt","El Quseir","Mangrove Bay","23/10/2023",25.8697167,34.419,33,NA,NA,NA,9.5,"Deeper reef slope",NA
2479,"F3F4","Modern","Egypt","El Quseir","Mangrove Bay","23/10/2023",25.8697167,34.419,3,NA,NA,NA,9.5,"Deeper reef slope",NA
2479,"F3F4","Modern","Egypt","El Quseir","Mangrove Bay","23/10/2023",25.8697167,34.419,3,NA,NA,NA,9.5,"Deeper reef slope",NA
2479,"F3F4","Modern","Egypt","El Quseir","Mangrove Bay","23/10/2023",25.8697167,34.419,3,NA,NA,NA,9.5,"Deeper reef slope",NA
2480,"F3F4","Modern","Egypt","El Quseir","Mangrove Bay","23/10/2023",25.8697167,34.419,7,NA,NA,NA,9.5,"Deeper reef slope",NA
2480,"F3F4","Modern","Egypt","El Quseir","Mangrove Bay","23/10/2023",25.8697167,34.419,7,NA,NA,NA,9.5,"Deeper reef slope",NA
2481,"F3F4","Modern","Egypt","El Quseir","Mangrove Bay","23/10/2023",25.8697167,34.419,11,NA,NA,NA,9.5,"Deeper reef slope",NA
2482,"F3F4","Modern","Egypt","El Quseir","Mangrove Bay","23/10/2023",25.8697167,34.419,30,NA,NA,NA,9.5,"Deeper reef slope",NA
2482,"F3F4","Modern","Egypt","El Quseir","Mangrove Bay","23/10/2023",25.8697167,34.419,30,NA,NA,NA,9.5,"Deeper reef slope",NA
2483,"F3F4","Modern","Egypt","El Quseir","Mangrove Bay","23/10/2023",25.8697167,34.419,15,NA,NA,NA,9.5,"Deeper reef slope",NA
2483,"F3F4","Modern","Egypt","El Quseir","Mangrove Bay","23/10/2023",25.8697167,34.419,15,NA,NA,NA,9.5,"Deeper reef slope",NA
2483,"F3F4","Modern","Egypt","El Quseir","Mangrove Bay","23/10/2023",25.8697167,34.419,15,NA,NA,NA,9.5,"Deeper reef slope",NA
2484,"F3F4","Modern","Egypt","El Quseir","Mangrove Bay","23/10/2023",25.8697167,34.419,8,NA,NA,NA,9.5,"Deeper reef slope",NA
2484,"F3F4","Modern","Egypt","El Quseir","Mangrove Bay","23/10/2023",25.8697167,34.419,8,NA,NA,NA,9.5,"Deeper reef slope",NA
2485,"F3F4","Modern","Egypt","El Quseir","Mangrove Bay","23/10/2023",25.8697167,34.419,7,NA,NA,NA,9.5,"Deeper reef slope",NA
2485,"F3F4","Modern","Egypt","El Quseir","Mangrove Bay","23/10/2023",25.8697167,34.419,7,NA,NA,NA,9.5,"Deeper reef slope",NA
2486,"F3F4","Modern","Egypt","El Quseir","Mangrove Bay","23/10/2023",25.8697167,34.419,7,NA,NA,NA,9.5,"Deeper reef slope",NA
2486,"F3F4","Modern","Egypt","El Quseir","Mangrove Bay","23/10/2023",25.8697167,34.419,7,NA,NA,NA,9.5,"Deeper reef slope",NA
2487,"F3F4","Modern","Egypt","El Quseir","Mangrove Bay","23/10/2023",25.8697167,34.419,6,NA,NA,NA,9.5,"Deeper reef slope",NA
2487,"F3F4","Modern","Egypt","El Quseir","Mangrove Bay","23/10/2023",25.8697167,34.419,6,NA,NA,NA,9.5,"Deeper reef slope",NA
2487,"F3F4","Modern","Egypt","El Quseir","Mangrove Bay","23/10/2023",25.8697167,34.419,6,NA,NA,NA,9.5,"Deeper reef slope",NA
2488,"F3F4","Modern","Egypt","El Quseir","Mangrove Bay","23/10/2023",25.8697167,34.419,6,NA,NA,NA,9.5,"Deeper reef slope",NA
2488,"F3F4","Modern","Egypt","El Quseir","Mangrove Bay","23/10/2023",25.8697167,34.419,6,NA,NA,NA,9.5,"Deeper reef slope",NA
2488,"F3F4","Modern","Egypt","El Quseir","Mangrove Bay","23/10/2023",25.8697167,34.419,6,NA,NA,NA,9.5,"Deeper reef slope",NA
2489,"F3F4","Modern","Egypt","El Quseir","Mangrove Bay","23/10/2023",25.8697167,34.419,29,NA,NA,NA,9.5,"Deeper reef slope",NA
2489,"F3F4","Modern","Egypt","El Quseir","Mangrove Bay","23/10/2023",25.8697167,34.419,29,NA,NA,NA,9.5,"Deeper reef slope",NA
2490,"F3F4","Modern","Egypt","El Quseir","Mangrove Bay","23/10/2023",25.8697167,34.419,10,NA,NA,NA,9.5,"Deeper reef slope",NA
2490,"F3F4","Modern","Egypt","El Quseir","Mangrove Bay","23/10/2023",25.8697167,34.419,10,NA,NA,NA,9.5,"Deeper reef slope",NA
2491,"F3F4","Modern","Egypt","El Quseir","Mangrove Bay","23/10/2023",25.8697167,34.419,9,NA,NA,NA,9.5,"Deeper reef slope",NA
2491,"F3F4","Modern","Egypt","El Quseir","Mangrove Bay","23/10/2023",25.8697167,34.419,9,NA,NA,NA,9.5,"Deeper reef slope",NA
2491,"F3F4","Modern","Egypt","El Quseir","Mangrove Bay","23/10/2023",25.8697167,34.419,9,NA,NA,NA,9.5,"Deeper reef slope",NA
2492,"F3F4","Modern","Egypt","El Quseir","Mangrove Bay","23/10/2023",25.8697167,34.419,3,NA,NA,NA,9.5,"Deeper reef slope",NA
2492,"F3F4","Modern","Egypt","El Quseir","Mangrove Bay","23/10/2023",25.8697167,34.419,3,NA,NA,NA,9.5,"Deeper reef slope",NA
2492,"F3F4","Modern","Egypt","El Quseir","Mangrove Bay","23/10/2023",25.8697167,34.419,3,NA,NA,NA,9.5,"Deeper reef slope",NA
2493,"F5F6","Modern","Egypt","El Quseir","Mangrove Bay","25/10/2023",25.8697167,34.419,5,NA,NA,NA,9.5,"Deeper reef slope",NA
2493,"F5F6","Modern","Egypt","El Quseir","Mangrove Bay","25/10/2023",25.8697167,34.419,5,NA,NA,NA,9.5,"Deeper reef slope",NA
2493,"F5F6","Modern","Egypt","El Quseir","Mangrove Bay","25/10/2023",25.8697167,34.419,5,NA,NA,NA,9.5,"Deeper reef slope",NA
2493,"F5F6","Modern","Egypt","El Quseir","Mangrove Bay","25/10/2023",25.8697167,34.419,5,NA,NA,NA,9.5,"Deeper reef slope",NA
2494,"F5F6","Modern","Egypt","El Quseir","Mangrove Bay","25/10/2023",25.8697167,34.419,38,NA,NA,NA,9.5,"Deeper reef slope",NA
2494,"F5F6","Modern","Egypt","El Quseir","Mangrove Bay","25/10/2023",25.8697167,34.419,38,NA,NA,NA,9.5,"Deeper reef slope",NA
2495,"F5F6","Modern","Egypt","El Quseir","Mangrove Bay","25/10/2023",25.8697167,34.419,2,NA,NA,NA,9.5,"Deeper reef slope",NA
2495,"F5F6","Modern","Egypt","El Quseir","Mangrove Bay","25/10/2023",25.8697167,34.419,2,NA,NA,NA,9.5,"Deeper reef slope",NA
2495,"F5F6","Modern","Egypt","El Quseir","Mangrove Bay","25/10/2023",25.8697167,34.419,2,NA,NA,NA,9.5,"Deeper reef slope",NA
2496,"F5F6","Modern","Egypt","El Quseir","Mangrove Bay","25/10/2023",25.8697167,34.419,6,NA,NA,NA,9.5,"Deeper reef slope",NA
2496,"F5F6","Modern","Egypt","El Quseir","Mangrove Bay","25/10/2023",25.8697167,34.419,6,NA,NA,NA,9.5,"Deeper reef slope",NA
2497,"F5F6","Modern","Egypt","El Quseir","Mangrove Bay","25/10/2023",25.8697167,34.419,15,NA,NA,NA,9.5,"Deeper reef slope",NA
2497,"F5F6","Modern","Egypt","El Quseir","Mangrove Bay","25/10/2023",25.8697167,34.419,15,NA,NA,NA,9.5,"Deeper reef slope",NA
2498,"F5F6","Modern","Egypt","El Quseir","Mangrove Bay","25/10/2023",25.8697167,34.419,10,NA,NA,NA,9.5,"Deeper reef slope",NA
2498,"F5F6","Modern","Egypt","El Quseir","Mangrove Bay","25/10/2023",25.8697167,34.419,10,NA,NA,NA,9.5,"Deeper reef slope",NA
2498,"F5F6","Modern","Egypt","El Quseir","Mangrove Bay","25/10/2023",25.8697167,34.419,10,NA,NA,NA,9.5,"Deeper reef slope",NA
2498,"F5F6","Modern","Egypt","El Quseir","Mangrove Bay","25/10/2023",25.8697167,34.419,10,NA,NA,NA,9.5,"Deeper reef slope",NA
2499,"F5F6","Modern","Egypt","El Quseir","Mangrove Bay","25/10/2023",25.8697167,34.419,7,NA,NA,NA,9.5,"Deeper reef slope",NA
2499,"F5F6","Modern","Egypt","El Quseir","Mangrove Bay","25/10/2023",25.8697167,34.419,7,NA,NA,NA,9.5,"Deeper reef slope",NA
2499,"F5F6","Modern","Egypt","El Quseir","Mangrove Bay","25/10/2023",25.8697167,34.419,7,NA,NA,NA,9.5,"Deeper reef slope",NA
2499,"F5F6","Modern","Egypt","El Quseir","Mangrove Bay","25/10/2023",25.8697167,34.419,7,NA,NA,NA,9.5,"Deeper reef slope",NA
2499,"F5F6","Modern","Egypt","El Quseir","Mangrove Bay","25/10/2023",25.8697167,34.419,7,NA,NA,NA,9.5,"Deeper reef slope",NA
2500,"F5F6","Modern","Egypt","El Quseir","Mangrove Bay","25/10/2023",25.8697167,34.419,14,NA,NA,NA,9.5,"Deeper reef slope",NA
2500,"F5F6","Modern","Egypt","El Quseir","Mangrove Bay","25/10/2023",25.8697167,34.419,14,NA,NA,NA,9.5,"Deeper reef slope",NA
2501,"F5F6","Modern","Egypt","El Quseir","Mangrove Bay","25/10/2023",25.8697167,34.419,10,NA,NA,NA,9.5,"Deeper reef slope",NA
2501,"F5F6","Modern","Egypt","El Quseir","Mangrove Bay","25/10/2023",25.8697167,34.419,10,NA,NA,NA,9.5,"Deeper reef slope",NA
2501,"F5F6","Modern","Egypt","El Quseir","Mangrove Bay","25/10/2023",25.8697167,34.419,10,NA,NA,NA,9.5,"Deeper reef slope",NA
2501,"F5F6","Modern","Egypt","El Quseir","Mangrove Bay","25/10/2023",25.8697167,34.419,10,NA,NA,NA,9.5,"Deeper reef slope",NA
2502,"F5F6","Modern","Egypt","El Quseir","Mangrove Bay","25/10/2023",25.8697167,34.419,4,NA,NA,NA,9.5,"Deeper reef slope",NA
2502,"F5F6","Modern","Egypt","El Quseir","Mangrove Bay","25/10/2023",25.8697167,34.419,4,NA,NA,NA,9.5,"Deeper reef slope",NA
2502,"F5F6","Modern","Egypt","El Quseir","Mangrove Bay","25/10/2023",25.8697167,34.419,4,NA,NA,NA,9.5,"Deeper reef slope",NA
2503,"F5F6","Modern","Egypt","El Quseir","Mangrove Bay","25/10/2023",25.8697167,34.419,7,NA,NA,NA,9.5,"Deeper reef slope",NA
2503,"F5F6","Modern","Egypt","El Quseir","Mangrove Bay","25/10/2023",25.8697167,34.419,7,NA,NA,NA,9.5,"Deeper reef slope",NA
2503,"F5F6","Modern","Egypt","El Quseir","Mangrove Bay","25/10/2023",25.8697167,34.419,7,NA,NA,NA,9.5,"Deeper reef slope",NA
2503,"F5F6","Modern","Egypt","El Quseir","Mangrove Bay","25/10/2023",25.8697167,34.419,7,NA,NA,NA,9.5,"Deeper reef slope",NA
2503,"F5F6","Modern","Egypt","El Quseir","Mangrove Bay","25/10/2023",25.8697167,34.419,7,NA,NA,NA,9.5,"Deeper reef slope",NA
2504,"F5F6","Modern","Egypt","El Quseir","Mangrove Bay","25/10/2023",25.8697167,34.419,21,NA,NA,NA,9.5,"Deeper reef slope",NA
2504,"F5F6","Modern","Egypt","El Quseir","Mangrove Bay","25/10/2023",25.8697167,34.419,21,NA,NA,NA,9.5,"Deeper reef slope",NA
2504,"F5F6","Modern","Egypt","El Quseir","Mangrove Bay","25/10/2023",25.8697167,34.419,21,NA,NA,NA,9.5,"Deeper reef slope",NA
2505,"F5F6","Modern","Egypt","El Quseir","Mangrove Bay","25/10/2023",25.8697167,34.419,35,NA,NA,NA,9.5,"Deeper reef slope",NA
2505,"F5F6","Modern","Egypt","El Quseir","Mangrove Bay","25/10/2023",25.8697167,34.419,35,NA,NA,NA,9.5,"Deeper reef slope",NA
2506,"F5F6","Modern","Egypt","El Quseir","Mangrove Bay","25/10/2023",25.8697167,34.419,63,NA,NA,NA,9.5,"Deeper reef slope",NA
2507,"F5F6","Modern","Egypt","El Quseir","Mangrove Bay","25/10/2023",25.8697167,34.419,60,NA,NA,NA,9.5,"Deeper reef slope",NA
2508,"F5F6","Modern","Egypt","El Quseir","Mangrove Bay","25/10/2023",25.8697167,34.419,8,NA,NA,NA,9.5,"Deeper reef slope",NA
2508,"F5F6","Modern","Egypt","El Quseir","Mangrove Bay","25/10/2023",25.8697167,34.419,8,NA,NA,NA,9.5,"Deeper reef slope",NA
2508,"F5F6","Modern","Egypt","El Quseir","Mangrove Bay","25/10/2023",25.8697167,34.419,8,NA,NA,NA,9.5,"Deeper reef slope",NA
2509,"F5F6","Modern","Egypt","El Quseir","Mangrove Bay","25/10/2023",25.8697167,34.419,6,NA,NA,NA,9.5,"Deeper reef slope",NA
2509,"F5F6","Modern","Egypt","El Quseir","Mangrove Bay","25/10/2023",25.8697167,34.419,6,NA,NA,NA,9.5,"Deeper reef slope",NA
2510,"F5F6","Modern","Egypt","El Quseir","Mangrove Bay","25/10/2023",25.8697167,34.419,8,NA,NA,NA,9.5,"Deeper reef slope",NA
2510,"F5F6","Modern","Egypt","El Quseir","Mangrove Bay","25/10/2023",25.8697167,34.419,8,NA,NA,NA,9.5,"Deeper reef slope",NA
2510,"F5F6","Modern","Egypt","El Quseir","Mangrove Bay","25/10/2023",25.8697167,34.419,8,NA,NA,NA,9.5,"Deeper reef slope",NA
2511,"F5F6","Modern","Egypt","El Quseir","Mangrove Bay","25/10/2023",25.8697167,34.419,7,NA,NA,NA,9.5,"Deeper reef slope",NA
2511,"F5F6","Modern","Egypt","El Quseir","Mangrove Bay","25/10/2023",25.8697167,34.419,7,NA,NA,NA,9.5,"Deeper reef slope",NA
2511,"F5F6","Modern","Egypt","El Quseir","Mangrove Bay","25/10/2023",25.8697167,34.419,7,NA,NA,NA,9.5,"Deeper reef slope",NA
2511,"F5F6","Modern","Egypt","El Quseir","Mangrove Bay","25/10/2023",25.8697167,34.419,7,NA,NA,NA,9.5,"Deeper reef slope",NA
2511,"F5F6","Modern","Egypt","El Quseir","Mangrove Bay","25/10/2023",25.8697167,34.419,7,NA,NA,NA,9.5,"Deeper reef slope",NA
2512,"F5F6","Modern","Egypt","El Quseir","Mangrove Bay","25/10/2023",25.8697167,34.419,8,NA,NA,NA,9.5,"Deeper reef slope",NA
2512,"F5F6","Modern","Egypt","El Quseir","Mangrove Bay","25/10/2023",25.8697167,34.419,8,NA,NA,NA,9.5,"Deeper reef slope",NA
2512,"F5F6","Modern","Egypt","El Quseir","Mangrove Bay","25/10/2023",25.8697167,34.419,8,NA,NA,NA,9.5,"Deeper reef slope",NA
2513,"F5F6","Modern","Egypt","El Quseir","Mangrove Bay","25/10/2023",25.8697167,34.419,11,NA,NA,NA,9.5,"Deeper reef slope",NA
2513,"F5F6","Modern","Egypt","El Quseir","Mangrove Bay","25/10/2023",25.8697167,34.419,11,NA,NA,NA,9.5,"Deeper reef slope",NA
2514,"F5F6","Modern","Egypt","El Quseir","Mangrove Bay","25/10/2023",25.8697167,34.419,2,NA,NA,NA,9.5,"Deeper reef slope",NA
2514,"F5F6","Modern","Egypt","El Quseir","Mangrove Bay","25/10/2023",25.8697167,34.419,2,NA,NA,NA,9.5,"Deeper reef slope",NA
2514,"F5F6","Modern","Egypt","El Quseir","Mangrove Bay","25/10/2023",25.8697167,34.419,2,NA,NA,NA,9.5,"Deeper reef slope",NA
2515,"F5F6","Modern","Egypt","El Quseir","Mangrove Bay","25/10/2023",25.8697167,34.419,15,NA,NA,NA,9.5,"Deeper reef slope",NA
2515,"F5F6","Modern","Egypt","El Quseir","Mangrove Bay","25/10/2023",25.8697167,34.419,15,NA,NA,NA,9.5,"Deeper reef slope",NA
2516,"F5F6","Modern","Egypt","El Quseir","Mangrove Bay","25/10/2023",25.8697167,34.419,24,NA,NA,NA,9.5,"Deeper reef slope",NA
2516,"F5F6","Modern","Egypt","El Quseir","Mangrove Bay","25/10/2023",25.8697167,34.419,24,NA,NA,NA,9.5,"Deeper reef slope",NA
2517,"F5F6","Modern","Egypt","El Quseir","Mangrove Bay","25/10/2023",25.8697167,34.419,10,NA,NA,NA,9.5,"Deeper reef slope",NA
2517,"F5F6","Modern","Egypt","El Quseir","Mangrove Bay","25/10/2023",25.8697167,34.419,10,NA,NA,NA,9.5,"Deeper reef slope",NA
2517,"F5F6","Modern","Egypt","El Quseir","Mangrove Bay","25/10/2023",25.8697167,34.419,10,NA,NA,NA,9.5,"Deeper reef slope",NA
2517,"F5F6","Modern","Egypt","El Quseir","Mangrove Bay","25/10/2023",25.8697167,34.419,10,NA,NA,NA,9.5,"Deeper reef slope",NA
2518,"F5F6","Modern","Egypt","El Quseir","Mangrove Bay","25/10/2023",25.8697167,34.419,12,NA,NA,NA,9.5,"Deeper reef slope",NA
2518,"F5F6","Modern","Egypt","El Quseir","Mangrove Bay","25/10/2023",25.8697167,34.419,12,NA,NA,NA,9.5,"Deeper reef slope",NA
2518,"F5F6","Modern","Egypt","El Quseir","Mangrove Bay","25/10/2023",25.8697167,34.419,12,NA,NA,NA,9.5,"Deeper reef slope",NA
2518,"F5F6","Modern","Egypt","El Quseir","Mangrove Bay","25/10/2023",25.8697167,34.419,12,NA,NA,NA,9.5,"Deeper reef slope",NA
2519,"F5F6","Modern","Egypt","El Quseir","Mangrove Bay","25/10/2023",25.8697167,34.419,5,NA,NA,NA,9.5,"Deeper reef slope",NA
2519,"F5F6","Modern","Egypt","El Quseir","Mangrove Bay","25/10/2023",25.8697167,34.419,5,NA,NA,NA,9.5,"Deeper reef slope",NA
2519,"F5F6","Modern","Egypt","El Quseir","Mangrove Bay","25/10/2023",25.8697167,34.419,5,NA,NA,NA,9.5,"Deeper reef slope",NA
2519,"F5F6","Modern","Egypt","El Quseir","Mangrove Bay","25/10/2023",25.8697167,34.419,5,NA,NA,NA,9.5,"Deeper reef slope",NA
2520,"F5F6","Modern","Egypt","El Quseir","Mangrove Bay","25/10/2023",25.8697167,34.419,20,NA,NA,NA,9.5,"Deeper reef slope",NA
2521,"F5F6","Modern","Egypt","El Quseir","Mangrove Bay","25/10/2023",25.8697167,34.419,13,NA,NA,NA,9.5,"Deeper reef slope",NA
2521,"F5F6","Modern","Egypt","El Quseir","Mangrove Bay","25/10/2023",25.8697167,34.419,13,NA,NA,NA,9.5,"Deeper reef slope",NA
2521,"F5F6","Modern","Egypt","El Quseir","Mangrove Bay","25/10/2023",25.8697167,34.419,13,NA,NA,NA,9.5,"Deeper reef slope",NA
2522,"F5F6","Modern","Egypt","El Quseir","Mangrove Bay","25/10/2023",25.8697167,34.419,24,NA,NA,NA,9.5,"Deeper reef slope",NA
2522,"F5F6","Modern","Egypt","El Quseir","Mangrove Bay","25/10/2023",25.8697167,34.419,24,NA,NA,NA,9.5,"Deeper reef slope",NA
2523,"F5F6","Modern","Egypt","El Quseir","Mangrove Bay","25/10/2023",25.8697167,34.419,5,NA,NA,NA,9.5,"Deeper reef slope",NA
2523,"F5F6","Modern","Egypt","El Quseir","Mangrove Bay","25/10/2023",25.8697167,34.419,5,NA,NA,NA,9.5,"Deeper reef slope",NA
2523,"F5F6","Modern","Egypt","El Quseir","Mangrove Bay","25/10/2023",25.8697167,34.419,5,NA,NA,NA,9.5,"Deeper reef slope",NA
2523,"F5F6","Modern","Egypt","El Quseir","Mangrove Bay","25/10/2023",25.8697167,34.419,5,NA,NA,NA,9.5,"Deeper reef slope",NA
2524,"F5F6","Modern","Egypt","El Quseir","Mangrove Bay","25/10/2023",25.8697167,34.419,8,NA,NA,NA,9.5,"Deeper reef slope",NA
2524,"F5F6","Modern","Egypt","El Quseir","Mangrove Bay","25/10/2023",25.8697167,34.419,8,NA,NA,NA,9.5,"Deeper reef slope",NA
2524,"F5F6","Modern","Egypt","El Quseir","Mangrove Bay","25/10/2023",25.8697167,34.419,8,NA,NA,NA,9.5,"Deeper reef slope",NA
2525,"F5F6","Modern","Egypt","El Quseir","Mangrove Bay","25/10/2023",25.8697167,34.419,23,NA,NA,NA,9.5,"Deeper reef slope",NA
2526,"F5F6","Modern","Egypt","El Quseir","Mangrove Bay","25/10/2023",25.8697167,34.419,21,NA,NA,NA,9.5,"Deeper reef slope",NA
2526,"F5F6","Modern","Egypt","El Quseir","Mangrove Bay","25/10/2023",25.8697167,34.419,21,NA,NA,NA,9.5,"Deeper reef slope",NA
2526,"F5F6","Modern","Egypt","El Quseir","Mangrove Bay","25/10/2023",25.8697167,34.419,21,NA,NA,NA,9.5,"Deeper reef slope",NA
2527,"F5F6","Modern","Egypt","El Quseir","Mangrove Bay","25/10/2023",25.8697167,34.419,3,NA,NA,NA,9.5,"Deeper reef slope",NA
2527,"F5F6","Modern","Egypt","El Quseir","Mangrove Bay","25/10/2023",25.8697167,34.419,3,NA,NA,NA,9.5,"Deeper reef slope",NA
2527,"F5F6","Modern","Egypt","El Quseir","Mangrove Bay","25/10/2023",25.8697167,34.419,3,NA,NA,NA,9.5,"Deeper reef slope",NA
2528,"F5F6","Modern","Egypt","El Quseir","Mangrove Bay","25/10/2023",25.8697167,34.419,7,NA,NA,NA,9.5,"Deeper reef slope",NA
2528,"F5F6","Modern","Egypt","El Quseir","Mangrove Bay","25/10/2023",25.8697167,34.419,7,NA,NA,NA,9.5,"Deeper reef slope",NA
2528,"F5F6","Modern","Egypt","El Quseir","Mangrove Bay","25/10/2023",25.8697167,34.419,7,NA,NA,NA,9.5,"Deeper reef slope",NA
2528,"F5F6","Modern","Egypt","El Quseir","Mangrove Bay","25/10/2023",25.8697167,34.419,7,NA,NA,NA,9.5,"Deeper reef slope",NA
2528,"F5F6","Modern","Egypt","El Quseir","Mangrove Bay","25/10/2023",25.8697167,34.419,7,NA,NA,NA,9.5,"Deeper reef slope",NA
2529,"F5F6","Modern","Egypt","El Quseir","Mangrove Bay","25/10/2023",25.8697167,34.419,39,NA,NA,NA,9.5,"Deeper reef slope",NA
2529,"F5F6","Modern","Egypt","El Quseir","Mangrove Bay","25/10/2023",25.8697167,34.419,39,NA,NA,NA,9.5,"Deeper reef slope",NA
2530,"F5F6","Modern","Egypt","El Quseir","Mangrove Bay","25/10/2023",25.8697167,34.419,17,NA,NA,NA,9.5,"Deeper reef slope",NA
2530,"F5F6","Modern","Egypt","El Quseir","Mangrove Bay","25/10/2023",25.8697167,34.419,17,NA,NA,NA,9.5,"Deeper reef slope",NA
2530,"F5F6","Modern","Egypt","El Quseir","Mangrove Bay","25/10/2023",25.8697167,34.419,17,NA,NA,NA,9.5,"Deeper reef slope",NA
2531,"F5F6","Modern","Egypt","El Quseir","Mangrove Bay","25/10/2023",25.8697167,34.419,44,NA,NA,NA,9.5,"Deeper reef slope",NA
2531,"F5F6","Modern","Egypt","El Quseir","Mangrove Bay","25/10/2023",25.8697167,34.419,44,NA,NA,NA,9.5,"Deeper reef slope",NA
2532,"F5F6","Modern","Egypt","El Quseir","Mangrove Bay","25/10/2023",25.8697167,34.419,8,NA,NA,NA,9.5,"Deeper reef slope",NA
2532,"F5F6","Modern","Egypt","El Quseir","Mangrove Bay","25/10/2023",25.8697167,34.419,8,NA,NA,NA,9.5,"Deeper reef slope",NA
2532,"F5F6","Modern","Egypt","El Quseir","Mangrove Bay","25/10/2023",25.8697167,34.419,8,NA,NA,NA,9.5,"Deeper reef slope",NA
2533,"F5F6","Modern","Egypt","El Quseir","Mangrove Bay","25/10/2023",25.8697167,34.419,13,NA,NA,NA,9.5,"Deeper reef slope",NA
2533,"F5F6","Modern","Egypt","El Quseir","Mangrove Bay","25/10/2023",25.8697167,34.419,13,NA,NA,NA,9.5,"Deeper reef slope",NA
2533,"F5F6","Modern","Egypt","El Quseir","Mangrove Bay","25/10/2023",25.8697167,34.419,13,NA,NA,NA,9.5,"Deeper reef slope",NA
2534,"F5F6","Modern","Egypt","El Quseir","Mangrove Bay","25/10/2023",25.8697167,34.419,12,NA,NA,NA,9.5,"Deeper reef slope",NA
2534,"F5F6","Modern","Egypt","El Quseir","Mangrove Bay","25/10/2023",25.8697167,34.419,12,NA,NA,NA,9.5,"Deeper reef slope",NA
2534,"F5F6","Modern","Egypt","El Quseir","Mangrove Bay","25/10/2023",25.8697167,34.419,12,NA,NA,NA,9.5,"Deeper reef slope",NA
2534,"F5F6","Modern","Egypt","El Quseir","Mangrove Bay","25/10/2023",25.8697167,34.419,12,NA,NA,NA,9.5,"Deeper reef slope",NA
2535,"F5F6","Modern","Egypt","El Quseir","Mangrove Bay","25/10/2023",25.8697167,34.419,18,NA,NA,NA,9.5,"Deeper reef slope",NA
2536,"F5F6","Modern","Egypt","El Quseir","Mangrove Bay","25/10/2023",25.8697167,34.419,14,"Acropora","squarrosa",207053,9.5,"Deeper reef slope","ACB"
2537,"F5F6","Modern","Egypt","El Quseir","Mangrove Bay","25/10/2023",25.8697167,34.419,11,"Stylophora","sp.",204068,9.5,"Deeper reef slope","CB"
2538,"F5F6","Modern","Egypt","El Quseir","Mangrove Bay","25/10/2023",25.8697167,34.419,12,NA,NA,NA,9.5,"Deeper reef slope",NA
2538,"F5F6","Modern","Egypt","El Quseir","Mangrove Bay","25/10/2023",25.8697167,34.419,12,NA,NA,NA,9.5,"Deeper reef slope",NA
2538,"F5F6","Modern","Egypt","El Quseir","Mangrove Bay","25/10/2023",25.8697167,34.419,12,NA,NA,NA,9.5,"Deeper reef slope",NA
2538,"F5F6","Modern","Egypt","El Quseir","Mangrove Bay","25/10/2023",25.8697167,34.419,12,NA,NA,NA,9.5,"Deeper reef slope",NA
2539,"F5F6","Modern","Egypt","El Quseir","Mangrove Bay","25/10/2023",25.8697167,34.419,6,"Montipora","tuberculosa",207156,9.5,"Deeper reef slope","CE"
2540,"F5F6","Modern","Egypt","El Quseir","Mangrove Bay","25/10/2023",25.8697167,34.419,4,"Psammocora","profundacella",207271,9.5,"Deeper reef slope","CE"
2541,"F5F6","Modern","Egypt","El Quseir","Mangrove Bay","25/10/2023",25.8697167,34.419,7,"Porites","sp.",206485,9.5,"Deeper reef slope","CM"
2541,"F5F6","Modern","Egypt","El Quseir","Mangrove Bay","25/10/2023",25.8697167,34.419,7,"Porites","sp.",206485,9.5,"Deeper reef slope","CE"
2542,"F5F6","Modern","Egypt","El Quseir","Mangrove Bay","25/10/2023",25.8697167,34.419,7,"Leptastrea","purpurea",207470,9.5,"Deeper reef slope","CE"
2543,"F5F6","Modern","Egypt","El Quseir","Mangrove Bay","25/10/2023",25.8697167,34.419,5,"Pavona","explanulata",207306,9.5,"Deeper reef slope","CE"
2544,"F5F6","Modern","Egypt","El Quseir","Mangrove Bay","25/10/2023",25.8697167,34.419,15,"Porites","sp.",206485,9.5,"Deeper reef slope","CE"
2544,"F5F6","Modern","Egypt","El Quseir","Mangrove Bay","25/10/2023",25.8697167,34.419,15,"Porites","sp.",206485,9.5,"Deeper reef slope","CM"
2545,"F5F6","Modern","Egypt","El Quseir","Mangrove Bay","25/10/2023",25.8697167,34.419,1,"Pavona","varians",207303,9.5,"Deeper reef slope","CE"
2546,"F5F6","Modern","Egypt","El Quseir","Mangrove Bay","25/10/2023",25.8697167,34.419,5,"Coscinaraea","monile",207255,9.5,"Deeper reef slope","CE"
2547,"F5F6","Modern","Egypt","El Quseir","Mangrove Bay","25/10/2023",25.8697167,34.419,4,"Psammocora","profundacella",207271,9.5,"Deeper reef slope","CE"
2548,"F5F6","Modern","Egypt","El Quseir","Mangrove Bay","25/10/2023",25.8697167,34.419,3,"Montipora","tuberculosa",207156,9.5,"Deeper reef slope","CE"
2549,"F5F6","Modern","Egypt","El Quseir","Mangrove Bay","25/10/2023",25.8697167,34.419,3,"Porites","sp.",206485,9.5,"Deeper reef slope","CS"
2549,"F5F6","Modern","Egypt","El Quseir","Mangrove Bay","25/10/2023",25.8697167,34.419,3,"Porites","sp.",206485,9.5,"Deeper reef slope","CM"
2550,"F5F6","Modern","Egypt","El Quseir","Mangrove Bay","25/10/2023",25.8697167,34.419,70,"Porites","sp.",206485,9.5,"Deeper reef slope","CM"
2551,"F5F6","Modern","Egypt","El Quseir","Mangrove Bay","25/10/2023",25.8697167,34.419,7,"Porites","rus",207231,9.5,"Deeper reef slope","CM"
2551,"F5F6","Modern","Egypt","El Quseir","Mangrove Bay","25/10/2023",25.8697167,34.419,7,"Porites","rus",207231,9.5,"Deeper reef slope","CE"
2552,"F5F6","Modern","Egypt","El Quseir","Mangrove Bay","25/10/2023",25.8697167,34.419,12,"Echinophyllia","sp.",204799,9.5,"Deeper reef slope","CM"
2553,"F5F6","Modern","Egypt","El Quseir","Mangrove Bay","25/10/2023",25.8697167,34.419,22,"Porites","rus",207231,9.5,"Deeper reef slope","CM"
2554,"F5F6","Modern","Egypt","El Quseir","Mangrove Bay","25/10/2023",25.8697167,34.419,14,"Porites","rus",207231,9.5,"Deeper reef slope","CM"
2555,"F5F6","Modern","Egypt","El Quseir","Mangrove Bay","25/10/2023",25.8697167,34.419,52,"Porites","rus",207231,9.5,"Deeper reef slope","CM"
2556,"F5F6","Modern","Egypt","El Quseir","Mangrove Bay","25/10/2023",25.8697167,34.419,6,"Porites","sp.",206485,9.5,"Deeper reef slope","CS"
2556,"F5F6","Modern","Egypt","El Quseir","Mangrove Bay","25/10/2023",25.8697167,34.419,6,"Porites","sp.",206485,9.5,"Deeper reef slope","CM"
2557,"F5F6","Modern","Egypt","El Quseir","Mangrove Bay","25/10/2023",25.8697167,34.419,5,"Porites","sp.",206485,9.5,"Deeper reef slope","CS"
2557,"F5F6","Modern","Egypt","El Quseir","Mangrove Bay","25/10/2023",25.8697167,34.419,5,"Porites","sp.",206485,9.5,"Deeper reef slope","CM"
2558,"F5F6","Modern","Egypt","El Quseir","Mangrove Bay","25/10/2023",25.8697167,34.419,17,"Porites","rus",207231,9.5,"Deeper reef slope","CM"
2559,"F5F6","Modern","Egypt","El Quseir","Mangrove Bay","25/10/2023",25.8697167,34.419,4,"Porites","rus",207231,9.5,"Deeper reef slope","CS"
2559,"F5F6","Modern","Egypt","El Quseir","Mangrove Bay","25/10/2023",25.8697167,34.419,4,"Porites","rus",207231,9.5,"Deeper reef slope","CM"
2560,"F5F6","Modern","Egypt","El Quseir","Mangrove Bay","25/10/2023",25.8697167,34.419,2,"Porites","rus",207231,9.5,"Deeper reef slope","CS"
2560,"F5F6","Modern","Egypt","El Quseir","Mangrove Bay","25/10/2023",25.8697167,34.419,2,"Porites","rus",207231,9.5,"Deeper reef slope","CM"
2561,"F5F6","Modern","Egypt","El Quseir","Mangrove Bay","25/10/2023",25.8697167,34.419,3,"Porites","sp.",206485,9.5,"Deeper reef slope","CS"
2561,"F5F6","Modern","Egypt","El Quseir","Mangrove Bay","25/10/2023",25.8697167,34.419,3,"Porites","sp.",206485,9.5,"Deeper reef slope","CM"
2562,"F5F6","Modern","Egypt","El Quseir","Mangrove Bay","25/10/2023",25.8697167,34.419,15,"Porites","rus",207231,9.5,"Deeper reef slope","CE"
2562,"F5F6","Modern","Egypt","El Quseir","Mangrove Bay","25/10/2023",25.8697167,34.419,15,"Porites","rus",207231,9.5,"Deeper reef slope","CM"
2563,"F5F6","Modern","Egypt","El Quseir","Mangrove Bay","25/10/2023",25.8697167,34.419,7,"Porites","rus",207231,9.5,"Deeper reef slope","CM"
2563,"F5F6","Modern","Egypt","El Quseir","Mangrove Bay","25/10/2023",25.8697167,34.419,7,"Porites","rus",207231,9.5,"Deeper reef slope","CE"
2564,"F5F6","Modern","Egypt","El Quseir","Mangrove Bay","25/10/2023",25.8697167,34.419,13,"Porites","rus",207231,9.5,"Deeper reef slope","CM"
2565,"F5F6","Modern","Egypt","El Quseir","Mangrove Bay","25/10/2023",25.8697167,34.419,10,"Porites","rus",207231,9.5,"Deeper reef slope","CM"
2566,"F5F6","Modern","Egypt","El Quseir","Mangrove Bay","25/10/2023",25.8697167,34.419,7,"Porites","rus",207231,9.5,"Deeper reef slope","CM"
2566,"F5F6","Modern","Egypt","El Quseir","Mangrove Bay","25/10/2023",25.8697167,34.419,7,"Porites","rus",207231,9.5,"Deeper reef slope","CE"
2567,"F5F6","Modern","Egypt","El Quseir","Mangrove Bay","25/10/2023",25.8697167,34.419,31,"Porites","rus",207231,9.5,"Deeper reef slope","CM"
2568,"F5F6","Modern","Egypt","El Quseir","Mangrove Bay","25/10/2023",25.8697167,34.419,12,"Porites","sp.",206485,9.5,"Deeper reef slope","CS"
2568,"F5F6","Modern","Egypt","El Quseir","Mangrove Bay","25/10/2023",25.8697167,34.419,12,"Porites","sp.",206485,9.5,"Deeper reef slope","CM"
2569,"F5F6","Modern","Egypt","El Quseir","Mangrove Bay","25/10/2023",25.8697167,34.419,9,"Porites","sp.",206485,9.5,"Deeper reef slope","CM"
2570,"F5F6","Modern","Egypt","El Quseir","Mangrove Bay","25/10/2023",25.8697167,34.419,11,"Porites","sp.",206485,9.5,"Deeper reef slope","CM"
2571,"F5F6","Modern","Egypt","El Quseir","Mangrove Bay","25/10/2023",25.8697167,34.419,6,"Porites","sp.",206485,9.5,"Deeper reef slope","CS"
2571,"F5F6","Modern","Egypt","El Quseir","Mangrove Bay","25/10/2023",25.8697167,34.419,6,"Porites","sp.",206485,9.5,"Deeper reef slope","CM"
2572,"F5F6","Modern","Egypt","El Quseir","Mangrove Bay","25/10/2023",25.8697167,34.419,4,"Porites","sp.",206485,9.5,"Deeper reef slope","CS"
2572,"F5F6","Modern","Egypt","El Quseir","Mangrove Bay","25/10/2023",25.8697167,34.419,4,"Porites","sp.",206485,9.5,"Deeper reef slope","CM"
2573,"F5F6","Modern","Egypt","El Quseir","Mangrove Bay","25/10/2023",25.8697167,34.419,4,"Millepora","sp.",205902,9.5,"Deeper reef slope","CME"
2574,"F5F6","Modern","Egypt","El Quseir","Mangrove Bay","25/10/2023",25.8697167,34.419,2,"Porites","rus",207231,9.5,"Deeper reef slope","CS"
2574,"F5F6","Modern","Egypt","El Quseir","Mangrove Bay","25/10/2023",25.8697167,34.419,2,"Porites","rus",207231,9.5,"Deeper reef slope","CM"
2575,"F5F6","Modern","Egypt","El Quseir","Mangrove Bay","25/10/2023",25.8697167,34.419,3,"Porites","rus",207231,9.5,"Deeper reef slope","CS"
2575,"F5F6","Modern","Egypt","El Quseir","Mangrove Bay","25/10/2023",25.8697167,34.419,3,"Porites","rus",207231,9.5,"Deeper reef slope","CM"
2576,"F5F6","Modern","Egypt","El Quseir","Mangrove Bay","25/10/2023",25.8697167,34.419,3,"Porites","rus",207231,9.5,"Deeper reef slope","CS"
2576,"F5F6","Modern","Egypt","El Quseir","Mangrove Bay","25/10/2023",25.8697167,34.419,3,"Porites","rus",207231,9.5,"Deeper reef slope","CM"
2577,"F5F6","Modern","Egypt","El Quseir","Mangrove Bay","25/10/2023",25.8697167,34.419,3,"Porites","rus",207231,9.5,"Deeper reef slope","CS"
2577,"F5F6","Modern","Egypt","El Quseir","Mangrove Bay","25/10/2023",25.8697167,34.419,3,"Porites","rus",207231,9.5,"Deeper reef slope","CM"
2578,"F5F6","Modern","Egypt","El Quseir","Mangrove Bay","25/10/2023",25.8697167,34.419,4,"Porites","rus",207231,9.5,"Deeper reef slope","CS"
2578,"F5F6","Modern","Egypt","El Quseir","Mangrove Bay","25/10/2023",25.8697167,34.419,4,"Porites","rus",207231,9.5,"Deeper reef slope","CM"
2579,"F5F6","Modern","Egypt","El Quseir","Mangrove Bay","25/10/2023",25.8697167,34.419,3,"Porites","rus",207231,9.5,"Deeper reef slope","CS"
2579,"F5F6","Modern","Egypt","El Quseir","Mangrove Bay","25/10/2023",25.8697167,34.419,3,"Porites","rus",207231,9.5,"Deeper reef slope","CM"
2580,"F5F6","Modern","Egypt","El Quseir","Mangrove Bay","25/10/2023",25.8697167,34.419,6,"Porites","rus",207231,9.5,"Deeper reef slope","CS"
2580,"F5F6","Modern","Egypt","El Quseir","Mangrove Bay","25/10/2023",25.8697167,34.419,6,"Porites","rus",207231,9.5,"Deeper reef slope","CM"
2581,"F5F6","Modern","Egypt","El Quseir","Mangrove Bay","25/10/2023",25.8697167,34.419,5,"Porites","rus",207231,9.5,"Deeper reef slope","CS"
2581,"F5F6","Modern","Egypt","El Quseir","Mangrove Bay","25/10/2023",25.8697167,34.419,5,"Porites","rus",207231,9.5,"Deeper reef slope","CM"
2582,"F5F6","Modern","Egypt","El Quseir","Mangrove Bay","25/10/2023",25.8697167,34.419,35,"Porites","rus",207231,9.5,"Deeper reef slope","CS"
2583,"F5F6","Modern","Egypt","El Quseir","Mangrove Bay","25/10/2023",25.8697167,34.419,12,"Porites","rus",207231,9.5,"Deeper reef slope","CS"
2583,"F5F6","Modern","Egypt","El Quseir","Mangrove Bay","25/10/2023",25.8697167,34.419,12,"Porites","rus",207231,9.5,"Deeper reef slope","CM"
2584,"F5F6","Modern","Egypt","El Quseir","Mangrove Bay","25/10/2023",25.8697167,34.419,4,"GAP","GAP",NA,9.5,"Deeper reef slope",NA
2585,"F5F6","Modern","Egypt","El Quseir","Mangrove Bay","25/10/2023",25.8697167,34.419,14,"GAP","GAP",NA,9.5,"Deeper reef slope",NA
2586,"F5F6","Modern","Egypt","El Quseir","Mangrove Bay","25/10/2023",25.8697167,34.419,5,"GAP","GAP",NA,9.5,"Deeper reef slope",NA
2587,"F5F6","Modern","Egypt","El Quseir","Mangrove Bay","25/10/2023",25.8697167,34.419,15,"GAP","GAP",NA,9.5,"Deeper reef slope",NA
2588,"F5F6","Modern","Egypt","El Quseir","Mangrove Bay","25/10/2023",25.8697167,34.419,10,"GAP","GAP",NA,9.5,"Deeper reef slope",NA
2589,"F5F6","Modern","Egypt","El Quseir","Mangrove Bay","25/10/2023",25.8697167,34.419,36,"GAP","GAP",NA,9.5,"Deeper reef slope",NA
2590,"F5F6","Modern","Egypt","El Quseir","Mangrove Bay","25/10/2023",25.8697167,34.419,51,"GAP","GAP",NA,9.5,"Deeper reef slope",NA
2591,"F5F6","Modern","Egypt","El Quseir","Mangrove Bay","25/10/2023",25.8697167,34.419,34,"GAP","GAP",NA,9.5,"Deeper reef slope",NA
2592,"F5F6","Modern","Egypt","El Quseir","Mangrove Bay","25/10/2023",25.8697167,34.419,38,"GAP","GAP",NA,9.5,"Deeper reef slope",NA
2593,"F5F6","Modern","Egypt","El Quseir","Mangrove Bay","25/10/2023",25.8697167,34.419,96,"GAP","GAP",NA,9.5,"Deeper reef slope",NA
2594,"F5F6","Modern","Egypt","El Quseir","Mangrove Bay","25/10/2023",25.8697167,34.419,38,"GAP","GAP",NA,9.5,"Deeper reef slope",NA
2595,"F5F6","Modern","Egypt","El Quseir","Mangrove Bay","25/10/2023",25.8697167,34.419,8,"GAP","GAP",NA,9.5,"Deeper reef slope",NA
2596,"F5F6","Modern","Egypt","El Quseir","Mangrove Bay","25/10/2023",25.8697167,34.419,10,"GAP","GAP",NA,9.5,"Deeper reef slope",NA
2597,"F5F6","Modern","Egypt","El Quseir","Mangrove Bay","25/10/2023",25.8697167,34.419,4,"GAP","GAP",NA,9.5,"Deeper reef slope",NA
2598,"F5F6","Modern","Egypt","El Quseir","Mangrove Bay","25/10/2023",25.8697167,34.419,36,"GAP","GAP",NA,9.5,"Deeper reef slope",NA
2599,"F5F6","Modern","Egypt","El Quseir","Mangrove Bay","25/10/2023",25.8697167,34.419,2,"GAP","GAP",NA,9.5,"Deeper reef slope",NA
2600,"F5F6","Modern","Egypt","El Quseir","Mangrove Bay","25/10/2023",25.8697167,34.419,7,"GAP","GAP",NA,9.5,"Deeper reef slope",NA
2601,"F5F6","Modern","Egypt","El Quseir","Mangrove Bay","25/10/2023",25.8697167,34.419,21,"GAP","GAP",NA,9.5,"Deeper reef slope",NA
2602,"F5F6","Modern","Egypt","El Quseir","Mangrove Bay","25/10/2023",25.8697167,34.419,52,"GAP","GAP",NA,9.5,"Deeper reef slope",NA
2603,"F5F6","Modern","Egypt","El Quseir","Mangrove Bay","25/10/2023",25.8697167,34.419,110,"GAP","GAP",NA,9.5,"Deeper reef slope",NA
2604,"F5F6","Modern","Egypt","El Quseir","Mangrove Bay","25/10/2023",25.8697167,34.419,44,"GAP","GAP",NA,9.5,"Deeper reef slope",NA
2605,"F5F6","Modern","Egypt","El Quseir","Mangrove Bay","25/10/2023",25.8697167,34.419,4,"GAP","GAP",NA,9.5,"Deeper reef slope",NA
2606,"F5F6","Modern","Egypt","El Quseir","Mangrove Bay","25/10/2023",25.8697167,34.419,15,"GAP","GAP",NA,9.5,"Deeper reef slope",NA
2607,"F5F6","Modern","Egypt","El Quseir","Mangrove Bay","25/10/2023",25.8697167,34.419,9,"GAP","GAP",NA,9.5,"Deeper reef slope",NA
2608,"F5F6","Modern","Egypt","El Quseir","Mangrove Bay","25/10/2023",25.8697167,34.419,100,"GAP","GAP",NA,9.5,"Deeper reef slope",NA
2609,"F5F6","Modern","Egypt","El Quseir","Mangrove Bay","25/10/2023",25.8697167,34.419,39,"GAP","GAP",NA,9.5,"Deeper reef slope",NA
2610,"F5F6","Modern","Egypt","El Quseir","Mangrove Bay","25/10/2023",25.8697167,34.419,9,"GAP","GAP",NA,9.5,"Deeper reef slope",NA
2611,"F5F6","Modern","Egypt","El Quseir","Mangrove Bay","25/10/2023",25.8697167,34.419,39,"GAP","GAP",NA,9.5,"Deeper reef slope",NA
2612,"F5F6","Modern","Egypt","El Quseir","Mangrove Bay","25/10/2023",25.8697167,34.419,29,"GAP","GAP",NA,9.5,"Deeper reef slope",NA
2613,"F5F6","Modern","Egypt","El Quseir","Mangrove Bay","25/10/2023",25.8697167,34.419,9,"GAP","GAP",NA,9.5,"Deeper reef slope",NA
2614,"F5F6","Modern","Egypt","El Quseir","Mangrove Bay","25/10/2023",25.8697167,34.419,35,"GAP","GAP",NA,9.5,"Deeper reef slope",NA
2615,"F5F6","Modern","Egypt","El Quseir","Mangrove Bay","25/10/2023",25.8697167,34.419,13,"GAP","GAP",NA,9.5,"Deeper reef slope",NA
2616,"F5F6","Modern","Egypt","El Quseir","Mangrove Bay","25/10/2023",25.8697167,34.419,21,"GAP","GAP",NA,9.5,"Deeper reef slope",NA
2617,"F5F6","Modern","Egypt","El Quseir","Mangrove Bay","25/10/2023",25.8697167,34.419,8,"GAP","GAP",NA,9.5,"Deeper reef slope",NA
2618,"F5F6","Modern","Egypt","El Quseir","Mangrove Bay","25/10/2023",25.8697167,34.419,24,"GAP","GAP",NA,9.5,"Deeper reef slope",NA
2619,"F5F6","Modern","Egypt","El Quseir","Mangrove Bay","25/10/2023",25.8697167,34.419,3,"GAP","GAP",NA,9.5,"Deeper reef slope",NA
2620,"F5F6","Modern","Egypt","El Quseir","Mangrove Bay","25/10/2023",25.8697167,34.419,17,"GAP","GAP",NA,9.5,"Deeper reef slope",NA
2621,"F5F6","Modern","Egypt","El Quseir","Mangrove Bay","25/10/2023",25.8697167,34.419,7,"GAP","GAP",NA,9.5,"Deeper reef slope",NA
2622,"F5F6","Modern","Egypt","El Quseir","Mangrove Bay","25/10/2023",25.8697167,34.419,8,"GAP","GAP",NA,9.5,"Deeper reef slope",NA
2623,"F5F6","Modern","Egypt","El Quseir","Mangrove Bay","25/10/2023",25.8697167,34.419,7,NA,NA,NA,9.5,"Deeper reef slope",NA
2623,"F5F6","Modern","Egypt","El Quseir","Mangrove Bay","25/10/2023",25.8697167,34.419,7,NA,NA,NA,9.5,"Deeper reef slope",NA
2623,"F5F6","Modern","Egypt","El Quseir","Mangrove Bay","25/10/2023",25.8697167,34.419,7,NA,NA,NA,9.5,"Deeper reef slope",NA
2623,"F5F6","Modern","Egypt","El Quseir","Mangrove Bay","25/10/2023",25.8697167,34.419,7,NA,NA,NA,9.5,"Deeper reef slope",NA
2623,"F5F6","Modern","Egypt","El Quseir","Mangrove Bay","25/10/2023",25.8697167,34.419,7,NA,NA,NA,9.5,"Deeper reef slope",NA
2624,"F5F6","Modern","Egypt","El Quseir","Mangrove Bay","25/10/2023",25.8697167,34.419,8,NA,NA,NA,9.5,"Deeper reef slope",NA
2624,"F5F6","Modern","Egypt","El Quseir","Mangrove Bay","25/10/2023",25.8697167,34.419,8,NA,NA,NA,9.5,"Deeper reef slope",NA
2624,"F5F6","Modern","Egypt","El Quseir","Mangrove Bay","25/10/2023",25.8697167,34.419,8,NA,NA,NA,9.5,"Deeper reef slope",NA
2625,"F5F6","Modern","Egypt","El Quseir","Mangrove Bay","25/10/2023",25.8697167,34.419,5,NA,NA,NA,9.5,"Deeper reef slope",NA
2625,"F5F6","Modern","Egypt","El Quseir","Mangrove Bay","25/10/2023",25.8697167,34.419,5,NA,NA,NA,9.5,"Deeper reef slope",NA
2625,"F5F6","Modern","Egypt","El Quseir","Mangrove Bay","25/10/2023",25.8697167,34.419,5,NA,NA,NA,9.5,"Deeper reef slope",NA
2625,"F5F6","Modern","Egypt","El Quseir","Mangrove Bay","25/10/2023",25.8697167,34.419,5,NA,NA,NA,9.5,"Deeper reef slope",NA
2626,"F5F6","Modern","Egypt","El Quseir","Mangrove Bay","25/10/2023",25.8697167,34.419,2,NA,NA,NA,9.5,"Deeper reef slope",NA
2626,"F5F6","Modern","Egypt","El Quseir","Mangrove Bay","25/10/2023",25.8697167,34.419,2,NA,NA,NA,9.5,"Deeper reef slope",NA
2626,"F5F6","Modern","Egypt","El Quseir","Mangrove Bay","25/10/2023",25.8697167,34.419,2,NA,NA,NA,9.5,"Deeper reef slope",NA
2627,"F5F6","Modern","Egypt","El Quseir","Mangrove Bay","25/10/2023",25.8697167,34.419,2,NA,NA,NA,9.5,"Deeper reef slope",NA
2627,"F5F6","Modern","Egypt","El Quseir","Mangrove Bay","25/10/2023",25.8697167,34.419,2,NA,NA,NA,9.5,"Deeper reef slope",NA
2627,"F5F6","Modern","Egypt","El Quseir","Mangrove Bay","25/10/2023",25.8697167,34.419,2,NA,NA,NA,9.5,"Deeper reef slope",NA
2628,"F5F6","Modern","Egypt","El Quseir","Mangrove Bay","25/10/2023",25.8697167,34.419,21,NA,NA,NA,9.5,"Deeper reef slope",NA
2628,"F5F6","Modern","Egypt","El Quseir","Mangrove Bay","25/10/2023",25.8697167,34.419,21,NA,NA,NA,9.5,"Deeper reef slope",NA
2628,"F5F6","Modern","Egypt","El Quseir","Mangrove Bay","25/10/2023",25.8697167,34.419,21,NA,NA,NA,9.5,"Deeper reef slope",NA
2629,"F5F6","Modern","Egypt","El Quseir","Mangrove Bay","25/10/2023",25.8697167,34.419,11,NA,NA,NA,9.5,"Deeper reef slope",NA
2629,"F5F6","Modern","Egypt","El Quseir","Mangrove Bay","25/10/2023",25.8697167,34.419,11,NA,NA,NA,9.5,"Deeper reef slope",NA
2630,"F5F6","Modern","Egypt","El Quseir","Mangrove Bay","25/10/2023",25.8697167,34.419,7,NA,NA,NA,9.5,"Deeper reef slope",NA
2630,"F5F6","Modern","Egypt","El Quseir","Mangrove Bay","25/10/2023",25.8697167,34.419,7,NA,NA,NA,9.5,"Deeper reef slope",NA
2630,"F5F6","Modern","Egypt","El Quseir","Mangrove Bay","25/10/2023",25.8697167,34.419,7,NA,NA,NA,9.5,"Deeper reef slope",NA
2630,"F5F6","Modern","Egypt","El Quseir","Mangrove Bay","25/10/2023",25.8697167,34.419,7,NA,NA,NA,9.5,"Deeper reef slope",NA
2630,"F5F6","Modern","Egypt","El Quseir","Mangrove Bay","25/10/2023",25.8697167,34.419,7,NA,NA,NA,9.5,"Deeper reef slope",NA
2631,"F5F6","Modern","Egypt","El Quseir","Mangrove Bay","25/10/2023",25.8697167,34.419,7,NA,NA,NA,9.5,"Deeper reef slope",NA
2631,"F5F6","Modern","Egypt","El Quseir","Mangrove Bay","25/10/2023",25.8697167,34.419,7,NA,NA,NA,9.5,"Deeper reef slope",NA
2631,"F5F6","Modern","Egypt","El Quseir","Mangrove Bay","25/10/2023",25.8697167,34.419,7,NA,NA,NA,9.5,"Deeper reef slope",NA
2631,"F5F6","Modern","Egypt","El Quseir","Mangrove Bay","25/10/2023",25.8697167,34.419,7,NA,NA,NA,9.5,"Deeper reef slope",NA
2631,"F5F6","Modern","Egypt","El Quseir","Mangrove Bay","25/10/2023",25.8697167,34.419,7,NA,NA,NA,9.5,"Deeper reef slope",NA
2632,"F5F6","Modern","Egypt","El Quseir","Mangrove Bay","25/10/2023",25.8697167,34.419,10,NA,NA,NA,9.5,"Deeper reef slope",NA
2632,"F5F6","Modern","Egypt","El Quseir","Mangrove Bay","25/10/2023",25.8697167,34.419,10,NA,NA,NA,9.5,"Deeper reef slope",NA
2632,"F5F6","Modern","Egypt","El Quseir","Mangrove Bay","25/10/2023",25.8697167,34.419,10,NA,NA,NA,9.5,"Deeper reef slope",NA
2632,"F5F6","Modern","Egypt","El Quseir","Mangrove Bay","25/10/2023",25.8697167,34.419,10,NA,NA,NA,9.5,"Deeper reef slope",NA
2633,"F5F6","Modern","Egypt","El Quseir","Mangrove Bay","25/10/2023",25.8697167,34.419,7,NA,NA,NA,9.5,"Deeper reef slope",NA
2633,"F5F6","Modern","Egypt","El Quseir","Mangrove Bay","25/10/2023",25.8697167,34.419,7,NA,NA,NA,9.5,"Deeper reef slope",NA
2633,"F5F6","Modern","Egypt","El Quseir","Mangrove Bay","25/10/2023",25.8697167,34.419,7,NA,NA,NA,9.5,"Deeper reef slope",NA
2633,"F5F6","Modern","Egypt","El Quseir","Mangrove Bay","25/10/2023",25.8697167,34.419,7,NA,NA,NA,9.5,"Deeper reef slope",NA
2633,"F5F6","Modern","Egypt","El Quseir","Mangrove Bay","25/10/2023",25.8697167,34.419,7,NA,NA,NA,9.5,"Deeper reef slope",NA
2634,"F5F6","Modern","Egypt","El Quseir","Mangrove Bay","25/10/2023",25.8697167,34.419,6,NA,NA,NA,9.5,"Deeper reef slope",NA
2634,"F5F6","Modern","Egypt","El Quseir","Mangrove Bay","25/10/2023",25.8697167,34.419,6,NA,NA,NA,9.5,"Deeper reef slope",NA
2635,"F5F6","Modern","Egypt","El Quseir","Mangrove Bay","25/10/2023",25.8697167,34.419,21,NA,NA,NA,9.5,"Deeper reef slope",NA
2635,"F5F6","Modern","Egypt","El Quseir","Mangrove Bay","25/10/2023",25.8697167,34.419,21,NA,NA,NA,9.5,"Deeper reef slope",NA
2635,"F5F6","Modern","Egypt","El Quseir","Mangrove Bay","25/10/2023",25.8697167,34.419,21,NA,NA,NA,9.5,"Deeper reef slope",NA
2636,"F5F6","Modern","Egypt","El Quseir","Mangrove Bay","25/10/2023",25.8697167,34.419,13,NA,NA,NA,9.5,"Deeper reef slope",NA
2636,"F5F6","Modern","Egypt","El Quseir","Mangrove Bay","25/10/2023",25.8697167,34.419,13,NA,NA,NA,9.5,"Deeper reef slope",NA
2636,"F5F6","Modern","Egypt","El Quseir","Mangrove Bay","25/10/2023",25.8697167,34.419,13,NA,NA,NA,9.5,"Deeper reef slope",NA
2637,"F5F6","Modern","Egypt","El Quseir","Mangrove Bay","25/10/2023",25.8697167,34.419,19,NA,NA,NA,9.5,"Deeper reef slope",NA
2638,"F5F6","Modern","Egypt","El Quseir","Mangrove Bay","25/10/2023",25.8697167,34.419,12,NA,NA,NA,9.5,"Deeper reef slope",NA
2638,"F5F6","Modern","Egypt","El Quseir","Mangrove Bay","25/10/2023",25.8697167,34.419,12,NA,NA,NA,9.5,"Deeper reef slope",NA
2638,"F5F6","Modern","Egypt","El Quseir","Mangrove Bay","25/10/2023",25.8697167,34.419,12,NA,NA,NA,9.5,"Deeper reef slope",NA
2638,"F5F6","Modern","Egypt","El Quseir","Mangrove Bay","25/10/2023",25.8697167,34.419,12,NA,NA,NA,9.5,"Deeper reef slope",NA
2639,"F5F6","Modern","Egypt","El Quseir","Mangrove Bay","25/10/2023",25.8697167,34.419,11,NA,NA,NA,9.5,"Deeper reef slope",NA
2639,"F5F6","Modern","Egypt","El Quseir","Mangrove Bay","25/10/2023",25.8697167,34.419,11,NA,NA,NA,9.5,"Deeper reef slope",NA
2640,"F5F6","Modern","Egypt","El Quseir","Mangrove Bay","25/10/2023",25.8697167,34.419,11,NA,NA,NA,9.5,"Deeper reef slope",NA
2640,"F5F6","Modern","Egypt","El Quseir","Mangrove Bay","25/10/2023",25.8697167,34.419,11,NA,NA,NA,9.5,"Deeper reef slope",NA
2641,"F5F6","Modern","Egypt","El Quseir","Mangrove Bay","25/10/2023",25.8697167,34.419,3,NA,NA,NA,9.5,"Deeper reef slope",NA
2641,"F5F6","Modern","Egypt","El Quseir","Mangrove Bay","25/10/2023",25.8697167,34.419,3,NA,NA,NA,9.5,"Deeper reef slope",NA
2641,"F5F6","Modern","Egypt","El Quseir","Mangrove Bay","25/10/2023",25.8697167,34.419,3,NA,NA,NA,9.5,"Deeper reef slope",NA
2642,"F5F6","Modern","Egypt","El Quseir","Mangrove Bay","25/10/2023",25.8697167,34.419,8,NA,NA,NA,9.5,"Deeper reef slope",NA
2642,"F5F6","Modern","Egypt","El Quseir","Mangrove Bay","25/10/2023",25.8697167,34.419,8,NA,NA,NA,9.5,"Deeper reef slope",NA
2642,"F5F6","Modern","Egypt","El Quseir","Mangrove Bay","25/10/2023",25.8697167,34.419,8,NA,NA,NA,9.5,"Deeper reef slope",NA
2643,"F5F6","Modern","Egypt","El Quseir","Mangrove Bay","25/10/2023",25.8697167,34.419,19,NA,NA,NA,9.5,"Deeper reef slope",NA
2644,"F5F6","Modern","Egypt","El Quseir","Mangrove Bay","25/10/2023",25.8697167,34.419,4,NA,NA,NA,9.5,"Deeper reef slope",NA
2644,"F5F6","Modern","Egypt","El Quseir","Mangrove Bay","25/10/2023",25.8697167,34.419,4,NA,NA,NA,9.5,"Deeper reef slope",NA
2644,"F5F6","Modern","Egypt","El Quseir","Mangrove Bay","25/10/2023",25.8697167,34.419,4,NA,NA,NA,9.5,"Deeper reef slope",NA
2645,"F5F6","Modern","Egypt","El Quseir","Mangrove Bay","25/10/2023",25.8697167,34.419,3,NA,NA,NA,9.5,"Deeper reef slope",NA
2645,"F5F6","Modern","Egypt","El Quseir","Mangrove Bay","25/10/2023",25.8697167,34.419,3,NA,NA,NA,9.5,"Deeper reef slope",NA
2645,"F5F6","Modern","Egypt","El Quseir","Mangrove Bay","25/10/2023",25.8697167,34.419,3,NA,NA,NA,9.5,"Deeper reef slope",NA
2646,"F5F6","Modern","Egypt","El Quseir","Mangrove Bay","25/10/2023",25.8697167,34.419,19,NA,NA,NA,9.5,"Deeper reef slope",NA
2647,"F5F6","Modern","Egypt","El Quseir","Mangrove Bay","25/10/2023",25.8697167,34.419,13,NA,NA,NA,9.5,"Deeper reef slope",NA
2647,"F5F6","Modern","Egypt","El Quseir","Mangrove Bay","25/10/2023",25.8697167,34.419,13,NA,NA,NA,9.5,"Deeper reef slope",NA
2647,"F5F6","Modern","Egypt","El Quseir","Mangrove Bay","25/10/2023",25.8697167,34.419,13,NA,NA,NA,9.5,"Deeper reef slope",NA
2648,"F5F6","Modern","Egypt","El Quseir","Mangrove Bay","25/10/2023",25.8697167,34.419,3,NA,NA,NA,9.5,"Deeper reef slope",NA
2648,"F5F6","Modern","Egypt","El Quseir","Mangrove Bay","25/10/2023",25.8697167,34.419,3,NA,NA,NA,9.5,"Deeper reef slope",NA
2648,"F5F6","Modern","Egypt","El Quseir","Mangrove Bay","25/10/2023",25.8697167,34.419,3,NA,NA,NA,9.5,"Deeper reef slope",NA
2649,"F5F6","Modern","Egypt","El Quseir","Mangrove Bay","25/10/2023",25.8697167,34.419,6,NA,NA,NA,9.5,"Deeper reef slope",NA
2649,"F5F6","Modern","Egypt","El Quseir","Mangrove Bay","25/10/2023",25.8697167,34.419,6,NA,NA,NA,9.5,"Deeper reef slope",NA
2650,"F5F6","Modern","Egypt","El Quseir","Mangrove Bay","25/10/2023",25.8697167,34.419,7,NA,NA,NA,9.5,"Deeper reef slope",NA
2650,"F5F6","Modern","Egypt","El Quseir","Mangrove Bay","25/10/2023",25.8697167,34.419,7,NA,NA,NA,9.5,"Deeper reef slope",NA
2650,"F5F6","Modern","Egypt","El Quseir","Mangrove Bay","25/10/2023",25.8697167,34.419,7,NA,NA,NA,9.5,"Deeper reef slope",NA
2650,"F5F6","Modern","Egypt","El Quseir","Mangrove Bay","25/10/2023",25.8697167,34.419,7,NA,NA,NA,9.5,"Deeper reef slope",NA
2650,"F5F6","Modern","Egypt","El Quseir","Mangrove Bay","25/10/2023",25.8697167,34.419,7,NA,NA,NA,9.5,"Deeper reef slope",NA
2651,"F5F6","Modern","Egypt","El Quseir","Mangrove Bay","25/10/2023",25.8697167,34.419,5,NA,NA,NA,9.5,"Deeper reef slope",NA
2651,"F5F6","Modern","Egypt","El Quseir","Mangrove Bay","25/10/2023",25.8697167,34.419,5,NA,NA,NA,9.5,"Deeper reef slope",NA
2651,"F5F6","Modern","Egypt","El Quseir","Mangrove Bay","25/10/2023",25.8697167,34.419,5,NA,NA,NA,9.5,"Deeper reef slope",NA
2651,"F5F6","Modern","Egypt","El Quseir","Mangrove Bay","25/10/2023",25.8697167,34.419,5,NA,NA,NA,9.5,"Deeper reef slope",NA
2652,"F5F6","Modern","Egypt","El Quseir","Mangrove Bay","25/10/2023",25.8697167,34.419,12,NA,NA,NA,9.5,"Deeper reef slope",NA
2652,"F5F6","Modern","Egypt","El Quseir","Mangrove Bay","25/10/2023",25.8697167,34.419,12,NA,NA,NA,9.5,"Deeper reef slope",NA
2652,"F5F6","Modern","Egypt","El Quseir","Mangrove Bay","25/10/2023",25.8697167,34.419,12,NA,NA,NA,9.5,"Deeper reef slope",NA
2652,"F5F6","Modern","Egypt","El Quseir","Mangrove Bay","25/10/2023",25.8697167,34.419,12,NA,NA,NA,9.5,"Deeper reef slope",NA
2653,"F5F6","Modern","Egypt","El Quseir","Mangrove Bay","25/10/2023",25.8697167,34.419,12,NA,NA,NA,9.5,"Deeper reef slope",NA
2653,"F5F6","Modern","Egypt","El Quseir","Mangrove Bay","25/10/2023",25.8697167,34.419,12,NA,NA,NA,9.5,"Deeper reef slope",NA
2653,"F5F6","Modern","Egypt","El Quseir","Mangrove Bay","25/10/2023",25.8697167,34.419,12,NA,NA,NA,9.5,"Deeper reef slope",NA
2653,"F5F6","Modern","Egypt","El Quseir","Mangrove Bay","25/10/2023",25.8697167,34.419,12,NA,NA,NA,9.5,"Deeper reef slope",NA
2654,"F5F6","Modern","Egypt","El Quseir","Mangrove Bay","25/10/2023",25.8697167,34.419,17,NA,NA,NA,9.5,"Deeper reef slope",NA
2654,"F5F6","Modern","Egypt","El Quseir","Mangrove Bay","25/10/2023",25.8697167,34.419,17,NA,NA,NA,9.5,"Deeper reef slope",NA
2654,"F5F6","Modern","Egypt","El Quseir","Mangrove Bay","25/10/2023",25.8697167,34.419,17,NA,NA,NA,9.5,"Deeper reef slope",NA
2655,"F5F6","Modern","Egypt","El Quseir","Mangrove Bay","25/10/2023",25.8697167,34.419,7,NA,NA,NA,9.5,"Deeper reef slope",NA
2655,"F5F6","Modern","Egypt","El Quseir","Mangrove Bay","25/10/2023",25.8697167,34.419,7,NA,NA,NA,9.5,"Deeper reef slope",NA
2655,"F5F6","Modern","Egypt","El Quseir","Mangrove Bay","25/10/2023",25.8697167,34.419,7,NA,NA,NA,9.5,"Deeper reef slope",NA
2655,"F5F6","Modern","Egypt","El Quseir","Mangrove Bay","25/10/2023",25.8697167,34.419,7,NA,NA,NA,9.5,"Deeper reef slope",NA
2655,"F5F6","Modern","Egypt","El Quseir","Mangrove Bay","25/10/2023",25.8697167,34.419,7,NA,NA,NA,9.5,"Deeper reef slope",NA
2656,"F5F6","Modern","Egypt","El Quseir","Mangrove Bay","25/10/2023",25.8697167,34.419,10,NA,NA,NA,9.5,"Deeper reef slope",NA
2656,"F5F6","Modern","Egypt","El Quseir","Mangrove Bay","25/10/2023",25.8697167,34.419,10,NA,NA,NA,9.5,"Deeper reef slope",NA
2656,"F5F6","Modern","Egypt","El Quseir","Mangrove Bay","25/10/2023",25.8697167,34.419,10,NA,NA,NA,9.5,"Deeper reef slope",NA
2656,"F5F6","Modern","Egypt","El Quseir","Mangrove Bay","25/10/2023",25.8697167,34.419,10,NA,NA,NA,9.5,"Deeper reef slope",NA
2657,"SB_1","MIS5e","Egypt","El Quseir","Sharm el Bahari","06/11/2019",25.86702778,34.41991667,10,"Galaxea","fascicularis",207366,NA,"Reef slope","CM"
2658,"SB_1","MIS5e","Egypt","El Quseir","Sharm el Bahari","06/11/2019",25.86702778,34.41991667,28,"Hydnophora","sp.",204976,NA,"Reef slope","CM"
2659,"SB_1","MIS5e","Egypt","El Quseir","Sharm el Bahari","06/11/2019",25.86702778,34.41991667,15,NA,NA,NA,NA,"Reef slope",NA
2660,"SB_1","MIS5e","Egypt","El Quseir","Sharm el Bahari","06/11/2019",25.86702778,34.41991667,14,NA,NA,NA,NA,"Reef slope",NA
2661,"SB_1","MIS5e","Egypt","El Quseir","Sharm el Bahari","06/11/2019",25.86702778,34.41991667,12,"Hydnophora","exesa/microconos",207403,NA,"Reef slope","CF"
2662,"SB_1","MIS5e","Egypt","El Quseir","Sharm el Bahari","06/11/2019",25.86702778,34.41991667,9,NA,NA,NA,NA,"Reef slope",NA
2662,"SB_1","MIS5e","Egypt","El Quseir","Sharm el Bahari","06/11/2019",25.86702778,34.41991667,9,NA,NA,NA,NA,"Reef slope",NA
2663,"SB_1","MIS5e","Egypt","El Quseir","Sharm el Bahari","06/11/2019",25.86702778,34.41991667,15,"Porites","sp.",206485,NA,"Reef slope","CM"
2664,"SB_1","MIS5e","Egypt","El Quseir","Sharm el Bahari","06/11/2019",25.86702778,34.41991667,16,NA,NA,NA,NA,"Reef slope",NA
2664,"SB_1","MIS5e","Egypt","El Quseir","Sharm el Bahari","06/11/2019",25.86702778,34.41991667,16,NA,NA,NA,NA,"Reef slope",NA
2665,"SB_1","MIS5e","Egypt","El Quseir","Sharm el Bahari","06/11/2019",25.86702778,34.41991667,21,"Porites","sp.",206485,NA,"Reef slope","CM"
2666,"SB_1","MIS5e","Egypt","El Quseir","Sharm el Bahari","06/11/2019",25.86702778,34.41991667,42,"Galaxea","fascicularis",207366,NA,"Reef slope","CM"
2667,"SB_1","MIS5e","Egypt","El Quseir","Sharm el Bahari","06/11/2019",25.86702778,34.41991667,18,NA,NA,NA,NA,"Reef slope",NA
2668,"SB_1","MIS5e","Egypt","El Quseir","Sharm el Bahari","06/11/2019",25.86702778,34.41991667,15,"Platygyra","sinensis",207486,NA,"Reef slope","CF"
2669,"SB_1","MIS5e","Egypt","El Quseir","Sharm el Bahari","06/11/2019",25.86702778,34.41991667,3,"Fungia/Danafungia","sp.",206375,NA,"Reef slope","CMR"
2670,"SB_1","MIS5e","Egypt","El Quseir","Sharm el Bahari","06/11/2019",25.86702778,34.41991667,52,"Echinopora","mammiformis",288344,NA,"Reef slope","CE"
2671,"SB_1","MIS5e","Egypt","El Quseir","Sharm el Bahari","06/11/2019",25.86702778,34.41991667,25,"Galaxea","fascicularis",207366,NA,"Reef slope","CM"
2672,"SB_1","MIS5e","Egypt","El Quseir","Sharm el Bahari","06/11/2019",25.86702778,34.41991667,27,NA,NA,NA,NA,"Reef slope",NA
2673,"SB_1","MIS5e","Egypt","El Quseir","Sharm el Bahari","06/11/2019",25.86702778,34.41991667,5,"gen.","sp.",1579843,NA,"Reef slope","CM"
2674,"SB_1","MIS5e","Egypt","El Quseir","Sharm el Bahari","06/11/2019",25.86702778,34.41991667,42,NA,NA,NA,NA,"Reef slope",NA
2675,"SB_1","MIS5e","Egypt","El Quseir","Sharm el Bahari","06/11/2019",25.86702778,34.41991667,13,"Porites","sp.",206485,NA,"Reef slope","CM"
2676,"SB_1","MIS5e","Egypt","El Quseir","Sharm el Bahari","06/11/2019",25.86702778,34.41991667,4,NA,NA,NA,NA,"Reef slope",NA
2677,"SB_1","MIS5e","Egypt","El Quseir","Sharm el Bahari","06/11/2019",25.86702778,34.41991667,18,"Porites","sp.",206485,NA,"Reef slope","CM"
2677,"SB_1","MIS5e","Egypt","El Quseir","Sharm el Bahari","06/11/2019",25.86702778,34.41991667,18,"Porites","sp.",206485,NA,"Reef slope","CF"
2678,"SB_1","MIS5e","Egypt","El Quseir","Sharm el Bahari","06/11/2019",25.86702778,34.41991667,17,NA,NA,NA,NA,"Reef slope",NA
2679,"SB_1","MIS5e","Egypt","El Quseir","Sharm el Bahari","06/11/2019",25.86702778,34.41991667,7,"Echinopora","sp.",205519,NA,"Reef slope","CE"
2680,"SB_1","MIS5e","Egypt","El Quseir","Sharm el Bahari","06/11/2019",25.86702778,34.41991667,12,NA,NA,NA,NA,"Reef slope",NA
2681,"SB_1","MIS5e","Egypt","El Quseir","Sharm el Bahari","06/11/2019",25.86702778,34.41991667,15,"Dipsastraea","pallida",758233,NA,"Reef slope","CM"
2682,"SB_1","MIS5e","Egypt","El Quseir","Sharm el Bahari","06/11/2019",25.86702778,34.41991667,37,"Echinopora","gemmacea",207418,NA,"Reef slope","CE"
2683,"SB_1","MIS5e","Egypt","El Quseir","Sharm el Bahari","06/11/2019",25.86702778,34.41991667,90,NA,NA,NA,NA,"Reef slope",NA
2684,"SB_1","MIS5e","Egypt","El Quseir","Sharm el Bahari","06/11/2019",25.86702778,34.41991667,20,"Platygyra","sp.",206621,NA,"Reef slope","CM"
2685,"SB_1","MIS5e","Egypt","El Quseir","Sharm el Bahari","06/11/2019",25.86702778,34.41991667,33,"Favites","flexuosa",207444,NA,"Reef slope","CM"
2686,"SB_1","MIS5e","Egypt","El Quseir","Sharm el Bahari","06/11/2019",25.86702778,34.41991667,17,NA,NA,NA,NA,"Reef slope",NA
2687,"SB_1","MIS5e","Egypt","El Quseir","Sharm el Bahari","06/11/2019",25.86702778,34.41991667,25,"Lobophyllia","hemprichii/corymbosa",207392,NA,"Reef slope","CD"
2688,"SB_1","MIS5e","Egypt","El Quseir","Sharm el Bahari","06/11/2019",25.86702778,34.41991667,10,NA,NA,NA,NA,"Reef slope",NA
2689,"SB_1","MIS5e","Egypt","El Quseir","Sharm el Bahari","06/11/2019",25.86702778,34.41991667,14,"Pocillopora","sp.",206938,NA,"Reef slope","CD"
2690,"SB_1","MIS5e","Egypt","El Quseir","Sharm el Bahari","06/11/2019",25.86702778,34.41991667,44,NA,NA,NA,NA,"Reef slope",NA
2691,"SB_1","MIS5e","Egypt","El Quseir","Sharm el Bahari","06/11/2019",25.86702778,34.41991667,14,"Porites","sp.",206485,NA,"Reef slope","CM"
2692,"SB_1","MIS5e","Egypt","El Quseir","Sharm el Bahari","06/11/2019",25.86702778,34.41991667,34,NA,NA,NA,NA,"Reef slope",NA
2693,"SB_1","MIS5e","Egypt","El Quseir","Sharm el Bahari","06/11/2019",25.86702778,34.41991667,51,"Lobophyllia","corymbosa",207391,NA,"Reef slope","CD"
2694,"SB_1","MIS5e","Egypt","El Quseir","Sharm el Bahari","06/11/2019",25.86702778,34.41991667,14,NA,NA,NA,NA,"Reef slope",NA
2695,"SB_1","MIS5e","Egypt","El Quseir","Sharm el Bahari","06/11/2019",25.86702778,34.41991667,15,"Galaxea","fascicularis",207366,NA,"Reef slope","CM"
2696,"SB_1","MIS5e","Egypt","El Quseir","Sharm el Bahari","06/11/2019",25.86702778,34.41991667,21,NA,NA,NA,NA,"Reef slope",NA
2697,"SB_1","MIS5e","Egypt","El Quseir","Sharm el Bahari","06/11/2019",25.86702778,34.41991667,28,"Lobophyllia","hemprichii/corymbosa",207392,NA,"Reef slope","CD"
2698,"SB_1","MIS5e","Egypt","El Quseir","Sharm el Bahari","06/11/2019",25.86702778,34.41991667,28,"Echinopora","gemmacea",207418,NA,"Reef slope","CE"
2699,"SB_1","MIS5e","Egypt","El Quseir","Sharm el Bahari","06/11/2019",25.86702778,34.41991667,18,"Galaxea","fascicularis",207366,NA,"Reef slope","CM"
2700,"SB_1","MIS5e","Egypt","El Quseir","Sharm el Bahari","06/11/2019",25.86702778,34.41991667,7,NA,NA,NA,NA,"Reef slope",NA
2701,"SB_1","MIS5e","Egypt","El Quseir","Sharm el Bahari","06/11/2019",25.86702778,34.41991667,20,"Galaxea","fascicularis",207366,NA,"Reef slope","CM"
2702,"SB_1","MIS5e","Egypt","El Quseir","Sharm el Bahari","06/11/2019",25.86702778,34.41991667,45,NA,NA,NA,NA,"Reef slope",NA
2703,"SB_1","MIS5e","Egypt","El Quseir","Sharm el Bahari","06/11/2019",25.86702778,34.41991667,18,"Galaxea","fascicularis",207366,NA,"Reef slope","CM"
2704,"SB_1","MIS5e","Egypt","El Quseir","Sharm el Bahari","06/11/2019",25.86702778,34.41991667,21,NA,NA,NA,NA,"Reef slope",NA
2705,"SB_1","MIS5e","Egypt","El Quseir","Sharm el Bahari","06/11/2019",25.86702778,34.41991667,9,"Porites","sp.",206485,NA,"Reef slope","CF"
2705,"SB_1","MIS5e","Egypt","El Quseir","Sharm el Bahari","06/11/2019",25.86702778,34.41991667,9,"Porites","sp.",206485,NA,"Reef slope","CM"
2706,"SB_1","MIS5e","Egypt","El Quseir","Sharm el Bahari","06/11/2019",25.86702778,34.41991667,29,NA,NA,NA,NA,"Reef slope",NA
2707,"SB_1","MIS5e","Egypt","El Quseir","Sharm el Bahari","06/11/2019",25.86702778,34.41991667,34,"Galaxea","fascicularis",207366,NA,"Reef slope","CM"
2708,"SB_1","MIS5e","Egypt","El Quseir","Sharm el Bahari","06/11/2019",25.86702778,34.41991667,65,NA,NA,NA,NA,"Reef slope",NA
2709,"SB_1","MIS5e","Egypt","El Quseir","Sharm el Bahari","06/11/2019",25.86702778,34.41991667,10,"Galaxea","fascicularis",207366,NA,"Reef slope","CM"
2710,"SB_1","MIS5e","Egypt","El Quseir","Sharm el Bahari","06/11/2019",25.86702778,34.41991667,24,NA,NA,NA,NA,"Reef slope",NA
2711,"SB_1","MIS5e","Egypt","El Quseir","Sharm el Bahari","06/11/2019",25.86702778,34.41991667,41,"Lobophyllia","hemprichii/corymbosa",207392,NA,"Reef slope","CD"
2712,"SB_1","MIS5e","Egypt","El Quseir","Sharm el Bahari","06/11/2019",25.86702778,34.41991667,9,NA,NA,NA,NA,"Reef slope",NA
2712,"SB_1","MIS5e","Egypt","El Quseir","Sharm el Bahari","06/11/2019",25.86702778,34.41991667,9,NA,NA,NA,NA,"Reef slope",NA
2713,"SB_1","MIS5e","Egypt","El Quseir","Sharm el Bahari","06/11/2019",25.86702778,34.41991667,21,"Pocillopora","sp.",206938,NA,"Reef slope","CB"
2714,"SB_1","MIS5e","Egypt","El Quseir","Sharm el Bahari","06/11/2019",25.86702778,34.41991667,9,"Porites","sp.",206485,NA,"Reef slope","CF"
2714,"SB_1","MIS5e","Egypt","El Quseir","Sharm el Bahari","06/11/2019",25.86702778,34.41991667,9,"Porites","sp.",206485,NA,"Reef slope","CM"
2715,"SB_1","MIS5e","Egypt","El Quseir","Sharm el Bahari","06/11/2019",25.86702778,34.41991667,40,NA,NA,NA,NA,"Reef slope",NA
2716,"SB_1","MIS5e","Egypt","El Quseir","Sharm el Bahari","06/11/2019",25.86702778,34.41991667,20,"Goniastrea","stelligera",763067,NA,"Reef slope","CM"
2717,"SB_1","MIS5e","Egypt","El Quseir","Sharm el Bahari","06/11/2019",25.86702778,34.41991667,35,"Montipora","sp.",203834,NA,"Reef slope","CF"
2718,"SB_1","MIS5e","Egypt","El Quseir","Sharm el Bahari","06/11/2019",25.86702778,34.41991667,25,NA,NA,NA,NA,"Reef slope",NA
2719,"SB_1","MIS5e","Egypt","El Quseir","Sharm el Bahari","06/11/2019",25.86702778,34.41991667,13,"Goniastrea","stelligera",763067,NA,"Reef slope","CM"
2720,"SB_1","MIS5e","Egypt","El Quseir","Sharm el Bahari","06/11/2019",25.86702778,34.41991667,16,NA,NA,NA,NA,"Reef slope",NA
2720,"SB_1","MIS5e","Egypt","El Quseir","Sharm el Bahari","06/11/2019",25.86702778,34.41991667,16,NA,NA,NA,NA,"Reef slope",NA
2721,"SB_1","MIS5e","Egypt","El Quseir","Sharm el Bahari","06/11/2019",25.86702778,34.41991667,26,"Goniastrea","stelligera",763067,NA,"Reef slope","CM"
2722,"SB_1","MIS5e","Egypt","El Quseir","Sharm el Bahari","06/11/2019",25.86702778,34.41991667,13,NA,NA,NA,NA,"Reef slope",NA
2723,"SB_1","MIS5e","Egypt","El Quseir","Sharm el Bahari","06/11/2019",25.86702778,34.41991667,11,"Porites","sp.",206485,NA,"Reef slope","CM"
2724,"SB_1","MIS5e","Egypt","El Quseir","Sharm el Bahari","06/11/2019",25.86702778,34.41991667,21,"Goniastrea","stelligera",763067,NA,"Reef slope","CM"
2725,"SB_1","MIS5e","Egypt","El Quseir","Sharm el Bahari","06/11/2019",25.86702778,34.41991667,8,NA,NA,NA,NA,"Reef slope",NA
2726,"SB_1","MIS5e","Egypt","El Quseir","Sharm el Bahari","06/11/2019",25.86702778,34.41991667,18,"Porites","sp.",206485,NA,"Reef slope","CM"
2726,"SB_1","MIS5e","Egypt","El Quseir","Sharm el Bahari","06/11/2019",25.86702778,34.41991667,18,"Porites","sp.",206485,NA,"Reef slope","CF"
2727,"SB_1","MIS5e","Egypt","El Quseir","Sharm el Bahari","06/11/2019",25.86702778,34.41991667,244,"Goniastrea","stelligera",763067,NA,"Reef slope","CM"
2728,"SB_1","MIS5e","Egypt","El Quseir","Sharm el Bahari","06/11/2019",25.86702778,34.41991667,15,"Millepora","sp.",205902,NA,"Reef slope","CME"
2729,"SB_1","MIS5e","Egypt","El Quseir","Sharm el Bahari","06/11/2019",25.86702778,34.41991667,255,"Goniastrea","stelligera",763067,NA,"Reef slope","CM"
2730,"SB_1","MIS5e","Egypt","El Quseir","Sharm el Bahari","06/11/2019",25.86702778,34.41991667,15,"Acropora","sp.",205469,NA,"Reef slope","AC"
2731,"SB_1","MIS5e","Egypt","El Quseir","Sharm el Bahari","06/11/2019",25.86702778,34.41991667,45,"Porites","sp.",206485,NA,"Reef slope","CM"
2732,"SB_2","MIS5e","Egypt","El Quseir","Sharm el Bahari","06/11/2019",25.866694,34.420361,24,NA,NA,NA,NA,"Reef slope",NA
2733,"SB_2","MIS5e","Egypt","El Quseir","Sharm el Bahari","06/11/2019",25.866694,34.420361,4,"Pocillopora","sp.",206938,NA,"Reef slope","CB"
2734,"SB_2","MIS5e","Egypt","El Quseir","Sharm el Bahari","06/11/2019",25.866694,34.420361,19,NA,NA,NA,NA,"Reef slope",NA
2734,"SB_2","MIS5e","Egypt","El Quseir","Sharm el Bahari","06/11/2019",25.866694,34.420361,19,NA,NA,NA,NA,"Reef slope",NA
2735,"SB_2","MIS5e","Egypt","El Quseir","Sharm el Bahari","06/11/2019",25.866694,34.420361,30,"Pocillopora","sp.",206938,NA,"Reef slope","CB"
2736,"SB_2","MIS5e","Egypt","El Quseir","Sharm el Bahari","06/11/2019",25.866694,34.420361,21,"gen.","sp.",135079,NA,"Reef slope","CB"
2737,"SB_2","MIS5e","Egypt","El Quseir","Sharm el Bahari","06/11/2019",25.866694,34.420361,15,NA,NA,NA,NA,"Reef slope",NA
2738,"SB_2","MIS5e","Egypt","El Quseir","Sharm el Bahari","06/11/2019",25.866694,34.420361,13,"Porites","sp.",206485,NA,"Reef slope","CF"
2739,"SB_2","MIS5e","Egypt","El Quseir","Sharm el Bahari","06/11/2019",25.866694,34.420361,3,"Millepora","sp.",205902,NA,"Reef slope","CME"
2740,"SB_2","MIS5e","Egypt","El Quseir","Sharm el Bahari","06/11/2019",25.866694,34.420361,16,"Goniastrea","stelligera",763067,NA,"Reef slope","CS"
2741,"SB_2","MIS5e","Egypt","El Quseir","Sharm el Bahari","06/11/2019",25.866694,34.420361,9,"Porites","sp.",206485,NA,"Reef slope","CM"
2742,"SB_2","MIS5e","Egypt","El Quseir","Sharm el Bahari","06/11/2019",25.866694,34.420361,12,"Galaxea","fascicularis",207366,NA,"Reef slope","CM"
2743,"SB_2","MIS5e","Egypt","El Quseir","Sharm el Bahari","06/11/2019",25.866694,34.420361,19,"Galaxea","fascicularis",207366,NA,"Reef slope","CM"
2744,"SB_2","MIS5e","Egypt","El Quseir","Sharm el Bahari","06/11/2019",25.866694,34.420361,19,"Porites","sp.",206485,NA,"Reef slope","CM"
2745,"SB_2","MIS5e","Egypt","El Quseir","Sharm el Bahari","06/11/2019",25.866694,34.420361,15,"gen.","sp.",135079,NA,"Reef slope","CB"
2746,"SB_2","MIS5e","Egypt","El Quseir","Sharm el Bahari","06/11/2019",25.866694,34.420361,19,NA,NA,NA,NA,"Reef slope",NA
2746,"SB_2","MIS5e","Egypt","El Quseir","Sharm el Bahari","06/11/2019",25.866694,34.420361,19,NA,NA,NA,NA,"Reef slope",NA
2747,"SB_2","MIS5e","Egypt","El Quseir","Sharm el Bahari","06/11/2019",25.866694,34.420361,22,"Platygyra","crosslandi",207488,NA,"Reef slope","CM"
2748,"SB_2","MIS5e","Egypt","El Quseir","Sharm el Bahari","06/11/2019",25.866694,34.420361,20,"Galaxea","fascicularis",207366,NA,"Reef slope","CM"
2749,"SB_2","MIS5e","Egypt","El Quseir","Sharm el Bahari","06/11/2019",25.866694,34.420361,83,"Echinopora","gemmacea",207418,NA,"Reef slope","CE"
2750,"SB_2","MIS5e","Egypt","El Quseir","Sharm el Bahari","06/11/2019",25.866694,34.420361,7,"Acropora","sp.",205469,NA,"Reef slope","ACB"
2751,"SB_2","MIS5e","Egypt","El Quseir","Sharm el Bahari","06/11/2019",25.866694,34.420361,10,NA,NA,NA,NA,"Reef slope",NA
2752,"SB_2","MIS5e","Egypt","El Quseir","Sharm el Bahari","06/11/2019",25.866694,34.420361,27,"Echinopora","sp.",205519,NA,"Reef slope","CE"
2753,"SB_2","MIS5e","Egypt","El Quseir","Sharm el Bahari","06/11/2019",25.866694,34.420361,28,"Porites","sp.",206485,NA,"Reef slope","CM"
2754,"SB_2","MIS5e","Egypt","El Quseir","Sharm el Bahari","06/11/2019",25.866694,34.420361,72,NA,NA,NA,NA,"Reef slope",NA
2755,"SB_2","MIS5e","Egypt","El Quseir","Sharm el Bahari","06/11/2019",25.866694,34.420361,20,"Porites","sp.",206485,NA,"Reef slope","CM"
2756,"SB_2","MIS5e","Egypt","El Quseir","Sharm el Bahari","06/11/2019",25.866694,34.420361,57,"Goniastrea","stelligera",763067,NA,"Reef slope","CS"
2757,"SB_2","MIS5e","Egypt","El Quseir","Sharm el Bahari","06/11/2019",25.866694,34.420361,36,"Goniastrea","retiformis",207461,NA,"Reef slope","CM"
2758,"SB_2","MIS5e","Egypt","El Quseir","Sharm el Bahari","06/11/2019",25.866694,34.420361,8,"Acropora","sp.",205469,NA,"Reef slope","ACD"
2759,"SB_2","MIS5e","Egypt","El Quseir","Sharm el Bahari","06/11/2019",25.866694,34.420361,49,"Echinopora","sp.",205519,NA,"Reef slope","CE"
2760,"SB_2","MIS5e","Egypt","El Quseir","Sharm el Bahari","06/11/2019",25.866694,34.420361,38,"Galaxea","fascicularis",207366,NA,"Reef slope","CM"
2761,"SB_2","MIS5e","Egypt","El Quseir","Sharm el Bahari","06/11/2019",25.866694,34.420361,29,"Turbinaria","mesenterina",207511,NA,"Reef slope","CF"
2762,"SB_2","MIS5e","Egypt","El Quseir","Sharm el Bahari","06/11/2019",25.866694,34.420361,64,"Galaxea","fascicularis",207366,NA,"Reef slope","CM"
2763,"SB_2","MIS5e","Egypt","El Quseir","Sharm el Bahari","06/11/2019",25.866694,34.420361,32,"gen.","sp.",135079,NA,"Reef slope","CB"
2764,"SB_2","MIS5e","Egypt","El Quseir","Sharm el Bahari","06/11/2019",25.866694,34.420361,10,"Acropora","sp.",205469,NA,"Reef slope","ACD"
2765,"SB_2","MIS5e","Egypt","El Quseir","Sharm el Bahari","06/11/2019",25.866694,34.420361,30,NA,NA,NA,NA,"Reef slope",NA
2766,"SB_2","MIS5e","Egypt","El Quseir","Sharm el Bahari","06/11/2019",25.866694,34.420361,140,"Porites","sp.",206485,NA,"Reef slope","CM"
2767,"SB_2","MIS5e","Egypt","El Quseir","Sharm el Bahari","06/11/2019",25.866694,34.420361,35,"Porites","sp.",206485,NA,"Reef slope","CM"
2768,"SB_2","MIS5e","Egypt","El Quseir","Sharm el Bahari","06/11/2019",25.866694,34.420361,45,NA,NA,NA,NA,"Reef slope",NA
2769,"SB_2","MIS5e","Egypt","El Quseir","Sharm el Bahari","06/11/2019",25.866694,34.420361,63,"Lobophyllia","hemprichii/corymbosa",207392,NA,"Reef slope","CD"
2770,"SB_2","MIS5e","Egypt","El Quseir","Sharm el Bahari","06/11/2019",25.866694,34.420361,121,"Pocillopora","sp.",206938,NA,"Reef slope","CB"
2771,"SB_2","MIS5e","Egypt","El Quseir","Sharm el Bahari","06/11/2019",25.866694,34.420361,56,"Lobophyllia","sp.",205310,NA,"Reef slope","CD"
2772,"SB_2","MIS5e","Egypt","El Quseir","Sharm el Bahari","06/11/2019",25.866694,34.420361,26,"Leptastrea","bottae",207476,NA,"Reef slope","CM"
2773,"SB_2","MIS5e","Egypt","El Quseir","Sharm el Bahari","06/11/2019",25.866694,34.420361,16,"Favites","chinensis/abdita/complanata",207451,NA,"Reef slope","CM"
2774,"SB_2","MIS5e","Egypt","El Quseir","Sharm el Bahari","06/11/2019",25.866694,34.420361,11,"gen.","sp.",135079,NA,"Reef slope","CB"
2775,"SB_2","MIS5e","Egypt","El Quseir","Sharm el Bahari","06/11/2019",25.866694,34.420361,11,"Montipora","aequituberculata",207144,NA,"Reef slope","CF"
2776,"SB_2","MIS5e","Egypt","El Quseir","Sharm el Bahari","06/11/2019",25.866694,34.420361,12,"Millepora","sp.",205902,NA,"Reef slope","CME"
2777,"SB_2","MIS5e","Egypt","El Quseir","Sharm el Bahari","06/11/2019",25.866694,34.420361,11,"gen.","sp.",135079,NA,"Reef slope","CB"
2778,"SB_2","MIS5e","Egypt","El Quseir","Sharm el Bahari","06/11/2019",25.866694,34.420361,23,"Porites","sp.",206485,NA,"Reef slope","CM"
2779,"SB_2","MIS5e","Egypt","El Quseir","Sharm el Bahari","06/11/2019",25.866694,34.420361,36,"gen.","sp.",135079,NA,"Reef slope","CB"
2780,"SB_2","MIS5e","Egypt","El Quseir","Sharm el Bahari","06/11/2019",25.866694,34.420361,36,"Porites","sp.",206485,NA,"Reef slope","CM"
2781,"SB_2","MIS5e","Egypt","El Quseir","Sharm el Bahari","06/11/2019",25.866694,34.420361,8,"Millepora","sp.",205902,NA,"Reef slope","CME"
2782,"SB_2","MIS5e","Egypt","El Quseir","Sharm el Bahari","06/11/2019",25.866694,34.420361,37,"Echinopora","gemmacea",207418,NA,"Reef slope","CE"
2783,"SB_2","MIS5e","Egypt","El Quseir","Sharm el Bahari","06/11/2019",25.866694,34.420361,9,NA,NA,NA,NA,"Reef slope",NA
2784,"SB_2","MIS5e","Egypt","El Quseir","Sharm el Bahari","06/11/2019",25.866694,34.420361,25,"Pocillopora","sp.",206938,NA,"Reef slope","CB"
2785,"SB_2","MIS5e","Egypt","El Quseir","Sharm el Bahari","06/11/2019",25.866694,34.420361,11,NA,NA,NA,NA,"Reef slope",NA
2785,"SB_2","MIS5e","Egypt","El Quseir","Sharm el Bahari","06/11/2019",25.866694,34.420361,11,NA,NA,NA,NA,"Reef slope",NA
2786,"SB_2","MIS5e","Egypt","El Quseir","Sharm el Bahari","06/11/2019",25.866694,34.420361,11,"Pocillopora","sp.",206938,NA,"Reef slope","CB"
2787,"SB_2","MIS5e","Egypt","El Quseir","Sharm el Bahari","06/11/2019",25.866694,34.420361,91,NA,NA,NA,NA,"Reef slope",NA
2788,"SB_2","MIS5e","Egypt","El Quseir","Sharm el Bahari","06/11/2019",25.866694,34.420361,20,"Lobophyllia","sp.",205310,NA,"Reef slope","CD"
2789,"SB_2","MIS5e","Egypt","El Quseir","Sharm el Bahari","06/11/2019",25.866694,34.420361,11,NA,NA,NA,NA,"Reef slope",NA
2789,"SB_2","MIS5e","Egypt","El Quseir","Sharm el Bahari","06/11/2019",25.866694,34.420361,11,NA,NA,NA,NA,"Reef slope",NA
2790,"SB_2","MIS5e","Egypt","El Quseir","Sharm el Bahari","06/11/2019",25.866694,34.420361,13,"gen.","sp.",135079,NA,"Reef slope","CB"
2791,"SB_2","MIS5e","Egypt","El Quseir","Sharm el Bahari","06/11/2019",25.866694,34.420361,6,NA,NA,NA,NA,"Reef slope",NA
2792,"SB_2","MIS5e","Egypt","El Quseir","Sharm el Bahari","06/11/2019",25.866694,34.420361,17,"Lobophyllia","sp.",205310,NA,"Reef slope","CD"
2793,"SB_2","MIS5e","Egypt","El Quseir","Sharm el Bahari","06/11/2019",25.866694,34.420361,8,NA,NA,NA,NA,"Reef slope",NA
2794,"SB_2","MIS5e","Egypt","El Quseir","Sharm el Bahari","06/11/2019",25.866694,34.420361,24,"Echinopora","sp.",205519,NA,"Reef slope","CE"
2795,"SB_2","MIS5e","Egypt","El Quseir","Sharm el Bahari","06/11/2019",25.866694,34.420361,101,"Platygyra","sinensis",207486,NA,"Reef slope","CM"
2796,"SB_2","MIS5e","Egypt","El Quseir","Sharm el Bahari","06/11/2019",25.866694,34.420361,77,"Galaxea","fascicularis",207366,NA,"Reef slope","CM"
2797,"SB_2","MIS5e","Egypt","El Quseir","Sharm el Bahari","06/11/2019",25.866694,34.420361,30,NA,NA,NA,NA,"Reef slope",NA
2798,"SB_2","MIS5e","Egypt","El Quseir","Sharm el Bahari","06/11/2019",25.866694,34.420361,20,"gen.","sp.",135079,NA,"Reef slope","CB"
2799,"SB_2","MIS5e","Egypt","El Quseir","Sharm el Bahari","06/11/2019",25.866694,34.420361,30,NA,NA,NA,NA,"Reef slope",NA
2800,"SB_2","MIS5e","Egypt","El Quseir","Sharm el Bahari","06/11/2019",25.866694,34.420361,93,"Porites","sp.",206485,NA,"Reef slope","CM"
2801,"SB_3","MIS5e","Egypt","El Quseir","Sharm el Bahari","07/11/2019",25.866694,34.420306,42,"Dipsastraea","pallida",758233,NA,"Reef slope","CM"
2802,"SB_3","MIS5e","Egypt","El Quseir","Sharm el Bahari","07/11/2019",25.866694,34.420306,22,NA,NA,NA,NA,"Reef slope",NA
2803,"SB_3","MIS5e","Egypt","El Quseir","Sharm el Bahari","07/11/2019",25.866694,34.420306,8,"Porites","sp.",206485,NA,"Reef slope","CS"
2803,"SB_3","MIS5e","Egypt","El Quseir","Sharm el Bahari","07/11/2019",25.866694,34.420306,8,"Porites","sp.",206485,NA,"Reef slope","CM"
2804,"SB_3","MIS5e","Egypt","El Quseir","Sharm el Bahari","07/11/2019",25.866694,34.420306,5,NA,NA,NA,NA,"Reef slope",NA
2805,"SB_3","MIS5e","Egypt","El Quseir","Sharm el Bahari","07/11/2019",25.866694,34.420306,13,"Acropora","sp.",205469,NA,"Reef slope","ACB"
2806,"SB_3","MIS5e","Egypt","El Quseir","Sharm el Bahari","07/11/2019",25.866694,34.420306,17,"Pocillopora","sp.",206938,NA,"Reef slope","CB"
2807,"SB_3","MIS5e","Egypt","El Quseir","Sharm el Bahari","07/11/2019",25.866694,34.420306,91,NA,NA,NA,NA,"Reef slope",NA
2808,"SB_3","MIS5e","Egypt","El Quseir","Sharm el Bahari","07/11/2019",25.866694,34.420306,14,"Echinopora","sp.",205519,NA,"Reef slope","CE"
2809,"SB_3","MIS5e","Egypt","El Quseir","Sharm el Bahari","07/11/2019",25.866694,34.420306,13,"Pocillopora","sp.",206938,NA,"Reef slope","CB"
2810,"SB_3","MIS5e","Egypt","El Quseir","Sharm el Bahari","07/11/2019",25.866694,34.420306,37,"Echinopora","gemmacea",207418,NA,"Reef slope","CE"
2811,"SB_3","MIS5e","Egypt","El Quseir","Sharm el Bahari","07/11/2019",25.866694,34.420306,130,NA,NA,NA,NA,"Reef slope",NA
2812,"SB_3","MIS5e","Egypt","El Quseir","Sharm el Bahari","07/11/2019",25.866694,34.420306,17,"Pocillopora","sp.",206938,NA,"Reef slope","CB"
2813,"SB_3","MIS5e","Egypt","El Quseir","Sharm el Bahari","07/11/2019",25.866694,34.420306,23,NA,NA,NA,NA,"Reef slope",NA
2814,"SB_3","MIS5e","Egypt","El Quseir","Sharm el Bahari","07/11/2019",25.866694,34.420306,3,"gen.","sp.",196100,NA,"Reef slope","CMR"
2815,"SB_3","MIS5e","Egypt","El Quseir","Sharm el Bahari","07/11/2019",25.866694,34.420306,59,NA,NA,NA,NA,"Reef slope",NA
2816,"SB_3","MIS5e","Egypt","El Quseir","Sharm el Bahari","07/11/2019",25.866694,34.420306,32,"Echinopora","sp.",205519,NA,"Reef slope","CE"
2817,"SB_3","MIS5e","Egypt","El Quseir","Sharm el Bahari","07/11/2019",25.866694,34.420306,8,"Porites","sp.",206485,NA,"Reef slope","CS"
2817,"SB_3","MIS5e","Egypt","El Quseir","Sharm el Bahari","07/11/2019",25.866694,34.420306,8,"Porites","sp.",206485,NA,"Reef slope","CM"
2818,"SB_3","MIS5e","Egypt","El Quseir","Sharm el Bahari","07/11/2019",25.866694,34.420306,18,"Echinopora","sp.",205519,NA,"Reef slope","CE"
2819,"SB_3","MIS5e","Egypt","El Quseir","Sharm el Bahari","07/11/2019",25.866694,34.420306,18,NA,NA,NA,NA,"Reef slope",NA
2820,"SB_3","MIS5e","Egypt","El Quseir","Sharm el Bahari","07/11/2019",25.866694,34.420306,8,"Galaxea","fascicularis",207366,NA,"Reef slope","CM"
2821,"SB_3","MIS5e","Egypt","El Quseir","Sharm el Bahari","07/11/2019",25.866694,34.420306,9,"Acropora","sp.",205469,NA,"Reef slope","AC"
2822,"SB_3","MIS5e","Egypt","El Quseir","Sharm el Bahari","07/11/2019",25.866694,34.420306,15,"Dipsastraea","pallida/speciosa",758233,NA,"Reef slope","CM"
2823,"SB_3","MIS5e","Egypt","El Quseir","Sharm el Bahari","07/11/2019",25.866694,34.420306,14,NA,NA,NA,NA,"Reef slope",NA
2824,"SB_3","MIS5e","Egypt","El Quseir","Sharm el Bahari","07/11/2019",25.866694,34.420306,4,"Porites","sp.",206485,NA,"Reef slope","CS"
2825,"SB_3","MIS5e","Egypt","El Quseir","Sharm el Bahari","07/11/2019",25.866694,34.420306,3,NA,NA,NA,NA,"Reef slope",NA
2826,"SB_3","MIS5e","Egypt","El Quseir","Sharm el Bahari","07/11/2019",25.866694,34.420306,8,"Acropora","sp.",205469,NA,"Reef slope","AC"
2827,"SB_3","MIS5e","Egypt","El Quseir","Sharm el Bahari","07/11/2019",25.866694,34.420306,25,NA,NA,NA,NA,"Reef slope",NA
2827,"SB_3","MIS5e","Egypt","El Quseir","Sharm el Bahari","07/11/2019",25.866694,34.420306,25,NA,NA,NA,NA,"Reef slope",NA
2828,"SB_3","MIS5e","Egypt","El Quseir","Sharm el Bahari","07/11/2019",25.866694,34.420306,75,"Porites","sp.",206485,NA,"Reef slope","CS"
2829,"SB_3","MIS5e","Egypt","El Quseir","Sharm el Bahari","07/11/2019",25.866694,34.420306,46,"Lobophyllia","sp.",205310,NA,"Reef slope","CD"
2830,"SB_3","MIS5e","Egypt","El Quseir","Sharm el Bahari","07/11/2019",25.866694,34.420306,26,"Galaxea","fascicularis",207366,NA,"Reef slope","CM"
2831,"SB_3","MIS5e","Egypt","El Quseir","Sharm el Bahari","07/11/2019",25.866694,34.420306,84,"Lobophyllia","hemprichii/corymbosa",207392,NA,"Reef slope","CD"
2832,"SB_3","MIS5e","Egypt","El Quseir","Sharm el Bahari","07/11/2019",25.866694,34.420306,37,"Turbinaria","sp.",206641,NA,"Reef slope","CE"
2833,"SB_3","MIS5e","Egypt","El Quseir","Sharm el Bahari","07/11/2019",25.866694,34.420306,31,"Lobophyllia","hemprichii/corymbosa",207392,NA,"Reef slope","CD"
2834,"SB_3","MIS5e","Egypt","El Quseir","Sharm el Bahari","07/11/2019",25.866694,34.420306,41,"Lobophyllia","hemprichii/corymbosa",207392,NA,"Reef slope","CD"
2835,"SB_3","MIS5e","Egypt","El Quseir","Sharm el Bahari","07/11/2019",25.866694,34.420306,44,"Dipsastraea","pallida",758233,NA,"Reef slope","CM"
2836,"SB_3","MIS5e","Egypt","El Quseir","Sharm el Bahari","07/11/2019",25.866694,34.420306,19,"Galaxea","fascicularis",207366,NA,"Reef slope","CM"
2837,"SB_3","MIS5e","Egypt","El Quseir","Sharm el Bahari","07/11/2019",25.866694,34.420306,8,NA,NA,NA,NA,"Reef slope",NA
2838,"SB_3","MIS5e","Egypt","El Quseir","Sharm el Bahari","07/11/2019",25.866694,34.420306,15,"Pocillopora","sp.",206938,NA,"Reef slope","CB"
2839,"SB_3","MIS5e","Egypt","El Quseir","Sharm el Bahari","07/11/2019",25.866694,34.420306,40,NA,NA,NA,NA,"Reef slope",NA
2840,"SB_3","MIS5e","Egypt","El Quseir","Sharm el Bahari","07/11/2019",25.866694,34.420306,47,"Lobophyllia","sp.",205310,NA,"Reef slope","CD"
2841,"SB_3","MIS5e","Egypt","El Quseir","Sharm el Bahari","07/11/2019",25.866694,34.420306,13,NA,NA,NA,NA,"Reef slope",NA
2841,"SB_3","MIS5e","Egypt","El Quseir","Sharm el Bahari","07/11/2019",25.866694,34.420306,13,NA,NA,NA,NA,"Reef slope",NA
2842,"SB_3","MIS5e","Egypt","El Quseir","Sharm el Bahari","07/11/2019",25.866694,34.420306,19,"Goniastrea","stelligera",763067,NA,"Reef slope","CM"
2842,"SB_3","MIS5e","Egypt","El Quseir","Sharm el Bahari","07/11/2019",25.866694,34.420306,19,"Goniastrea","stelligera",763067,NA,"Reef slope","CS"
2843,"SB_3","MIS5e","Egypt","El Quseir","Sharm el Bahari","07/11/2019",25.866694,34.420306,39,NA,NA,NA,NA,"Reef slope",NA
2844,"SB_3","MIS5e","Egypt","El Quseir","Sharm el Bahari","07/11/2019",25.866694,34.420306,19,"Goniastrea","stelligera",763067,NA,"Reef slope","CM"
2844,"SB_3","MIS5e","Egypt","El Quseir","Sharm el Bahari","07/11/2019",25.866694,34.420306,19,"Goniastrea","stelligera",763067,NA,"Reef slope","CS"
2845,"SB_3","MIS5e","Egypt","El Quseir","Sharm el Bahari","07/11/2019",25.866694,34.420306,5,"Galaxea","fascicularis",207366,NA,"Reef slope","CM"
2846,"SB_3","MIS5e","Egypt","El Quseir","Sharm el Bahari","07/11/2019",25.866694,34.420306,13,NA,NA,NA,NA,"Reef slope",NA
2846,"SB_3","MIS5e","Egypt","El Quseir","Sharm el Bahari","07/11/2019",25.866694,34.420306,13,NA,NA,NA,NA,"Reef slope",NA
2847,"SB_3","MIS5e","Egypt","El Quseir","Sharm el Bahari","07/11/2019",25.866694,34.420306,10,"Cyphastrea","sp.",206488,NA,"Reef slope","CE"
2848,"SB_3","MIS5e","Egypt","El Quseir","Sharm el Bahari","07/11/2019",25.866694,34.420306,13,"Pocillopora","sp.",206938,NA,"Reef slope","CB"
2849,"SB_3","MIS5e","Egypt","El Quseir","Sharm el Bahari","07/11/2019",25.866694,34.420306,5,"Goniastrea","stelligera",763067,NA,"Reef slope","CS"
2850,"SB_3","MIS5e","Egypt","El Quseir","Sharm el Bahari","07/11/2019",25.866694,34.420306,7,NA,NA,NA,NA,"Reef slope",NA
2851,"SB_3","MIS5e","Egypt","El Quseir","Sharm el Bahari","07/11/2019",25.866694,34.420306,8,"gen.","sp.",196100,NA,"Reef slope","CMR"
2852,"SB_3","MIS5e","Egypt","El Quseir","Sharm el Bahari","07/11/2019",25.866694,34.420306,22,"Favites","chinensis/abdita/complanata",207451,NA,"Reef slope","CM"
2853,"SB_3","MIS5e","Egypt","El Quseir","Sharm el Bahari","07/11/2019",25.866694,34.420306,45,NA,NA,NA,NA,"Reef slope",NA
2854,"SB_3","MIS5e","Egypt","El Quseir","Sharm el Bahari","07/11/2019",25.866694,34.420306,11,"Galaxea","fascicularis",207366,NA,"Reef slope","CM"
2855,"SB_3","MIS5e","Egypt","El Quseir","Sharm el Bahari","07/11/2019",25.866694,34.420306,27,"gen.","sp.",135079,NA,"Reef slope","CB"
2856,"SB_3","MIS5e","Egypt","El Quseir","Sharm el Bahari","07/11/2019",25.866694,34.420306,23,NA,NA,NA,NA,"Reef slope",NA
2857,"SB_3","MIS5e","Egypt","El Quseir","Sharm el Bahari","07/11/2019",25.866694,34.420306,23,"Galaxea","fascicularis",207366,NA,"Reef slope","CM"
2858,"SB_3","MIS5e","Egypt","El Quseir","Sharm el Bahari","07/11/2019",25.866694,34.420306,24,NA,NA,NA,NA,"Reef slope",NA
2859,"SB_3","MIS5e","Egypt","El Quseir","Sharm el Bahari","07/11/2019",25.866694,34.420306,18,"Galaxea","fascicularis",207366,NA,"Reef slope","CM"
2860,"SB_3","MIS5e","Egypt","El Quseir","Sharm el Bahari","07/11/2019",25.866694,34.420306,53,"Platygyra","lamellina",207487,NA,"Reef slope","CM"
2861,"SB_3","MIS5e","Egypt","El Quseir","Sharm el Bahari","07/11/2019",25.866694,34.420306,25,NA,NA,NA,NA,"Reef slope",NA
2861,"SB_3","MIS5e","Egypt","El Quseir","Sharm el Bahari","07/11/2019",25.866694,34.420306,25,NA,NA,NA,NA,"Reef slope",NA
2862,"SB_3","MIS5e","Egypt","El Quseir","Sharm el Bahari","07/11/2019",25.866694,34.420306,41,"Millepora","platyphylla",210730,NA,"Reef slope","CME"
2863,"SB_3","MIS5e","Egypt","El Quseir","Sharm el Bahari","07/11/2019",25.866694,34.420306,25,"Pocillopora","sp.",206938,NA,"Reef slope","CB"
2864,"SB_3","MIS5e","Egypt","El Quseir","Sharm el Bahari","07/11/2019",25.866694,34.420306,13,NA,NA,NA,NA,"Reef slope",NA
2864,"SB_3","MIS5e","Egypt","El Quseir","Sharm el Bahari","07/11/2019",25.866694,34.420306,13,NA,NA,NA,NA,"Reef slope",NA
2865,"SB_3","MIS5e","Egypt","El Quseir","Sharm el Bahari","07/11/2019",25.866694,34.420306,14,"Echinopora","gemmacea",207418,NA,"Reef slope","CE"
2866,"SB_3","MIS5e","Egypt","El Quseir","Sharm el Bahari","07/11/2019",25.866694,34.420306,6,"Millepora","sp.",205902,NA,"Reef slope","CME"
2867,"SB_3","MIS5e","Egypt","El Quseir","Sharm el Bahari","07/11/2019",25.866694,34.420306,10,NA,NA,NA,NA,"Reef slope",NA
2867,"SB_3","MIS5e","Egypt","El Quseir","Sharm el Bahari","07/11/2019",25.866694,34.420306,10,NA,NA,NA,NA,"Reef slope",NA
2867,"SB_3","MIS5e","Egypt","El Quseir","Sharm el Bahari","07/11/2019",25.866694,34.420306,10,NA,NA,NA,NA,"Reef slope",NA
2868,"SB_3","MIS5e","Egypt","El Quseir","Sharm el Bahari","07/11/2019",25.866694,34.420306,12,"Echinopora","gemmacea",207418,NA,"Reef slope","CE"
2869,"SB_3","MIS5e","Egypt","El Quseir","Sharm el Bahari","07/11/2019",25.866694,34.420306,13,NA,NA,NA,NA,"Reef slope",NA
2869,"SB_3","MIS5e","Egypt","El Quseir","Sharm el Bahari","07/11/2019",25.866694,34.420306,13,NA,NA,NA,NA,"Reef slope",NA
2870,"SB_3","MIS5e","Egypt","El Quseir","Sharm el Bahari","07/11/2019",25.866694,34.420306,37,"Millepora","sp.",205902,NA,"Reef slope","CME"
2871,"SB_3","MIS5e","Egypt","El Quseir","Sharm el Bahari","07/11/2019",25.866694,34.420306,25,"Echinopora","gemmacea",207418,NA,"Reef slope","CE"
2872,"SB_3","MIS5e","Egypt","El Quseir","Sharm el Bahari","07/11/2019",25.866694,34.420306,10,NA,NA,NA,NA,"Reef slope",NA
2872,"SB_3","MIS5e","Egypt","El Quseir","Sharm el Bahari","07/11/2019",25.866694,34.420306,10,NA,NA,NA,NA,"Reef slope",NA
2872,"SB_3","MIS5e","Egypt","El Quseir","Sharm el Bahari","07/11/2019",25.866694,34.420306,10,NA,NA,NA,NA,"Reef slope",NA
2873,"SB_3","MIS5e","Egypt","El Quseir","Sharm el Bahari","07/11/2019",25.866694,34.420306,10,NA,NA,NA,NA,"Reef slope",NA
2873,"SB_3","MIS5e","Egypt","El Quseir","Sharm el Bahari","07/11/2019",25.866694,34.420306,10,NA,NA,NA,NA,"Reef slope",NA
2873,"SB_3","MIS5e","Egypt","El Quseir","Sharm el Bahari","07/11/2019",25.866694,34.420306,10,NA,NA,NA,NA,"Reef slope",NA
2874,"SB_3","MIS5e","Egypt","El Quseir","Sharm el Bahari","07/11/2019",25.866694,34.420306,57,NA,NA,NA,NA,"Reef slope",NA
2875,"SB_3","MIS5e","Egypt","El Quseir","Sharm el Bahari","07/11/2019",25.866694,34.420306,3,"Leptastrea","bottae",207476,NA,"Reef slope","CM"
2876,"SB_3","MIS5e","Egypt","El Quseir","Sharm el Bahari","07/11/2019",25.866694,34.420306,15,NA,NA,NA,NA,"Reef slope",NA
2877,"SB_3","MIS5e","Egypt","El Quseir","Sharm el Bahari","07/11/2019",25.866694,34.420306,45,"Pocillopora","sp.",206938,NA,"Reef slope","CB"
2878,"SB_3","MIS5e","Egypt","El Quseir","Sharm el Bahari","07/11/2019",25.866694,34.420306,25,"Hydnophora","microconos",207402,NA,"Reef slope","CS"
2879,"SB_3","MIS5e","Egypt","El Quseir","Sharm el Bahari","07/11/2019",25.866694,34.420306,10,NA,NA,NA,NA,"Reef slope",NA
2879,"SB_3","MIS5e","Egypt","El Quseir","Sharm el Bahari","07/11/2019",25.866694,34.420306,10,NA,NA,NA,NA,"Reef slope",NA
2879,"SB_3","MIS5e","Egypt","El Quseir","Sharm el Bahari","07/11/2019",25.866694,34.420306,10,NA,NA,NA,NA,"Reef slope",NA
2880,"SB_3","MIS5e","Egypt","El Quseir","Sharm el Bahari","07/11/2019",25.866694,34.420306,10,"Porites","sp.",206485,NA,"Reef slope","CS"
2881,"SB_3","MIS5e","Egypt","El Quseir","Sharm el Bahari","07/11/2019",25.866694,34.420306,5,NA,NA,NA,NA,"Reef slope",NA
2882,"SB_3","MIS5e","Egypt","El Quseir","Sharm el Bahari","07/11/2019",25.866694,34.420306,45,"Pocillopora","sp.",206938,NA,"Reef slope","CB"
2883,"SB_3","MIS5e","Egypt","El Quseir","Sharm el Bahari","07/11/2019",25.866694,34.420306,6,NA,NA,NA,NA,"Reef slope",NA
2884,"SB_3","MIS5e","Egypt","El Quseir","Sharm el Bahari","07/11/2019",25.866694,34.420306,31,"Pocillopora","sp.",206938,NA,"Reef slope","CB"
2885,"SB_3","MIS5e","Egypt","El Quseir","Sharm el Bahari","07/11/2019",25.866694,34.420306,6,"Goniastrea","sp.",205082,NA,"Reef slope","CS"
2886,"SB_3","MIS5e","Egypt","El Quseir","Sharm el Bahari","07/11/2019",25.866694,34.420306,97,NA,NA,NA,NA,"Reef slope",NA
2887,"SB_3","MIS5e","Egypt","El Quseir","Sharm el Bahari","07/11/2019",25.866694,34.420306,10,"Goniastrea","stelligera",763067,NA,"Reef slope","CM"
2888,"SB_3","MIS5e","Egypt","El Quseir","Sharm el Bahari","07/11/2019",25.866694,34.420306,18,"Pocillopora","sp.",206938,NA,"Reef slope","CB"
2889,"SB_3","MIS5e","Egypt","El Quseir","Sharm el Bahari","07/11/2019",25.866694,34.420306,4,"Millepora","sp.",205902,NA,"Reef slope","CME"
2890,"SB_3","MIS5e","Egypt","El Quseir","Sharm el Bahari","07/11/2019",25.866694,34.420306,13,NA,NA,NA,NA,"Reef slope",NA
2890,"SB_3","MIS5e","Egypt","El Quseir","Sharm el Bahari","07/11/2019",25.866694,34.420306,13,NA,NA,NA,NA,"Reef slope",NA
2891,"SB_3","MIS5e","Egypt","El Quseir","Sharm el Bahari","07/11/2019",25.866694,34.420306,52,"Echinopora","gemmacea",207418,NA,"Reef slope","CE/CF"
2892,"SB_3","MIS5e","Egypt","El Quseir","Sharm el Bahari","07/11/2019",25.866694,34.420306,5,NA,NA,NA,NA,"Reef slope",NA
2893,"SB_3","MIS5e","Egypt","El Quseir","Sharm el Bahari","07/11/2019",25.866694,34.420306,6,"Acropora","sp.",205469,NA,"Reef slope","AC"
2894,"SB_3","MIS5e","Egypt","El Quseir","Sharm el Bahari","07/11/2019",25.866694,34.420306,19,NA,NA,NA,NA,"Reef slope",NA
2895,"SB_3","MIS5e","Egypt","El Quseir","Sharm el Bahari","07/11/2019",25.866694,34.420306,12,"Lobophyllia","hemprichii/corymbosa",207392,NA,"Reef slope","CD"
2896,"SB_3","MIS5e","Egypt","El Quseir","Sharm el Bahari","07/11/2019",25.866694,34.420306,16,NA,NA,NA,NA,"Reef slope",NA
2897,"SB_3","MIS5e","Egypt","El Quseir","Sharm el Bahari","07/11/2019",25.866694,34.420306,25,"Lobophyllia","hemprichii/corymbosa",207392,NA,"Reef slope","CD"
2898,"SB_3","MIS5e","Egypt","El Quseir","Sharm el Bahari","07/11/2019",25.866694,34.420306,10,"Pocillopora","sp.",206938,NA,"Reef slope","CB"
2899,"SB_3","MIS5e","Egypt","El Quseir","Sharm el Bahari","07/11/2019",25.866694,34.420306,30,"Lobophyllia","hemprichii/corymbosa",207392,NA,"Reef slope","CD"
2900,"SB_4","MIS5e","Egypt","El Quseir","Sharm el Bahari","07/11/2019",25.866333,34.420444,54,"Dipsastraea","sp.",718746,NA,"Reef slope","CM"
2901,"SB_4","MIS5e","Egypt","El Quseir","Sharm el Bahari","07/11/2019",25.866333,34.420444,24,NA,NA,NA,NA,"Reef slope",NA
2902,"SB_4","MIS5e","Egypt","El Quseir","Sharm el Bahari","07/11/2019",25.866333,34.420444,6,"Porites","sp.",206485,NA,"Reef slope","CM"
2903,"SB_4","MIS5e","Egypt","El Quseir","Sharm el Bahari","07/11/2019",25.866333,34.420444,16,"Echinopora","sp.",205519,NA,"Reef slope","CE"
2904,"SB_4","MIS5e","Egypt","El Quseir","Sharm el Bahari","07/11/2019",25.866333,34.420444,80,"Galaxea","fascicularis",207366,NA,"Reef slope","CM"
2905,"SB_4","MIS5e","Egypt","El Quseir","Sharm el Bahari","07/11/2019",25.866333,34.420444,18,NA,NA,NA,NA,"Reef slope",NA
2906,"SB_4","MIS5e","Egypt","El Quseir","Sharm el Bahari","07/11/2019",25.866333,34.420444,42,"Dipsastraea","sp.",718746,NA,"Reef slope","CM"
2907,"SB_4","MIS5e","Egypt","El Quseir","Sharm el Bahari","07/11/2019",25.866333,34.420444,43,"Montipora","sp.",203834,NA,"Reef slope","CF"
2908,"SB_4","MIS5e","Egypt","El Quseir","Sharm el Bahari","07/11/2019",25.866333,34.420444,39,"Dipsastraea","sp.",718746,NA,"Reef slope","CM"
2909,"SB_4","MIS5e","Egypt","El Quseir","Sharm el Bahari","07/11/2019",25.866333,34.420444,25,"Galaxea","fascicularis",207366,NA,"Reef slope","CM"
2910,"SB_4","MIS5e","Egypt","El Quseir","Sharm el Bahari","07/11/2019",25.866333,34.420444,8,"Porites","sp.",206485,NA,"Reef slope","CS"
2911,"SB_4","MIS5e","Egypt","El Quseir","Sharm el Bahari","07/11/2019",25.866333,34.420444,30,"Dipsastraea","pallida/speciosa",758233,NA,"Reef slope","CM"
2912,"SB_4","MIS5e","Egypt","El Quseir","Sharm el Bahari","07/11/2019",25.866333,34.420444,23,NA,NA,NA,NA,"Reef slope",NA
2913,"SB_4","MIS5e","Egypt","El Quseir","Sharm el Bahari","07/11/2019",25.866333,34.420444,54,"Goniastrea","stelligera",763067,NA,"Reef slope","CM"
2914,"SB_4","MIS5e","Egypt","El Quseir","Sharm el Bahari","07/11/2019",25.866333,34.420444,18,"Porites","sp.",206485,NA,"Reef slope","CF"
2915,"SB_4","MIS5e","Egypt","El Quseir","Sharm el Bahari","07/11/2019",25.866333,34.420444,20,NA,NA,NA,NA,"Reef slope",NA
2916,"SB_4","MIS5e","Egypt","El Quseir","Sharm el Bahari","07/11/2019",25.866333,34.420444,45,"Goniastrea","stelligera",763067,NA,"Reef slope","CS"
2917,"SB_4","MIS5e","Egypt","El Quseir","Sharm el Bahari","07/11/2019",25.866333,34.420444,12,NA,NA,NA,NA,"Reef slope",NA
2918,"SB_4","MIS5e","Egypt","El Quseir","Sharm el Bahari","07/11/2019",25.866333,34.420444,33,"Goniastrea","stelligera",763067,NA,"Reef slope","CS"
2919,"SB_4","MIS5e","Egypt","El Quseir","Sharm el Bahari","07/11/2019",25.866333,34.420444,19,"Porites","sp.",206485,NA,"Reef slope","CF"
2920,"SB_4","MIS5e","Egypt","El Quseir","Sharm el Bahari","07/11/2019",25.866333,34.420444,166,"Goniastrea","stelligera",763067,NA,"Reef slope","CS"
2921,"SB_4","MIS5e","Egypt","El Quseir","Sharm el Bahari","07/11/2019",25.866333,34.420444,23,"Pocillopora","sp.",206938,NA,"Reef slope","CB"
2922,"SB_4","MIS5e","Egypt","El Quseir","Sharm el Bahari","07/11/2019",25.866333,34.420444,36,"Porites","sp.",206485,NA,"Reef slope","CS"
2923,"SB_4","MIS5e","Egypt","El Quseir","Sharm el Bahari","07/11/2019",25.866333,34.420444,43,"Goniastrea","stelligera",763067,NA,"Reef slope","CS"
2924,"SB_4","MIS5e","Egypt","El Quseir","Sharm el Bahari","07/11/2019",25.866333,34.420444,36,NA,NA,NA,NA,"Reef slope",NA
2925,"SB_4","MIS5e","Egypt","El Quseir","Sharm el Bahari","07/11/2019",25.866333,34.420444,11,"Goniastrea","stelligera",763067,NA,"Reef slope","CS"
2926,"SB_4","MIS5e","Egypt","El Quseir","Sharm el Bahari","07/11/2019",25.866333,34.420444,41,"gen.","sp.",135079,NA,"Reef slope","CB"
2927,"SB_4","MIS5e","Egypt","El Quseir","Sharm el Bahari","07/11/2019",25.866333,34.420444,22,"Porites","sp.",206485,NA,"Reef slope","CS"
2928,"SB_4","MIS5e","Egypt","El Quseir","Sharm el Bahari","07/11/2019",25.866333,34.420444,15,"Pocillopora","sp.",206938,NA,"Reef slope","CB"
2929,"SB_4","MIS5e","Egypt","El Quseir","Sharm el Bahari","07/11/2019",25.866333,34.420444,20,"Echinopora","sp.",205519,NA,"Reef slope","CE"
2930,"SB_4","MIS5e","Egypt","El Quseir","Sharm el Bahari","07/11/2019",25.866333,34.420444,5,"Acropora","sp.",205469,NA,"Reef slope","AC"
2931,"SB_4","MIS5e","Egypt","El Quseir","Sharm el Bahari","07/11/2019",25.866333,34.420444,28,"Echinopora","sp.",205519,NA,"Reef slope","CE/CS"
2932,"SB_4","MIS5e","Egypt","El Quseir","Sharm el Bahari","07/11/2019",25.866333,34.420444,11,"Favites","pentagona",207446,NA,"Reef slope","CM"
2933,"SB_4","MIS5e","Egypt","El Quseir","Sharm el Bahari","07/11/2019",25.866333,34.420444,21,NA,NA,NA,NA,"Reef slope",NA
2934,"SB_4","MIS5e","Egypt","El Quseir","Sharm el Bahari","07/11/2019",25.866333,34.420444,45,"Galaxea","fascicularis",207366,NA,"Reef slope","CM"
2935,"SB_4","MIS5e","Egypt","El Quseir","Sharm el Bahari","07/11/2019",25.866333,34.420444,31,"Millepora","sp.",205902,NA,"Reef slope","CME"
2936,"SB_4","MIS5e","Egypt","El Quseir","Sharm el Bahari","07/11/2019",25.866333,34.420444,13,NA,NA,NA,NA,"Reef slope",NA
2937,"SB_4","MIS5e","Egypt","El Quseir","Sharm el Bahari","07/11/2019",25.866333,34.420444,14,"Galaxea","fascicularis",207366,NA,"Reef slope","CM"
2938,"SB_4","MIS5e","Egypt","El Quseir","Sharm el Bahari","07/11/2019",25.866333,34.420444,19,NA,NA,NA,NA,"Reef slope",NA
2939,"SB_4","MIS5e","Egypt","El Quseir","Sharm el Bahari","07/11/2019",25.866333,34.420444,23,"Echinopora","sp.",205519,NA,"Reef slope","CE"
2940,"SB_4","MIS5e","Egypt","El Quseir","Sharm el Bahari","07/11/2019",25.866333,34.420444,1,NA,NA,NA,NA,"Reef slope",NA
2941,"SB_4","MIS5e","Egypt","El Quseir","Sharm el Bahari","07/11/2019",25.866333,34.420444,31,"Galaxea","fascicularis",207366,NA,"Reef slope","CM"
2942,"SB_4","MIS5e","Egypt","El Quseir","Sharm el Bahari","07/11/2019",25.866333,34.420444,31,"Platygyra","sinensis",207486,NA,"Reef slope","CM"
2943,"SB_4","MIS5e","Egypt","El Quseir","Sharm el Bahari","07/11/2019",25.866333,34.420444,24,NA,NA,NA,NA,"Reef slope",NA
2944,"SB_4","MIS5e","Egypt","El Quseir","Sharm el Bahari","07/11/2019",25.866333,34.420444,23,"Galaxea","fascicularis",207366,NA,"Reef slope","CM"
2945,"SB_4","MIS5e","Egypt","El Quseir","Sharm el Bahari","07/11/2019",25.866333,34.420444,21,"Pocillopora","sp.",206938,NA,"Reef slope","CB"
2946,"SB_4","MIS5e","Egypt","El Quseir","Sharm el Bahari","07/11/2019",25.866333,34.420444,45,NA,NA,NA,NA,"Reef slope",NA
2947,"SB_4","MIS5e","Egypt","El Quseir","Sharm el Bahari","07/11/2019",25.866333,34.420444,36,"Echinopora","sp.",205519,NA,"Reef slope","CE/CD"
2948,"SB_4","MIS5e","Egypt","El Quseir","Sharm el Bahari","07/11/2019",25.866333,34.420444,66,"Lobophyllia","hemprichii/corymbosa",207392,NA,"Reef slope","CD"
2949,"SB_4","MIS5e","Egypt","El Quseir","Sharm el Bahari","07/11/2019",25.866333,34.420444,30,"Pocillopora","sp.",206938,NA,"Reef slope","CB"
2950,"SB_4","MIS5e","Egypt","El Quseir","Sharm el Bahari","07/11/2019",25.866333,34.420444,44,NA,NA,NA,NA,"Reef slope",NA
2951,"SB_4","MIS5e","Egypt","El Quseir","Sharm el Bahari","07/11/2019",25.866333,34.420444,35,"Goniastrea","stelligera",763067,NA,"Reef slope","CS"
2952,"SB_4","MIS5e","Egypt","El Quseir","Sharm el Bahari","07/11/2019",25.866333,34.420444,13,"Pocillopora","sp.",206938,NA,"Reef slope","CB"
2953,"SB_4","MIS5e","Egypt","El Quseir","Sharm el Bahari","07/11/2019",25.866333,34.420444,35,NA,NA,NA,NA,"Reef slope",NA
2954,"SB_4","MIS5e","Egypt","El Quseir","Sharm el Bahari","07/11/2019",25.866333,34.420444,17,"Pocillopora","sp.",206938,NA,"Reef slope","CB"
2955,"SB_4","MIS5e","Egypt","El Quseir","Sharm el Bahari","07/11/2019",25.866333,34.420444,44,NA,NA,NA,NA,"Reef slope",NA
2956,"SB_4","MIS5e","Egypt","El Quseir","Sharm el Bahari","07/11/2019",25.866333,34.420444,42,"Echinopora","sp.",205519,NA,"Reef slope","CD"
2957,"SB_4","MIS5e","Egypt","El Quseir","Sharm el Bahari","07/11/2019",25.866333,34.420444,30,NA,NA,NA,NA,"Reef slope",NA
2958,"SB_4","MIS5e","Egypt","El Quseir","Sharm el Bahari","07/11/2019",25.866333,34.420444,10,"Galaxea","fascicularis",207366,NA,"Reef slope","CM"
2959,"SB_4","MIS5e","Egypt","El Quseir","Sharm el Bahari","07/11/2019",25.866333,34.420444,17,"Leptoria","phrygia",207477,NA,"Reef slope","CM"
2960,"SB_4","MIS5e","Egypt","El Quseir","Sharm el Bahari","07/11/2019",25.866333,34.420444,18,NA,NA,NA,NA,"Reef slope",NA
2961,"SB_4","MIS5e","Egypt","El Quseir","Sharm el Bahari","07/11/2019",25.866333,34.420444,23,"Porites","sp.",206485,NA,"Reef slope","CM"
2962,"SB_4","MIS5e","Egypt","El Quseir","Sharm el Bahari","07/11/2019",25.866333,34.420444,11,NA,NA,NA,NA,"Reef slope",NA
2963,"SB_4","MIS5e","Egypt","El Quseir","Sharm el Bahari","07/11/2019",25.866333,34.420444,5,"gen.","sp.",135079,NA,"Reef slope","CB"
2964,"SB_4","MIS5e","Egypt","El Quseir","Sharm el Bahari","07/11/2019",25.866333,34.420444,103,NA,NA,NA,NA,"Reef slope",NA
2965,"SB_4","MIS5e","Egypt","El Quseir","Sharm el Bahari","07/11/2019",25.866333,34.420444,13,"Galaxea","fascicularis",207366,NA,"Reef slope","CM"
2966,"SB_5","MIS5e","Egypt","El Quseir","Sharm el Bahari","11/11/2019",25.867139,34.419611,80,"Porites","sp.",206485,NA,"Reef edge","CS"
2966,"SB_5","MIS5e","Egypt","El Quseir","Sharm el Bahari","11/11/2019",25.867139,34.419611,80,"Porites","sp.",206485,NA,"Reef edge","CM"
2967,"SB_5","MIS5e","Egypt","El Quseir","Sharm el Bahari","11/11/2019",25.867139,34.419611,20,NA,NA,NA,NA,"Reef edge",NA
2968,"SB_5","MIS5e","Egypt","El Quseir","Sharm el Bahari","11/11/2019",25.867139,34.419611,22,"Millepora","sp.",205902,NA,"Reef edge","CME"
2969,"SB_5","MIS5e","Egypt","El Quseir","Sharm el Bahari","11/11/2019",25.867139,34.419611,10,"Galaxea","fascicularis",207366,NA,"Reef edge","CM"
2970,"SB_5","MIS5e","Egypt","El Quseir","Sharm el Bahari","11/11/2019",25.867139,34.419611,24,NA,NA,NA,NA,"Reef edge",NA
2971,"SB_5","MIS5e","Egypt","El Quseir","Sharm el Bahari","11/11/2019",25.867139,34.419611,39,"Favites","chinensis/abdita/complanata",207451,NA,"Reef edge","CM"
2972,"SB_5","MIS5e","Egypt","El Quseir","Sharm el Bahari","11/11/2019",25.867139,34.419611,35,"Pocillopora","sp.",206938,NA,"Reef edge","CB"
2973,"SB_5","MIS5e","Egypt","El Quseir","Sharm el Bahari","11/11/2019",25.867139,34.419611,58,"Millepora","sp.",205902,NA,"Reef edge","CME"
2974,"SB_5","MIS5e","Egypt","El Quseir","Sharm el Bahari","11/11/2019",25.867139,34.419611,9,NA,NA,NA,NA,"Reef edge",NA
2975,"SB_5","MIS5e","Egypt","El Quseir","Sharm el Bahari","11/11/2019",25.867139,34.419611,149,"Porites","sp.",206485,NA,"Reef edge","CM"
2976,"SB_5","MIS5e","Egypt","El Quseir","Sharm el Bahari","11/11/2019",25.867139,34.419611,11,NA,NA,NA,NA,"Reef edge",NA
2977,"SB_5","MIS5e","Egypt","El Quseir","Sharm el Bahari","11/11/2019",25.867139,34.419611,9,"Dipsastraea","speciosa",758219,NA,"Reef edge","CM"
2978,"SB_5","MIS5e","Egypt","El Quseir","Sharm el Bahari","11/11/2019",25.867139,34.419611,42,"Millepora","sp.",205902,NA,"Reef edge","CME"
2979,"SB_5","MIS5e","Egypt","El Quseir","Sharm el Bahari","11/11/2019",25.867139,34.419611,17,"Stylocoeniella","sp.",204053,NA,"Reef edge","CB"
2980,"SB_5","MIS5e","Egypt","El Quseir","Sharm el Bahari","11/11/2019",25.867139,34.419611,40,"Porites","sp.",206485,NA,"Reef edge","CM"
2981,"SB_5","MIS5e","Egypt","El Quseir","Sharm el Bahari","11/11/2019",25.867139,34.419611,82,"Millepora","sp.",205902,NA,"Reef edge","CME"
2982,"SB_5","MIS5e","Egypt","El Quseir","Sharm el Bahari","11/11/2019",25.867139,34.419611,509,"Porites","sp.",206485,NA,"Reef edge","CM"
2983,"SB_5","MIS5e","Egypt","El Quseir","Sharm el Bahari","11/11/2019",25.867139,34.419611,7,NA,NA,NA,NA,"Reef edge",NA
2984,"SB_5","MIS5e","Egypt","El Quseir","Sharm el Bahari","11/11/2019",25.867139,34.419611,59,"Echinopora","mammiformis",288344,NA,"Reef edge","CF"
2985,"SB_5","MIS5e","Egypt","El Quseir","Sharm el Bahari","11/11/2019",25.867139,34.419611,48,"Porites","sp.",206485,NA,"Reef edge","CM"
2986,"SB_5","MIS5e","Egypt","El Quseir","Sharm el Bahari","11/11/2019",25.867139,34.419611,8,"Echinopora","sp.",205519,NA,"Reef edge","CF"
2987,"SB_5","MIS5e","Egypt","El Quseir","Sharm el Bahari","11/11/2019",25.867139,34.419611,44,"Pocillopora","sp.",206938,NA,"Reef edge","CD"
2988,"SB_5","MIS5e","Egypt","El Quseir","Sharm el Bahari","11/11/2019",25.867139,34.419611,40,"Echinopora","sp.",205519,NA,"Reef edge","CM"
2989,"SB_5","MIS5e","Egypt","El Quseir","Sharm el Bahari","11/11/2019",25.867139,34.419611,13,"Acropora","sp.",205469,NA,"Reef edge","ACD"
2990,"SB_5","MIS5e","Egypt","El Quseir","Sharm el Bahari","11/11/2019",25.867139,34.419611,25,"Echinopora","sp.",205519,NA,"Reef edge","CM"
2991,"SB_5","MIS5e","Egypt","El Quseir","Sharm el Bahari","11/11/2019",25.867139,34.419611,30,NA,NA,NA,NA,"Reef edge",NA
2992,"SB_5","MIS5e","Egypt","El Quseir","Sharm el Bahari","11/11/2019",25.867139,34.419611,80,"Porites","sp.",206485,NA,"Reef edge","CS"
2992,"SB_5","MIS5e","Egypt","El Quseir","Sharm el Bahari","11/11/2019",25.867139,34.419611,80,"Porites","sp.",206485,NA,"Reef edge","CM"
2993,"SB_5","MIS5e","Egypt","El Quseir","Sharm el Bahari","11/11/2019",25.867139,34.419611,4,NA,NA,NA,NA,"Reef edge",NA
2994,"SB_5","MIS5e","Egypt","El Quseir","Sharm el Bahari","11/11/2019",25.867139,34.419611,138,"Porites","sp.",206485,NA,"Reef edge","CM"
2995,"SB_5","MIS5e","Egypt","El Quseir","Sharm el Bahari","11/11/2019",25.867139,34.419611,21,"Pocillopora","sp.",206938,NA,"Reef edge","CD"
2996,"SB_5","MIS5e","Egypt","El Quseir","Sharm el Bahari","11/11/2019",25.867139,34.419611,72,"Millepora","sp.",205902,NA,"Reef edge","CME"
2997,"SB_5","MIS5e","Egypt","El Quseir","Sharm el Bahari","11/11/2019",25.867139,34.419611,9,"Goniastrea","stelligera",763067,NA,"Reef edge","CM"
2998,"SB_5","MIS5e","Egypt","El Quseir","Sharm el Bahari","11/11/2019",25.867139,34.419611,10,"Acropora","sp.",205469,NA,"Reef edge","ACD"
2999,"SB_5","MIS5e","Egypt","El Quseir","Sharm el Bahari","11/11/2019",25.867139,34.419611,16,"Acropora","sp.",205469,NA,"Reef edge","ACD"
3000,"SB_5","MIS5e","Egypt","El Quseir","Sharm el Bahari","11/11/2019",25.867139,34.419611,14,NA,NA,NA,NA,"Reef edge",NA
3001,"SB_5","MIS5e","Egypt","El Quseir","Sharm el Bahari","11/11/2019",25.867139,34.419611,20,"Acropora","sp.",205469,NA,"Reef edge","ACB"
3002,"SB_5","MIS5e","Egypt","El Quseir","Sharm el Bahari","11/11/2019",25.867139,34.419611,34,NA,NA,NA,NA,"Reef edge",NA
3003,"SB_5","MIS5e","Egypt","El Quseir","Sharm el Bahari","11/11/2019",25.867139,34.419611,19,"Acropora","sp.",205469,NA,"Reef edge","AC"
3004,"SB_5","MIS5e","Egypt","El Quseir","Sharm el Bahari","11/11/2019",25.867139,34.419611,33,"Echinopora","sp.",205519,NA,"Reef edge","CE"
3005,"SB_5","MIS5e","Egypt","El Quseir","Sharm el Bahari","11/11/2019",25.867139,34.419611,15,NA,NA,NA,NA,"Reef edge",NA
3006,"SB_5","MIS5e","Egypt","El Quseir","Sharm el Bahari","11/11/2019",25.867139,34.419611,20,"Pocillopora","sp.",206938,NA,"Reef edge","CD"
3007,"SB_5","MIS5e","Egypt","El Quseir","Sharm el Bahari","11/11/2019",25.867139,34.419611,41,NA,NA,NA,NA,"Reef edge",NA
3008,"SB_5","MIS5e","Egypt","El Quseir","Sharm el Bahari","11/11/2019",25.867139,34.419611,79,"Porites","sp.",206485,NA,"Reef edge","CM"
3009,"SB_5","MIS5e","Egypt","El Quseir","Sharm el Bahari","11/11/2019",25.867139,34.419611,12,"Lobophyllia","sp.",205310,NA,"Reef edge","CD"
3010,"SB_5","MIS5e","Egypt","El Quseir","Sharm el Bahari","11/11/2019",25.867139,34.419611,23,"Pocillopora","sp.",206938,NA,"Reef edge","CB"
3011,"SB_5","MIS5e","Egypt","El Quseir","Sharm el Bahari","11/11/2019",25.867139,34.419611,8,NA,NA,NA,NA,"Reef edge",NA
3012,"SB_5","MIS5e","Egypt","El Quseir","Sharm el Bahari","11/11/2019",25.867139,34.419611,18,"Porites","sp.",206485,NA,"Reef edge","CM"
3013,"SB_5","MIS5e","Egypt","El Quseir","Sharm el Bahari","11/11/2019",25.867139,34.419611,14,"Lobophyllia","hemprichii/corymbosa",207392,NA,"Reef edge","CD"
3014,"SB_5","MIS5e","Egypt","El Quseir","Sharm el Bahari","11/11/2019",25.867139,34.419611,20,NA,NA,NA,NA,"Reef edge",NA
3015,"SB_5","MIS5e","Egypt","El Quseir","Sharm el Bahari","11/11/2019",25.867139,34.419611,15,"Pocillopora","sp.",206938,NA,"Reef edge","CB"
3016,"SB_5","MIS5e","Egypt","El Quseir","Sharm el Bahari","11/11/2019",25.867139,34.419611,15,"Galaxea","fascicularis",207366,NA,"Reef edge","CM"
3017,"SB_5","MIS5e","Egypt","El Quseir","Sharm el Bahari","11/11/2019",25.867139,34.419611,5,NA,NA,NA,NA,"Reef edge",NA
3018,"SB_5","MIS5e","Egypt","El Quseir","Sharm el Bahari","11/11/2019",25.867139,34.419611,18,"Acropora","sp.",205469,NA,"Reef edge","AC"
3019,"SB_5","MIS5e","Egypt","El Quseir","Sharm el Bahari","11/11/2019",25.867139,34.419611,35,NA,NA,NA,NA,"Reef edge",NA
3020,"SB_5","MIS5e","Egypt","El Quseir","Sharm el Bahari","11/11/2019",25.867139,34.419611,17,"Pocillopora","sp.",206938,NA,"Reef edge","CD"
3021,"SB_6","MIS5e","Egypt","El Quseir","Sharm el Bahari","11/11/2019",25.866639,34.418194,16,"Pocillopora","sp.",206938,NA,"Reef edge","CB"
3022,"SB_6","MIS5e","Egypt","El Quseir","Sharm el Bahari","11/11/2019",25.866639,34.418194,31,"Turbinaria","mesenterina",207511,NA,"Reef edge","CF"
3023,"SB_6","MIS5e","Egypt","El Quseir","Sharm el Bahari","11/11/2019",25.866639,34.418194,38,NA,NA,NA,NA,"Reef edge",NA
3024,"SB_6","MIS5e","Egypt","El Quseir","Sharm el Bahari","11/11/2019",25.866639,34.418194,19,"Acropora","sp.",205469,NA,"Reef edge","AC"
3025,"SB_6","MIS5e","Egypt","El Quseir","Sharm el Bahari","11/11/2019",25.866639,34.418194,23,NA,NA,NA,NA,"Reef edge",NA
3025,"SB_6","MIS5e","Egypt","El Quseir","Sharm el Bahari","11/11/2019",25.866639,34.418194,23,NA,NA,NA,NA,"Reef edge",NA
3026,"SB_6","MIS5e","Egypt","El Quseir","Sharm el Bahari","11/11/2019",25.866639,34.418194,17,"Platygyra","daedalea",207489,NA,"Reef edge","CM"
3027,"SB_6","MIS5e","Egypt","El Quseir","Sharm el Bahari","11/11/2019",25.866639,34.418194,18,"Acropora","sp.",205469,NA,"Reef edge","ACB"
3028,"SB_6","MIS5e","Egypt","El Quseir","Sharm el Bahari","11/11/2019",25.866639,34.418194,15,NA,NA,NA,NA,"Reef edge",NA
3029,"SB_6","MIS5e","Egypt","El Quseir","Sharm el Bahari","11/11/2019",25.866639,34.418194,2,"Millepora","sp.",205902,NA,"Reef edge","CME"
3030,"SB_6","MIS5e","Egypt","El Quseir","Sharm el Bahari","11/11/2019",25.866639,34.418194,8,NA,NA,NA,NA,"Reef edge",NA
3031,"SB_6","MIS5e","Egypt","El Quseir","Sharm el Bahari","11/11/2019",25.866639,34.418194,30,"Platygyra","sp.",206621,NA,"Reef edge","CM"
3032,"SB_6","MIS5e","Egypt","El Quseir","Sharm el Bahari","11/11/2019",25.866639,34.418194,55,NA,NA,NA,NA,"Reef edge",NA
3033,"SB_6","MIS5e","Egypt","El Quseir","Sharm el Bahari","11/11/2019",25.866639,34.418194,13,"Millepora","sp.",205902,NA,"Reef edge","CME"
3034,"SB_6","MIS5e","Egypt","El Quseir","Sharm el Bahari","11/11/2019",25.866639,34.418194,40,"Porites","sp.",206485,NA,"Reef edge","CM"
3035,"SB_6","MIS5e","Egypt","El Quseir","Sharm el Bahari","11/11/2019",25.866639,34.418194,30,NA,NA,NA,NA,"Reef edge",NA
3036,"SB_6","MIS5e","Egypt","El Quseir","Sharm el Bahari","11/11/2019",25.866639,34.418194,11,"Echinopora","sp.",205519,NA,"Reef edge","CF"
3037,"SB_6","MIS5e","Egypt","El Quseir","Sharm el Bahari","11/11/2019",25.866639,34.418194,6,NA,NA,NA,NA,"Reef edge",NA
3038,"SB_6","MIS5e","Egypt","El Quseir","Sharm el Bahari","11/11/2019",25.866639,34.418194,6,"Acropora","sp.",205469,NA,"Reef edge","AC"
3039,"SB_6","MIS5e","Egypt","El Quseir","Sharm el Bahari","11/11/2019",25.866639,34.418194,32,NA,NA,NA,NA,"Reef edge",NA
3040,"SB_6","MIS5e","Egypt","El Quseir","Sharm el Bahari","11/11/2019",25.866639,34.418194,21,"Millepora","sp.",205902,NA,"Reef edge","CME"
3041,"SB_6","MIS5e","Egypt","El Quseir","Sharm el Bahari","11/11/2019",25.866639,34.418194,17,"Echinopora","sp.",205519,NA,"Reef edge","CF"
3042,"SB_6","MIS5e","Egypt","El Quseir","Sharm el Bahari","11/11/2019",25.866639,34.418194,31,"Galaxea","fascicularis",207366,NA,"Reef edge","CM"
3043,"SB_6","MIS5e","Egypt","El Quseir","Sharm el Bahari","11/11/2019",25.866639,34.418194,23,NA,NA,NA,NA,"Reef edge",NA
3043,"SB_6","MIS5e","Egypt","El Quseir","Sharm el Bahari","11/11/2019",25.866639,34.418194,23,NA,NA,NA,NA,"Reef edge",NA
3044,"SB_6","MIS5e","Egypt","El Quseir","Sharm el Bahari","11/11/2019",25.866639,34.418194,23,"Echinopora","gemmacea",207418,NA,"Reef edge","CM"
3045,"SB_6","MIS5e","Egypt","El Quseir","Sharm el Bahari","11/11/2019",25.866639,34.418194,18,"Galaxea","fascicularis",207366,NA,"Reef edge","CM"
3046,"SB_6","MIS5e","Egypt","El Quseir","Sharm el Bahari","11/11/2019",25.866639,34.418194,53,NA,NA,1363,NA,"Reef edge",NA
3047,"SB_6","MIS5e","Egypt","El Quseir","Sharm el Bahari","11/11/2019",25.866639,34.418194,20,"Galaxea","fascicularis",207366,NA,"Reef edge","CM"
3048,"SB_6","MIS5e","Egypt","El Quseir","Sharm el Bahari","11/11/2019",25.866639,34.418194,72,"Goniastrea","stelligera",763067,NA,"Reef edge","CM"
3049,"SB_6","MIS5e","Egypt","El Quseir","Sharm el Bahari","11/11/2019",25.866639,34.418194,12,"Millepora","sp.",205902,NA,"Reef edge","CME"
3050,"SB_6","MIS5e","Egypt","El Quseir","Sharm el Bahari","11/11/2019",25.866639,34.418194,6,NA,NA,1363,NA,"Reef edge",NA
3051,"SB_6","MIS5e","Egypt","El Quseir","Sharm el Bahari","11/11/2019",25.866639,34.418194,5,"Millepora","sp.",205902,NA,"Reef edge","CME"
3052,"SB_6","MIS5e","Egypt","El Quseir","Sharm el Bahari","11/11/2019",25.866639,34.418194,25,NA,NA,NA,NA,"Reef edge",NA
3053,"SB_6","MIS5e","Egypt","El Quseir","Sharm el Bahari","11/11/2019",25.866639,34.418194,15,"Goniastrea","stelligera",763067,NA,"Reef edge","CM"
3054,"SB_6","MIS5e","Egypt","El Quseir","Sharm el Bahari","11/11/2019",25.866639,34.418194,63,"Millepora","sp.",205902,NA,"Reef edge","CME"
3055,"SB_6","MIS5e","Egypt","El Quseir","Sharm el Bahari","11/11/2019",25.866639,34.418194,41,NA,NA,1363,NA,"Reef edge",NA
3056,"SB_6","MIS5e","Egypt","El Quseir","Sharm el Bahari","11/11/2019",25.866639,34.418194,17,"Galaxea","fascicularis",207366,NA,"Reef edge","CM"
3057,"SB_6","MIS5e","Egypt","El Quseir","Sharm el Bahari","11/11/2019",25.866639,34.418194,14,"Millepora","sp.",205902,NA,"Reef edge","CME"
3058,"SB_6","MIS5e","Egypt","El Quseir","Sharm el Bahari","11/11/2019",25.866639,34.418194,20,"Porites","sp.",206485,NA,"Reef edge","CM"
3059,"SB_6","MIS5e","Egypt","El Quseir","Sharm el Bahari","11/11/2019",25.866639,34.418194,13,"Galaxea","fascicularis",207366,NA,"Reef edge","CM"
3060,"SB_6","MIS5e","Egypt","El Quseir","Sharm el Bahari","11/11/2019",25.866639,34.418194,25,"Goniastrea","stelligera",763067,NA,"Reef edge","CS"
3061,"SB_6","MIS5e","Egypt","El Quseir","Sharm el Bahari","11/11/2019",25.866639,34.418194,7,NA,NA,NA,NA,"Reef edge",NA
3062,"SB_6","MIS5e","Egypt","El Quseir","Sharm el Bahari","11/11/2019",25.866639,34.418194,34,"Goniastrea","stelligera",763067,NA,"Reef edge","CS"
3063,"SB_6","MIS5e","Egypt","El Quseir","Sharm el Bahari","11/11/2019",25.866639,34.418194,21,"Cyphastrea","microphthalma",207416,NA,"Reef edge","CE"
3064,"SB_6","MIS5e","Egypt","El Quseir","Sharm el Bahari","11/11/2019",25.866639,34.418194,8,"Millepora","sp.",205902,NA,"Reef edge","CME"
3065,"SB_6","MIS5e","Egypt","El Quseir","Sharm el Bahari","11/11/2019",25.866639,34.418194,11,"Polycyathus","sp.",135098,NA,"Reef edge","CD"
3066,"SB_6","MIS5e","Egypt","El Quseir","Sharm el Bahari","11/11/2019",25.866639,34.418194,36,"Echinopora","sp.",205519,NA,"Reef edge","CE"
3067,"SB_6","MIS5e","Egypt","El Quseir","Sharm el Bahari","11/11/2019",25.866639,34.418194,17,"Platygyra","sinensis",207486,NA,"Reef edge","CM"
3068,"SB_6","MIS5e","Egypt","El Quseir","Sharm el Bahari","11/11/2019",25.866639,34.418194,88,"Porites","sp.",206485,NA,"Reef edge","CS"
3069,"SB_6","MIS5e","Egypt","El Quseir","Sharm el Bahari","11/11/2019",25.866639,34.418194,15,"Millepora","sp.",205902,NA,"Reef edge","CME"
3070,"SB_6","MIS5e","Egypt","El Quseir","Sharm el Bahari","11/11/2019",25.866639,34.418194,35,"GAP","GAP",NA,NA,"Reef edge","GAP"
3071,"SB_6","MIS5e","Egypt","El Quseir","Sharm el Bahari","11/11/2019",25.866639,34.418194,43,"Galaxea","astreata",207368,NA,"Reef edge","CM"
3072,"SB_6","MIS5e","Egypt","El Quseir","Sharm el Bahari","11/11/2019",25.866639,34.418194,26,"Millepora","sp.",205902,NA,"Reef edge","CME"
3073,"SB_6","MIS5e","Egypt","El Quseir","Sharm el Bahari","11/11/2019",25.866639,34.418194,18,"Pocillopora","sp.",206938,NA,"Reef edge","CB"
3074,"SB_6","MIS5e","Egypt","El Quseir","Sharm el Bahari","11/11/2019",25.866639,34.418194,21,"Echinopora","sp.",205519,NA,"Reef edge","CF"
3075,"SB_6","MIS5e","Egypt","El Quseir","Sharm el Bahari","11/11/2019",25.866639,34.418194,20,"Echinopora","sp.",205519,NA,"Reef edge","CF"
3076,"SB_6","MIS5e","Egypt","El Quseir","Sharm el Bahari","11/11/2019",25.866639,34.418194,15,"Echinopora","sp.",205519,NA,"Reef edge","CF"
3077,"SB_6","MIS5e","Egypt","El Quseir","Sharm el Bahari","11/11/2019",25.866639,34.418194,7,"Acropora","sp.",205469,NA,"Reef edge","ACD"
3078,"SB_6","MIS5e","Egypt","El Quseir","Sharm el Bahari","11/11/2019",25.866639,34.418194,40,NA,NA,NA,NA,"Reef edge",NA
3079,"SB_6","MIS5e","Egypt","El Quseir","Sharm el Bahari","11/11/2019",25.866639,34.418194,13,"Favites","flexuosa",207444,NA,"Reef edge","CM"
3080,"SB_6","MIS5e","Egypt","El Quseir","Sharm el Bahari","11/11/2019",25.866639,34.418194,25,"Galaxea","fascicularis",207366,NA,"Reef edge","CM"
3081,"SB_6","MIS5e","Egypt","El Quseir","Sharm el Bahari","11/11/2019",25.866639,34.418194,72,"Echinopora","sp.",205519,NA,"Reef edge","CF"
3082,"SB_6","MIS5e","Egypt","El Quseir","Sharm el Bahari","11/11/2019",25.866639,34.418194,43,"Lobophyllia","hemprichii/corymbosa",207392,NA,"Reef edge","CD"
3083,"SB_6","MIS5e","Egypt","El Quseir","Sharm el Bahari","11/11/2019",25.866639,34.418194,45,"Leptoria","phrygia",207477,NA,"Reef edge","CM"
3084,"SB_6","MIS5e","Egypt","El Quseir","Sharm el Bahari","11/11/2019",25.866639,34.418194,25,"Echinopora","sp.",205519,NA,"Reef edge","CF"
3085,"SB_6","MIS5e","Egypt","El Quseir","Sharm el Bahari","11/11/2019",25.866639,34.418194,16,"Millepora","sp.",205902,NA,"Reef edge","CME"
3086,"SB_6","MIS5e","Egypt","El Quseir","Sharm el Bahari","11/11/2019",25.866639,34.418194,28,"Dipsastraea","pallida",758233,NA,"Reef edge","CM"
3087,"SB_6","MIS5e","Egypt","El Quseir","Sharm el Bahari","11/11/2019",25.866639,34.418194,36,"Lobophyllia","sp.",205310,NA,"Reef edge","CD"
3088,"SB_6","MIS5e","Egypt","El Quseir","Sharm el Bahari","11/11/2019",25.866639,34.418194,26,"Leptoria","phrygia",207477,NA,"Reef edge","CM"
3089,"SB_6","MIS5e","Egypt","El Quseir","Sharm el Bahari","11/11/2019",25.866639,34.418194,16,NA,NA,NA,NA,"Reef edge",NA
3090,"SB_6","MIS5e","Egypt","El Quseir","Sharm el Bahari","11/11/2019",25.866639,34.418194,30,"Pocillopora","sp.",206938,NA,"Reef edge","CB"
3091,"SB_6","MIS5e","Egypt","El Quseir","Sharm el Bahari","11/11/2019",25.866639,34.418194,45,"Millepora","sp.",205902,NA,"Reef edge","CME"
3092,"SB_6","MIS5e","Egypt","El Quseir","Sharm el Bahari","11/11/2019",25.866639,34.418194,20,"Pocillopora","sp.",206938,NA,"Reef edge","CB"
3093,"SB_6","MIS5e","Egypt","El Quseir","Sharm el Bahari","11/11/2019",25.866639,34.418194,12,NA,NA,NA,NA,"Reef edge",NA
3094,"SB_6","MIS5e","Egypt","El Quseir","Sharm el Bahari","11/11/2019",25.866639,34.418194,36,"Leptoria","phrygia",207477,NA,"Reef edge","CM"
3095,"SB_6","MIS5e","Egypt","El Quseir","Sharm el Bahari","11/11/2019",25.866639,34.418194,15,"Millepora","sp.",205902,NA,"Reef edge","CME"
3096,"SB_6","MIS5e","Egypt","El Quseir","Sharm el Bahari","11/11/2019",25.866639,34.418194,9,NA,NA,NA,NA,"Reef edge",NA
3097,"SB_6","MIS5e","Egypt","El Quseir","Sharm el Bahari","11/11/2019",25.866639,34.418194,16,"Acropora","sp.",205469,NA,"Reef edge","AC"
3098,"SB_6","MIS5e","Egypt","El Quseir","Sharm el Bahari","11/11/2019",25.866639,34.418194,82,"Porites","sp.",206485,NA,"Reef edge","CM"
3099,"SB_7","MIS5e","Egypt","El Quseir","Sharm el Bahari","12/11/2019",25.866528,34.418111,33,"Hydnophora","microconos",207402,NA,"Reef edge","CM"
3100,"SB_7","MIS5e","Egypt","El Quseir","Sharm el Bahari","12/11/2019",25.866528,34.418111,17,"Echinopora","sp.",205519,NA,"Reef edge","CF"
3101,"SB_7","MIS5e","Egypt","El Quseir","Sharm el Bahari","12/11/2019",25.866528,34.418111,22,NA,NA,NA,NA,"Reef edge",NA
3102,"SB_7","MIS5e","Egypt","El Quseir","Sharm el Bahari","12/11/2019",25.866528,34.418111,23,"Pocillopora","sp.",206938,NA,"Reef edge","CD"
3103,"SB_7","MIS5e","Egypt","El Quseir","Sharm el Bahari","12/11/2019",25.866528,34.418111,24,NA,NA,NA,NA,"Reef edge",NA
3104,"SB_7","MIS5e","Egypt","El Quseir","Sharm el Bahari","12/11/2019",25.866528,34.418111,27,"Millepora","sp.",205902,NA,"Reef edge","CME"
3105,"SB_7","MIS5e","Egypt","El Quseir","Sharm el Bahari","12/11/2019",25.866528,34.418111,44,"Porites","sp.",206485,NA,"Reef edge","CM"
3106,"SB_7","MIS5e","Egypt","El Quseir","Sharm el Bahari","12/11/2019",25.866528,34.418111,29,NA,NA,NA,NA,"Reef edge",NA
3107,"SB_7","MIS5e","Egypt","El Quseir","Sharm el Bahari","12/11/2019",25.866528,34.418111,17,"Echinopora","sp.",205519,NA,"Reef edge","CF"
3108,"SB_7","MIS5e","Egypt","El Quseir","Sharm el Bahari","12/11/2019",25.866528,34.418111,10,"Acropora","sp.",205469,NA,"Reef edge","ACD"
3109,"SB_7","MIS5e","Egypt","El Quseir","Sharm el Bahari","12/11/2019",25.866528,34.418111,9,"Millepora","sp.",205902,NA,"Reef edge","CME"
3110,"SB_7","MIS5e","Egypt","El Quseir","Sharm el Bahari","12/11/2019",25.866528,34.418111,7,"Acropora","sp.",205469,NA,"Reef edge","ACD"
3111,"SB_7","MIS5e","Egypt","El Quseir","Sharm el Bahari","12/11/2019",25.866528,34.418111,18,"Millepora","sp.",205902,NA,"Reef edge","CME"
3112,"SB_7","MIS5e","Egypt","El Quseir","Sharm el Bahari","12/11/2019",25.866528,34.418111,114,"Porites","sp.",206485,NA,"Reef edge","CS"
3113,"SB_7","MIS5e","Egypt","El Quseir","Sharm el Bahari","12/11/2019",25.866528,34.418111,43,"Echinopora","sp.",205519,NA,"Reef edge","CF"
3114,"SB_7","MIS5e","Egypt","El Quseir","Sharm el Bahari","12/11/2019",25.866528,34.418111,18,"Galaxea","fascicularis",207366,NA,"Reef edge","CM"
3115,"SB_7","MIS5e","Egypt","El Quseir","Sharm el Bahari","12/11/2019",25.866528,34.418111,325,"Porites","sp.",206485,NA,"Reef edge","CS"
3116,"SB_7","MIS5e","Egypt","El Quseir","Sharm el Bahari","12/11/2019",25.866528,34.418111,15,"Millepora","sp.",205902,NA,"Reef edge","CME"
3117,"SB_7","MIS5e","Egypt","El Quseir","Sharm el Bahari","12/11/2019",25.866528,34.418111,11,NA,NA,NA,NA,"Reef edge",NA
3118,"SB_7","MIS5e","Egypt","El Quseir","Sharm el Bahari","12/11/2019",25.866528,34.418111,14,"Acropora","sp.",205469,NA,"Reef edge","ACD"
3119,"SB_7","MIS5e","Egypt","El Quseir","Sharm el Bahari","12/11/2019",25.866528,34.418111,24,"Millepora","sp.",205902,NA,"Reef edge","CME"
3120,"SB_7","MIS5e","Egypt","El Quseir","Sharm el Bahari","12/11/2019",25.866528,34.418111,6,"Porites","sp.",206485,NA,"Reef edge","CM"
3121,"SB_7","MIS5e","Egypt","El Quseir","Sharm el Bahari","12/11/2019",25.866528,34.418111,15,NA,NA,NA,NA,"Reef edge",NA
3122,"SB_7","MIS5e","Egypt","El Quseir","Sharm el Bahari","12/11/2019",25.866528,34.418111,12,"Acropora","sp.",205469,NA,"Reef edge","ACD"
3123,"SB_7","MIS5e","Egypt","El Quseir","Sharm el Bahari","12/11/2019",25.866528,34.418111,113,"Porites","sp.",206485,NA,"Reef edge","CS"
3124,"SB_7","MIS5e","Egypt","El Quseir","Sharm el Bahari","12/11/2019",25.866528,34.418111,140,"Echinopora","sp.",205519,NA,"Reef edge","CF"
3125,"SB_7","MIS5e","Egypt","El Quseir","Sharm el Bahari","12/11/2019",25.866528,34.418111,149,"Porites","sp.",206485,NA,"Reef edge","CS"
3126,"SB_7","MIS5e","Egypt","El Quseir","Sharm el Bahari","12/11/2019",25.866528,34.418111,38,"Millepora","sp.",205902,NA,"Reef edge","CME"
3127,"SB_7","MIS5e","Egypt","El Quseir","Sharm el Bahari","12/11/2019",25.866528,34.418111,23,"Acropora","sp.",205469,NA,"Reef edge","ACD"
3128,"SB_7","MIS5e","Egypt","El Quseir","Sharm el Bahari","12/11/2019",25.866528,34.418111,17,"Echinopora","sp.",205519,NA,"Reef edge","CF"
3129,"SB_7","MIS5e","Egypt","El Quseir","Sharm el Bahari","12/11/2019",25.866528,34.418111,16,NA,NA,NA,NA,"Reef edge",NA
3130,"SB_7","MIS5e","Egypt","El Quseir","Sharm el Bahari","12/11/2019",25.866528,34.418111,29,"Lobophyllia","hemprichii/corymbosa",207392,NA,"Reef edge","CD"
3131,"SB_7","MIS5e","Egypt","El Quseir","Sharm el Bahari","12/11/2019",25.866528,34.418111,10,NA,NA,NA,NA,"Reef edge",NA
3131,"SB_7","MIS5e","Egypt","El Quseir","Sharm el Bahari","12/11/2019",25.866528,34.418111,10,NA,NA,NA,NA,"Reef edge",NA
3132,"SB_7","MIS5e","Egypt","El Quseir","Sharm el Bahari","12/11/2019",25.866528,34.418111,20,"Millepora","sp.",205902,NA,"Reef edge","CME"
3133,"SB_7","MIS5e","Egypt","El Quseir","Sharm el Bahari","12/11/2019",25.866528,34.418111,7,NA,NA,NA,NA,"Reef edge",NA
3134,"SB_7","MIS5e","Egypt","El Quseir","Sharm el Bahari","12/11/2019",25.866528,34.418111,28,"Pocillopora","sp.",206938,NA,"Reef edge","CD"
3135,"SB_7","MIS5e","Egypt","El Quseir","Sharm el Bahari","12/11/2019",25.866528,34.418111,53,"Porites","sp.",206485,NA,"Reef edge","CS"
3136,"SB_7","MIS5e","Egypt","El Quseir","Sharm el Bahari","12/11/2019",25.866528,34.418111,50,"Platygyra","crosslandi",289203,NA,"Reef edge","CM"
3137,"SB_7","MIS5e","Egypt","El Quseir","Sharm el Bahari","12/11/2019",25.866528,34.418111,25,"Porites","sp.",206485,NA,"Reef edge","CM"
3138,"SB_7","MIS5e","Egypt","El Quseir","Sharm el Bahari","12/11/2019",25.866528,34.418111,55,NA,NA,NA,NA,"Reef edge",NA
3139,"SB_7","MIS5e","Egypt","El Quseir","Sharm el Bahari","12/11/2019",25.866528,34.418111,50,"Echinopora","sp.",205519,NA,"Reef edge","CM"
3140,"SB_7","MIS5e","Egypt","El Quseir","Sharm el Bahari","12/11/2019",25.866528,34.418111,6,NA,NA,NA,NA,"Reef edge",NA
3141,"SB_7","MIS5e","Egypt","El Quseir","Sharm el Bahari","12/11/2019",25.866528,34.418111,19,"Porites","sp.",206485,NA,"Reef edge","CM"
3142,"SB_7","MIS5e","Egypt","El Quseir","Sharm el Bahari","12/11/2019",25.866528,34.418111,25,"Millepora","sp.",205902,NA,"Reef edge","CME"
3143,"SB_7","MIS5e","Egypt","El Quseir","Sharm el Bahari","12/11/2019",25.866528,34.418111,20,"Porites","sp.",206485,NA,"Reef edge","CM"
3144,"SB_7","MIS5e","Egypt","El Quseir","Sharm el Bahari","12/11/2019",25.866528,34.418111,30,NA,NA,NA,NA,"Reef edge",NA
3145,"SB_7","MIS5e","Egypt","El Quseir","Sharm el Bahari","12/11/2019",25.866528,34.418111,25,"Millepora","sp.",205902,NA,"Reef edge","CME"
3146,"SB_7","MIS5e","Egypt","El Quseir","Sharm el Bahari","12/11/2019",25.866528,34.418111,41,"Goniastrea","stelligera",763067,NA,"Reef edge","CM"
3147,"SB_7","MIS5e","Egypt","El Quseir","Sharm el Bahari","12/11/2019",25.866528,34.418111,10,NA,NA,NA,NA,"Reef edge",NA
3147,"SB_7","MIS5e","Egypt","El Quseir","Sharm el Bahari","12/11/2019",25.866528,34.418111,10,NA,NA,NA,NA,"Reef edge",NA
3148,"SB_7","MIS5e","Egypt","El Quseir","Sharm el Bahari","12/11/2019",25.866528,34.418111,49,"Echinopora","sp.",205519,NA,"Reef edge","CM"
3149,"SB_7","MIS5e","Egypt","El Quseir","Sharm el Bahari","12/11/2019",25.866528,34.418111,18,NA,NA,NA,NA,"Reef edge",NA
3150,"SB_7","MIS5e","Egypt","El Quseir","Sharm el Bahari","12/11/2019",25.866528,34.418111,117,"Porites","sp.",206485,NA,"Reef edge","CS"
